[0.177s] DEBUG:colcon:Command line arguments: ['/usr/bin/colcon', 'build', '--packages-select', 'aruco_tracker', 'precision_land']
[0.178s] DEBUG:colcon:Parsed command line arguments: Namespace(log_base=None, log_level=None, verb_name='build', build_base='build', install_base='install', merge_install=False, symlink_install=False, test_result_base=None, continue_on_error=False, executor='parallel', parallel_workers=12, event_handlers=None, ignore_user_meta=False, metas=['./colcon.meta'], base_paths=['.'], packages_ignore=None, packages_ignore_regex=None, paths=None, packages_up_to=None, packages_up_to_regex=None, packages_above=None, packages_above_and_dependencies=None, packages_above_depth=None, packages_select_by_dep=None, packages_skip_by_dep=None, packages_skip_up_to=None, packages_select_build_failed=False, packages_skip_build_finished=False, packages_select_test_failures=False, packages_skip_test_passed=False, packages_select=['aruco_tracker', 'precision_land'], packages_skip=None, packages_select_regex=None, packages_skip_regex=None, packages_start=None, packages_end=None, allow_overriding=[], cmake_args=None, cmake_target=None, cmake_target_skip_unavailable=False, cmake_clean_cache=False, cmake_clean_first=False, cmake_force_configure=False, ament_cmake_args=None, catkin_cmake_args=None, catkin_skip_building_tests=False, mixin_files=None, mixin=None, verb_parser=<colcon_mixin.mixin.mixin_argument.MixinArgumentDecorator object at 0x79ee55c33370>, verb_extension=<colcon_core.verb.build.BuildVerb object at 0x79ee55c32d10>, main=<bound method BuildVerb.main of <colcon_core.verb.build.BuildVerb object at 0x79ee55c32d10>>, mixin_verb=('build',))
[0.446s] Level 1:colcon.colcon_core.package_discovery:discover_packages(colcon_meta) check parameters
[0.447s] Level 1:colcon.colcon_core.package_discovery:discover_packages(recursive) check parameters
[0.447s] Level 1:colcon.colcon_core.package_discovery:discover_packages(ignore) check parameters
[0.447s] Level 1:colcon.colcon_core.package_discovery:discover_packages(path) check parameters
[0.447s] Level 1:colcon.colcon_core.package_discovery:discover_packages(colcon_meta) discover
[0.447s] Level 1:colcon.colcon_core.package_discovery:discover_packages(recursive) discover
[0.447s] INFO:colcon.colcon_core.package_discovery:Crawling recursively for packages in '/home/jagdeesh/tracker'
[0.447s] Level 1:colcon.colcon_core.package_identification:_identify(.) by extensions ['ignore', 'ignore_ament_install']
[0.447s] Level 1:colcon.colcon_core.package_identification:_identify(.) by extension 'ignore'
[0.447s] Level 1:colcon.colcon_core.package_identification:_identify(.) by extension 'ignore_ament_install'
[0.447s] Level 1:colcon.colcon_core.package_identification:_identify(.) by extensions ['colcon_pkg']
[0.447s] Level 1:colcon.colcon_core.package_identification:_identify(.) by extension 'colcon_pkg'
[0.447s] Level 1:colcon.colcon_core.package_identification:_identify(.) by extensions ['colcon_meta']
[0.448s] Level 1:colcon.colcon_core.package_identification:_identify(.) by extension 'colcon_meta'
[0.448s] Level 1:colcon.colcon_core.package_identification:_identify(.) by extensions ['ros']
[0.448s] Level 1:colcon.colcon_core.package_identification:_identify(.) by extension 'ros'
[0.468s] Level 1:colcon.colcon_core.package_identification:_identify(.) by extensions ['cmake', 'python']
[0.468s] Level 1:colcon.colcon_core.package_identification:_identify(.) by extension 'cmake'
[0.468s] Level 1:colcon.colcon_core.package_identification:_identify(.) by extension 'python'
[0.468s] Level 1:colcon.colcon_core.package_identification:_identify(.) by extensions ['python_setup_py']
[0.468s] Level 1:colcon.colcon_core.package_identification:_identify(.) by extension 'python_setup_py'
[0.468s] Level 1:colcon.colcon_core.package_identification:_identify(build) by extensions ['ignore', 'ignore_ament_install']
[0.468s] Level 1:colcon.colcon_core.package_identification:_identify(build) by extension 'ignore'
[0.469s] Level 1:colcon.colcon_core.package_identification:_identify(build) ignored
[0.469s] Level 1:colcon.colcon_core.package_identification:_identify(fixed_src) by extensions ['ignore', 'ignore_ament_install']
[0.469s] Level 1:colcon.colcon_core.package_identification:_identify(fixed_src) by extension 'ignore'
[0.469s] Level 1:colcon.colcon_core.package_identification:_identify(fixed_src) by extension 'ignore_ament_install'
[0.469s] Level 1:colcon.colcon_core.package_identification:_identify(fixed_src) by extensions ['colcon_pkg']
[0.469s] Level 1:colcon.colcon_core.package_identification:_identify(fixed_src) by extension 'colcon_pkg'
[0.469s] Level 1:colcon.colcon_core.package_identification:_identify(fixed_src) by extensions ['colcon_meta']
[0.469s] Level 1:colcon.colcon_core.package_identification:_identify(fixed_src) by extension 'colcon_meta'
[0.469s] Level 1:colcon.colcon_core.package_identification:_identify(fixed_src) by extensions ['ros']
[0.469s] Level 1:colcon.colcon_core.package_identification:_identify(fixed_src) by extension 'ros'
[0.469s] Level 1:colcon.colcon_core.package_identification:_identify(fixed_src) by extensions ['cmake', 'python']
[0.469s] Level 1:colcon.colcon_core.package_identification:_identify(fixed_src) by extension 'cmake'
[0.470s] Level 1:colcon.colcon_core.package_identification:_identify(fixed_src) by extension 'python'
[0.470s] Level 1:colcon.colcon_core.package_identification:_identify(fixed_src) by extensions ['python_setup_py']
[0.470s] Level 1:colcon.colcon_core.package_identification:_identify(fixed_src) by extension 'python_setup_py'
[0.470s] Level 1:colcon.colcon_core.package_identification:_identify(fixed_src/aruco_tracker) by extensions ['ignore', 'ignore_ament_install']
[0.470s] Level 1:colcon.colcon_core.package_identification:_identify(fixed_src/aruco_tracker) by extension 'ignore'
[0.470s] Level 1:colcon.colcon_core.package_identification:_identify(fixed_src/aruco_tracker) by extension 'ignore_ament_install'
[0.470s] Level 1:colcon.colcon_core.package_identification:_identify(fixed_src/aruco_tracker) by extensions ['colcon_pkg']
[0.470s] Level 1:colcon.colcon_core.package_identification:_identify(fixed_src/aruco_tracker) by extension 'colcon_pkg'
[0.470s] Level 1:colcon.colcon_core.package_identification:_identify(fixed_src/aruco_tracker) by extensions ['colcon_meta']
[0.470s] Level 1:colcon.colcon_core.package_identification:_identify(fixed_src/aruco_tracker) by extension 'colcon_meta'
[0.470s] Level 1:colcon.colcon_core.package_identification:_identify(fixed_src/aruco_tracker) by extensions ['ros']
[0.470s] Level 1:colcon.colcon_core.package_identification:_identify(fixed_src/aruco_tracker) by extension 'ros'
[0.491s] DEBUG:colcon.colcon_core.package_identification:Package 'fixed_src/aruco_tracker' with type 'ros.ament_cmake' and name 'aruco_tracker'
[0.492s] Level 1:colcon.colcon_core.package_identification:_identify(fixed_src/precision_land) by extensions ['ignore', 'ignore_ament_install']
[0.492s] Level 1:colcon.colcon_core.package_identification:_identify(fixed_src/precision_land) by extension 'ignore'
[0.492s] Level 1:colcon.colcon_core.package_identification:_identify(fixed_src/precision_land) by extension 'ignore_ament_install'
[0.492s] Level 1:colcon.colcon_core.package_identification:_identify(fixed_src/precision_land) by extensions ['colcon_pkg']
[0.492s] Level 1:colcon.colcon_core.package_identification:_identify(fixed_src/precision_land) by extension 'colcon_pkg'
[0.492s] Level 1:colcon.colcon_core.package_identification:_identify(fixed_src/precision_land) by extensions ['colcon_meta']
[0.492s] Level 1:colcon.colcon_core.package_identification:_identify(fixed_src/precision_land) by extension 'colcon_meta'
[0.492s] Level 1:colcon.colcon_core.package_identification:_identify(fixed_src/precision_land) by extensions ['ros']
[0.493s] Level 1:colcon.colcon_core.package_identification:_identify(fixed_src/precision_land) by extension 'ros'
[0.494s] DEBUG:colcon.colcon_core.package_identification:Package 'fixed_src/precision_land' with type 'ros.ament_cmake' and name 'precision_land'
[0.494s] Level 1:colcon.colcon_core.package_identification:_identify(install) by extensions ['ignore', 'ignore_ament_install']
[0.495s] Level 1:colcon.colcon_core.package_identification:_identify(install) by extension 'ignore'
[0.495s] Level 1:colcon.colcon_core.package_identification:_identify(install) ignored
[0.495s] Level 1:colcon.colcon_core.package_identification:_identify(log) by extensions ['ignore', 'ignore_ament_install']
[0.495s] Level 1:colcon.colcon_core.package_identification:_identify(log) by extension 'ignore'
[0.495s] Level 1:colcon.colcon_core.package_identification:_identify(log) ignored
[0.495s] Level 1:colcon.colcon_core.package_identification:_identify(services) by extensions ['ignore', 'ignore_ament_install']
[0.495s] Level 1:colcon.colcon_core.package_identification:_identify(services) by extension 'ignore'
[0.495s] Level 1:colcon.colcon_core.package_identification:_identify(services) by extension 'ignore_ament_install'
[0.495s] Level 1:colcon.colcon_core.package_identification:_identify(services) by extensions ['colcon_pkg']
[0.495s] Level 1:colcon.colcon_core.package_identification:_identify(services) by extension 'colcon_pkg'
[0.495s] Level 1:colcon.colcon_core.package_identification:_identify(services) by extensions ['colcon_meta']
[0.495s] Level 1:colcon.colcon_core.package_identification:_identify(services) by extension 'colcon_meta'
[0.496s] Level 1:colcon.colcon_core.package_identification:_identify(services) by extensions ['ros']
[0.496s] Level 1:colcon.colcon_core.package_identification:_identify(services) by extension 'ros'
[0.496s] Level 1:colcon.colcon_core.package_identification:_identify(services) by extensions ['cmake', 'python']
[0.496s] Level 1:colcon.colcon_core.package_identification:_identify(services) by extension 'cmake'
[0.496s] Level 1:colcon.colcon_core.package_identification:_identify(services) by extension 'python'
[0.496s] Level 1:colcon.colcon_core.package_identification:_identify(services) by extensions ['python_setup_py']
[0.496s] Level 1:colcon.colcon_core.package_identification:_identify(services) by extension 'python_setup_py'
[0.496s] Level 1:colcon.colcon_core.package_identification:_identify(src) by extensions ['ignore', 'ignore_ament_install']
[0.496s] Level 1:colcon.colcon_core.package_identification:_identify(src) by extension 'ignore'
[0.496s] Level 1:colcon.colcon_core.package_identification:_identify(src) by extension 'ignore_ament_install'
[0.496s] Level 1:colcon.colcon_core.package_identification:_identify(src) by extensions ['colcon_pkg']
[0.496s] Level 1:colcon.colcon_core.package_identification:_identify(src) by extension 'colcon_pkg'
[0.496s] Level 1:colcon.colcon_core.package_identification:_identify(src) by extensions ['colcon_meta']
[0.496s] Level 1:colcon.colcon_core.package_identification:_identify(src) by extension 'colcon_meta'
[0.496s] Level 1:colcon.colcon_core.package_identification:_identify(src) by extensions ['ros']
[0.496s] Level 1:colcon.colcon_core.package_identification:_identify(src) by extension 'ros'
[0.497s] Level 1:colcon.colcon_core.package_identification:_identify(src) by extensions ['cmake', 'python']
[0.497s] Level 1:colcon.colcon_core.package_identification:_identify(src) by extension 'cmake'
[0.497s] Level 1:colcon.colcon_core.package_identification:_identify(src) by extension 'python'
[0.497s] Level 1:colcon.colcon_core.package_identification:_identify(src) by extensions ['python_setup_py']
[0.497s] Level 1:colcon.colcon_core.package_identification:_identify(src) by extension 'python_setup_py'
[0.497s] Level 1:colcon.colcon_core.package_identification:_identify(src/px4-ros2-interface-lib) by extensions ['ignore', 'ignore_ament_install']
[0.497s] Level 1:colcon.colcon_core.package_identification:_identify(src/px4-ros2-interface-lib) by extension 'ignore'
[0.497s] Level 1:colcon.colcon_core.package_identification:_identify(src/px4-ros2-interface-lib) by extension 'ignore_ament_install'
[0.497s] Level 1:colcon.colcon_core.package_identification:_identify(src/px4-ros2-interface-lib) by extensions ['colcon_pkg']
[0.497s] Level 1:colcon.colcon_core.package_identification:_identify(src/px4-ros2-interface-lib) by extension 'colcon_pkg'
[0.497s] Level 1:colcon.colcon_core.package_identification:_identify(src/px4-ros2-interface-lib) by extensions ['colcon_meta']
[0.497s] Level 1:colcon.colcon_core.package_identification:_identify(src/px4-ros2-interface-lib) by extension 'colcon_meta'
[0.497s] Level 1:colcon.colcon_core.package_identification:_identify(src/px4-ros2-interface-lib) by extensions ['ros']
[0.497s] Level 1:colcon.colcon_core.package_identification:_identify(src/px4-ros2-interface-lib) by extension 'ros'
[0.498s] Level 1:colcon.colcon_core.package_identification:_identify(src/px4-ros2-interface-lib) by extensions ['cmake', 'python']
[0.498s] Level 1:colcon.colcon_core.package_identification:_identify(src/px4-ros2-interface-lib) by extension 'cmake'
[0.498s] Level 1:colcon.colcon_core.package_identification:_identify(src/px4-ros2-interface-lib) by extension 'python'
[0.498s] Level 1:colcon.colcon_core.package_identification:_identify(src/px4-ros2-interface-lib) by extensions ['python_setup_py']
[0.498s] Level 1:colcon.colcon_core.package_identification:_identify(src/px4-ros2-interface-lib) by extension 'python_setup_py'
[0.498s] Level 1:colcon.colcon_core.package_identification:_identify(src/px4-ros2-interface-lib/examples) by extensions ['ignore', 'ignore_ament_install']
[0.498s] Level 1:colcon.colcon_core.package_identification:_identify(src/px4-ros2-interface-lib/examples) by extension 'ignore'
[0.498s] Level 1:colcon.colcon_core.package_identification:_identify(src/px4-ros2-interface-lib/examples) by extension 'ignore_ament_install'
[0.498s] Level 1:colcon.colcon_core.package_identification:_identify(src/px4-ros2-interface-lib/examples) by extensions ['colcon_pkg']
[0.498s] Level 1:colcon.colcon_core.package_identification:_identify(src/px4-ros2-interface-lib/examples) by extension 'colcon_pkg'
[0.498s] Level 1:colcon.colcon_core.package_identification:_identify(src/px4-ros2-interface-lib/examples) by extensions ['colcon_meta']
[0.498s] Level 1:colcon.colcon_core.package_identification:_identify(src/px4-ros2-interface-lib/examples) by extension 'colcon_meta'
[0.498s] Level 1:colcon.colcon_core.package_identification:_identify(src/px4-ros2-interface-lib/examples) by extensions ['ros']
[0.498s] Level 1:colcon.colcon_core.package_identification:_identify(src/px4-ros2-interface-lib/examples) by extension 'ros'
[0.498s] Level 1:colcon.colcon_core.package_identification:_identify(src/px4-ros2-interface-lib/examples) by extensions ['cmake', 'python']
[0.498s] Level 1:colcon.colcon_core.package_identification:_identify(src/px4-ros2-interface-lib/examples) by extension 'cmake'
[0.499s] Level 1:colcon.colcon_core.package_identification:_identify(src/px4-ros2-interface-lib/examples) by extension 'python'
[0.499s] Level 1:colcon.colcon_core.package_identification:_identify(src/px4-ros2-interface-lib/examples) by extensions ['python_setup_py']
[0.499s] Level 1:colcon.colcon_core.package_identification:_identify(src/px4-ros2-interface-lib/examples) by extension 'python_setup_py'
[0.499s] Level 1:colcon.colcon_core.package_identification:_identify(src/px4-ros2-interface-lib/examples/cpp) by extensions ['ignore', 'ignore_ament_install']
[0.499s] Level 1:colcon.colcon_core.package_identification:_identify(src/px4-ros2-interface-lib/examples/cpp) by extension 'ignore'
[0.499s] Level 1:colcon.colcon_core.package_identification:_identify(src/px4-ros2-interface-lib/examples/cpp) by extension 'ignore_ament_install'
[0.499s] Level 1:colcon.colcon_core.package_identification:_identify(src/px4-ros2-interface-lib/examples/cpp) by extensions ['colcon_pkg']
[0.499s] Level 1:colcon.colcon_core.package_identification:_identify(src/px4-ros2-interface-lib/examples/cpp) by extension 'colcon_pkg'
[0.499s] Level 1:colcon.colcon_core.package_identification:_identify(src/px4-ros2-interface-lib/examples/cpp) by extensions ['colcon_meta']
[0.499s] Level 1:colcon.colcon_core.package_identification:_identify(src/px4-ros2-interface-lib/examples/cpp) by extension 'colcon_meta'
[0.499s] Level 1:colcon.colcon_core.package_identification:_identify(src/px4-ros2-interface-lib/examples/cpp) by extensions ['ros']
[0.499s] Level 1:colcon.colcon_core.package_identification:_identify(src/px4-ros2-interface-lib/examples/cpp) by extension 'ros'
[0.499s] Level 1:colcon.colcon_core.package_identification:_identify(src/px4-ros2-interface-lib/examples/cpp) by extensions ['cmake', 'python']
[0.499s] Level 1:colcon.colcon_core.package_identification:_identify(src/px4-ros2-interface-lib/examples/cpp) by extension 'cmake'
[0.499s] Level 1:colcon.colcon_core.package_identification:_identify(src/px4-ros2-interface-lib/examples/cpp) by extension 'python'
[0.499s] Level 1:colcon.colcon_core.package_identification:_identify(src/px4-ros2-interface-lib/examples/cpp) by extensions ['python_setup_py']
[0.499s] Level 1:colcon.colcon_core.package_identification:_identify(src/px4-ros2-interface-lib/examples/cpp) by extension 'python_setup_py'
[0.500s] Level 1:colcon.colcon_core.package_identification:_identify(src/px4-ros2-interface-lib/examples/cpp/modes) by extensions ['ignore', 'ignore_ament_install']
[0.500s] Level 1:colcon.colcon_core.package_identification:_identify(src/px4-ros2-interface-lib/examples/cpp/modes) by extension 'ignore'
[0.500s] Level 1:colcon.colcon_core.package_identification:_identify(src/px4-ros2-interface-lib/examples/cpp/modes) by extension 'ignore_ament_install'
[0.500s] Level 1:colcon.colcon_core.package_identification:_identify(src/px4-ros2-interface-lib/examples/cpp/modes) by extensions ['colcon_pkg']
[0.500s] Level 1:colcon.colcon_core.package_identification:_identify(src/px4-ros2-interface-lib/examples/cpp/modes) by extension 'colcon_pkg'
[0.500s] Level 1:colcon.colcon_core.package_identification:_identify(src/px4-ros2-interface-lib/examples/cpp/modes) by extensions ['colcon_meta']
[0.500s] Level 1:colcon.colcon_core.package_identification:_identify(src/px4-ros2-interface-lib/examples/cpp/modes) by extension 'colcon_meta'
[0.500s] Level 1:colcon.colcon_core.package_identification:_identify(src/px4-ros2-interface-lib/examples/cpp/modes) by extensions ['ros']
[0.500s] Level 1:colcon.colcon_core.package_identification:_identify(src/px4-ros2-interface-lib/examples/cpp/modes) by extension 'ros'
[0.500s] Level 1:colcon.colcon_core.package_identification:_identify(src/px4-ros2-interface-lib/examples/cpp/modes) by extensions ['cmake', 'python']
[0.500s] Level 1:colcon.colcon_core.package_identification:_identify(src/px4-ros2-interface-lib/examples/cpp/modes) by extension 'cmake'
[0.500s] Level 1:colcon.colcon_core.package_identification:_identify(src/px4-ros2-interface-lib/examples/cpp/modes) by extension 'python'
[0.500s] Level 1:colcon.colcon_core.package_identification:_identify(src/px4-ros2-interface-lib/examples/cpp/modes) by extensions ['python_setup_py']
[0.500s] Level 1:colcon.colcon_core.package_identification:_identify(src/px4-ros2-interface-lib/examples/cpp/modes) by extension 'python_setup_py'
[0.500s] Level 1:colcon.colcon_core.package_identification:_identify(src/px4-ros2-interface-lib/examples/cpp/modes/executor_with_multiple_modes) by extensions ['ignore', 'ignore_ament_install']
[0.501s] Level 1:colcon.colcon_core.package_identification:_identify(src/px4-ros2-interface-lib/examples/cpp/modes/executor_with_multiple_modes) by extension 'ignore'
[0.501s] Level 1:colcon.colcon_core.package_identification:_identify(src/px4-ros2-interface-lib/examples/cpp/modes/executor_with_multiple_modes) by extension 'ignore_ament_install'
[0.501s] Level 1:colcon.colcon_core.package_identification:_identify(src/px4-ros2-interface-lib/examples/cpp/modes/executor_with_multiple_modes) by extensions ['colcon_pkg']
[0.501s] Level 1:colcon.colcon_core.package_identification:_identify(src/px4-ros2-interface-lib/examples/cpp/modes/executor_with_multiple_modes) by extension 'colcon_pkg'
[0.501s] Level 1:colcon.colcon_core.package_identification:_identify(src/px4-ros2-interface-lib/examples/cpp/modes/executor_with_multiple_modes) by extensions ['colcon_meta']
[0.501s] Level 1:colcon.colcon_core.package_identification:_identify(src/px4-ros2-interface-lib/examples/cpp/modes/executor_with_multiple_modes) by extension 'colcon_meta'
[0.501s] Level 1:colcon.colcon_core.package_identification:_identify(src/px4-ros2-interface-lib/examples/cpp/modes/executor_with_multiple_modes) by extensions ['ros']
[0.501s] Level 1:colcon.colcon_core.package_identification:_identify(src/px4-ros2-interface-lib/examples/cpp/modes/executor_with_multiple_modes) by extension 'ros'
[0.502s] DEBUG:colcon.colcon_core.package_identification:Package 'src/px4-ros2-interface-lib/examples/cpp/modes/executor_with_multiple_modes' with type 'ros.ament_cmake' and name 'example_executor_with_multiple_modes_cpp'
[0.503s] Level 1:colcon.colcon_core.package_identification:_identify(src/px4-ros2-interface-lib/examples/cpp/modes/fw_attitude) by extensions ['ignore', 'ignore_ament_install']
[0.503s] Level 1:colcon.colcon_core.package_identification:_identify(src/px4-ros2-interface-lib/examples/cpp/modes/fw_attitude) by extension 'ignore'
[0.503s] Level 1:colcon.colcon_core.package_identification:_identify(src/px4-ros2-interface-lib/examples/cpp/modes/fw_attitude) by extension 'ignore_ament_install'
[0.503s] Level 1:colcon.colcon_core.package_identification:_identify(src/px4-ros2-interface-lib/examples/cpp/modes/fw_attitude) by extensions ['colcon_pkg']
[0.503s] Level 1:colcon.colcon_core.package_identification:_identify(src/px4-ros2-interface-lib/examples/cpp/modes/fw_attitude) by extension 'colcon_pkg'
[0.503s] Level 1:colcon.colcon_core.package_identification:_identify(src/px4-ros2-interface-lib/examples/cpp/modes/fw_attitude) by extensions ['colcon_meta']
[0.503s] Level 1:colcon.colcon_core.package_identification:_identify(src/px4-ros2-interface-lib/examples/cpp/modes/fw_attitude) by extension 'colcon_meta'
[0.503s] Level 1:colcon.colcon_core.package_identification:_identify(src/px4-ros2-interface-lib/examples/cpp/modes/fw_attitude) by extensions ['ros']
[0.503s] Level 1:colcon.colcon_core.package_identification:_identify(src/px4-ros2-interface-lib/examples/cpp/modes/fw_attitude) by extension 'ros'
[0.504s] DEBUG:colcon.colcon_core.package_identification:Package 'src/px4-ros2-interface-lib/examples/cpp/modes/fw_attitude' with type 'ros.ament_cmake' and name 'example_mode_fw_attitude_cpp'
[0.504s] Level 1:colcon.colcon_core.package_identification:_identify(src/px4-ros2-interface-lib/examples/cpp/modes/goto) by extensions ['ignore', 'ignore_ament_install']
[0.504s] Level 1:colcon.colcon_core.package_identification:_identify(src/px4-ros2-interface-lib/examples/cpp/modes/goto) by extension 'ignore'
[0.505s] Level 1:colcon.colcon_core.package_identification:_identify(src/px4-ros2-interface-lib/examples/cpp/modes/goto) by extension 'ignore_ament_install'
[0.505s] Level 1:colcon.colcon_core.package_identification:_identify(src/px4-ros2-interface-lib/examples/cpp/modes/goto) by extensions ['colcon_pkg']
[0.505s] Level 1:colcon.colcon_core.package_identification:_identify(src/px4-ros2-interface-lib/examples/cpp/modes/goto) by extension 'colcon_pkg'
[0.505s] Level 1:colcon.colcon_core.package_identification:_identify(src/px4-ros2-interface-lib/examples/cpp/modes/goto) by extensions ['colcon_meta']
[0.505s] Level 1:colcon.colcon_core.package_identification:_identify(src/px4-ros2-interface-lib/examples/cpp/modes/goto) by extension 'colcon_meta'
[0.505s] Level 1:colcon.colcon_core.package_identification:_identify(src/px4-ros2-interface-lib/examples/cpp/modes/goto) by extensions ['ros']
[0.505s] Level 1:colcon.colcon_core.package_identification:_identify(src/px4-ros2-interface-lib/examples/cpp/modes/goto) by extension 'ros'
[0.506s] DEBUG:colcon.colcon_core.package_identification:Package 'src/px4-ros2-interface-lib/examples/cpp/modes/goto' with type 'ros.ament_cmake' and name 'example_mode_goto_cpp'
[0.506s] Level 1:colcon.colcon_core.package_identification:_identify(src/px4-ros2-interface-lib/examples/cpp/modes/goto_global) by extensions ['ignore', 'ignore_ament_install']
[0.506s] Level 1:colcon.colcon_core.package_identification:_identify(src/px4-ros2-interface-lib/examples/cpp/modes/goto_global) by extension 'ignore'
[0.506s] Level 1:colcon.colcon_core.package_identification:_identify(src/px4-ros2-interface-lib/examples/cpp/modes/goto_global) by extension 'ignore_ament_install'
[0.506s] Level 1:colcon.colcon_core.package_identification:_identify(src/px4-ros2-interface-lib/examples/cpp/modes/goto_global) by extensions ['colcon_pkg']
[0.507s] Level 1:colcon.colcon_core.package_identification:_identify(src/px4-ros2-interface-lib/examples/cpp/modes/goto_global) by extension 'colcon_pkg'
[0.507s] Level 1:colcon.colcon_core.package_identification:_identify(src/px4-ros2-interface-lib/examples/cpp/modes/goto_global) by extensions ['colcon_meta']
[0.507s] Level 1:colcon.colcon_core.package_identification:_identify(src/px4-ros2-interface-lib/examples/cpp/modes/goto_global) by extension 'colcon_meta'
[0.507s] Level 1:colcon.colcon_core.package_identification:_identify(src/px4-ros2-interface-lib/examples/cpp/modes/goto_global) by extensions ['ros']
[0.507s] Level 1:colcon.colcon_core.package_identification:_identify(src/px4-ros2-interface-lib/examples/cpp/modes/goto_global) by extension 'ros'
[0.508s] DEBUG:colcon.colcon_core.package_identification:Package 'src/px4-ros2-interface-lib/examples/cpp/modes/goto_global' with type 'ros.ament_cmake' and name 'example_mode_goto_global_cpp'
[0.508s] Level 1:colcon.colcon_core.package_identification:_identify(src/px4-ros2-interface-lib/examples/cpp/modes/manual) by extensions ['ignore', 'ignore_ament_install']
[0.508s] Level 1:colcon.colcon_core.package_identification:_identify(src/px4-ros2-interface-lib/examples/cpp/modes/manual) by extension 'ignore'
[0.508s] Level 1:colcon.colcon_core.package_identification:_identify(src/px4-ros2-interface-lib/examples/cpp/modes/manual) by extension 'ignore_ament_install'
[0.508s] Level 1:colcon.colcon_core.package_identification:_identify(src/px4-ros2-interface-lib/examples/cpp/modes/manual) by extensions ['colcon_pkg']
[0.508s] Level 1:colcon.colcon_core.package_identification:_identify(src/px4-ros2-interface-lib/examples/cpp/modes/manual) by extension 'colcon_pkg'
[0.508s] Level 1:colcon.colcon_core.package_identification:_identify(src/px4-ros2-interface-lib/examples/cpp/modes/manual) by extensions ['colcon_meta']
[0.508s] Level 1:colcon.colcon_core.package_identification:_identify(src/px4-ros2-interface-lib/examples/cpp/modes/manual) by extension 'colcon_meta'
[0.508s] Level 1:colcon.colcon_core.package_identification:_identify(src/px4-ros2-interface-lib/examples/cpp/modes/manual) by extensions ['ros']
[0.508s] Level 1:colcon.colcon_core.package_identification:_identify(src/px4-ros2-interface-lib/examples/cpp/modes/manual) by extension 'ros'
[0.509s] DEBUG:colcon.colcon_core.package_identification:Package 'src/px4-ros2-interface-lib/examples/cpp/modes/manual' with type 'ros.ament_cmake' and name 'example_mode_manual_cpp'
[0.510s] Level 1:colcon.colcon_core.package_identification:_identify(src/px4-ros2-interface-lib/examples/cpp/modes/mission) by extensions ['ignore', 'ignore_ament_install']
[0.510s] Level 1:colcon.colcon_core.package_identification:_identify(src/px4-ros2-interface-lib/examples/cpp/modes/mission) by extension 'ignore'
[0.510s] Level 1:colcon.colcon_core.package_identification:_identify(src/px4-ros2-interface-lib/examples/cpp/modes/mission) by extension 'ignore_ament_install'
[0.510s] Level 1:colcon.colcon_core.package_identification:_identify(src/px4-ros2-interface-lib/examples/cpp/modes/mission) by extensions ['colcon_pkg']
[0.510s] Level 1:colcon.colcon_core.package_identification:_identify(src/px4-ros2-interface-lib/examples/cpp/modes/mission) by extension 'colcon_pkg'
[0.510s] Level 1:colcon.colcon_core.package_identification:_identify(src/px4-ros2-interface-lib/examples/cpp/modes/mission) by extensions ['colcon_meta']
[0.510s] Level 1:colcon.colcon_core.package_identification:_identify(src/px4-ros2-interface-lib/examples/cpp/modes/mission) by extension 'colcon_meta'
[0.510s] Level 1:colcon.colcon_core.package_identification:_identify(src/px4-ros2-interface-lib/examples/cpp/modes/mission) by extensions ['ros']
[0.510s] Level 1:colcon.colcon_core.package_identification:_identify(src/px4-ros2-interface-lib/examples/cpp/modes/mission) by extension 'ros'
[0.511s] DEBUG:colcon.colcon_core.package_identification:Package 'src/px4-ros2-interface-lib/examples/cpp/modes/mission' with type 'ros.ament_cmake' and name 'example_mode_mission_cpp'
[0.511s] Level 1:colcon.colcon_core.package_identification:_identify(src/px4-ros2-interface-lib/examples/cpp/modes/mode_with_executor) by extensions ['ignore', 'ignore_ament_install']
[0.512s] Level 1:colcon.colcon_core.package_identification:_identify(src/px4-ros2-interface-lib/examples/cpp/modes/mode_with_executor) by extension 'ignore'
[0.512s] Level 1:colcon.colcon_core.package_identification:_identify(src/px4-ros2-interface-lib/examples/cpp/modes/mode_with_executor) by extension 'ignore_ament_install'
[0.512s] Level 1:colcon.colcon_core.package_identification:_identify(src/px4-ros2-interface-lib/examples/cpp/modes/mode_with_executor) by extensions ['colcon_pkg']
[0.512s] Level 1:colcon.colcon_core.package_identification:_identify(src/px4-ros2-interface-lib/examples/cpp/modes/mode_with_executor) by extension 'colcon_pkg'
[0.512s] Level 1:colcon.colcon_core.package_identification:_identify(src/px4-ros2-interface-lib/examples/cpp/modes/mode_with_executor) by extensions ['colcon_meta']
[0.512s] Level 1:colcon.colcon_core.package_identification:_identify(src/px4-ros2-interface-lib/examples/cpp/modes/mode_with_executor) by extension 'colcon_meta'
[0.512s] Level 1:colcon.colcon_core.package_identification:_identify(src/px4-ros2-interface-lib/examples/cpp/modes/mode_with_executor) by extensions ['ros']
[0.512s] Level 1:colcon.colcon_core.package_identification:_identify(src/px4-ros2-interface-lib/examples/cpp/modes/mode_with_executor) by extension 'ros'
[0.513s] DEBUG:colcon.colcon_core.package_identification:Package 'src/px4-ros2-interface-lib/examples/cpp/modes/mode_with_executor' with type 'ros.ament_cmake' and name 'example_mode_with_executor_cpp'
[0.513s] Level 1:colcon.colcon_core.package_identification:_identify(src/px4-ros2-interface-lib/examples/cpp/modes/rover_velocity) by extensions ['ignore', 'ignore_ament_install']
[0.514s] Level 1:colcon.colcon_core.package_identification:_identify(src/px4-ros2-interface-lib/examples/cpp/modes/rover_velocity) by extension 'ignore'
[0.514s] Level 1:colcon.colcon_core.package_identification:_identify(src/px4-ros2-interface-lib/examples/cpp/modes/rover_velocity) by extension 'ignore_ament_install'
[0.514s] Level 1:colcon.colcon_core.package_identification:_identify(src/px4-ros2-interface-lib/examples/cpp/modes/rover_velocity) by extensions ['colcon_pkg']
[0.514s] Level 1:colcon.colcon_core.package_identification:_identify(src/px4-ros2-interface-lib/examples/cpp/modes/rover_velocity) by extension 'colcon_pkg'
[0.514s] Level 1:colcon.colcon_core.package_identification:_identify(src/px4-ros2-interface-lib/examples/cpp/modes/rover_velocity) by extensions ['colcon_meta']
[0.514s] Level 1:colcon.colcon_core.package_identification:_identify(src/px4-ros2-interface-lib/examples/cpp/modes/rover_velocity) by extension 'colcon_meta'
[0.514s] Level 1:colcon.colcon_core.package_identification:_identify(src/px4-ros2-interface-lib/examples/cpp/modes/rover_velocity) by extensions ['ros']
[0.514s] Level 1:colcon.colcon_core.package_identification:_identify(src/px4-ros2-interface-lib/examples/cpp/modes/rover_velocity) by extension 'ros'
[0.515s] DEBUG:colcon.colcon_core.package_identification:Package 'src/px4-ros2-interface-lib/examples/cpp/modes/rover_velocity' with type 'ros.ament_cmake' and name 'example_rover_velocity_mode_cpp'
[0.515s] Level 1:colcon.colcon_core.package_identification:_identify(src/px4-ros2-interface-lib/examples/cpp/modes/rtl_replacement) by extensions ['ignore', 'ignore_ament_install']
[0.515s] Level 1:colcon.colcon_core.package_identification:_identify(src/px4-ros2-interface-lib/examples/cpp/modes/rtl_replacement) by extension 'ignore'
[0.515s] Level 1:colcon.colcon_core.package_identification:_identify(src/px4-ros2-interface-lib/examples/cpp/modes/rtl_replacement) by extension 'ignore_ament_install'
[0.515s] Level 1:colcon.colcon_core.package_identification:_identify(src/px4-ros2-interface-lib/examples/cpp/modes/rtl_replacement) by extensions ['colcon_pkg']
[0.515s] Level 1:colcon.colcon_core.package_identification:_identify(src/px4-ros2-interface-lib/examples/cpp/modes/rtl_replacement) by extension 'colcon_pkg'
[0.515s] Level 1:colcon.colcon_core.package_identification:_identify(src/px4-ros2-interface-lib/examples/cpp/modes/rtl_replacement) by extensions ['colcon_meta']
[0.516s] Level 1:colcon.colcon_core.package_identification:_identify(src/px4-ros2-interface-lib/examples/cpp/modes/rtl_replacement) by extension 'colcon_meta'
[0.516s] Level 1:colcon.colcon_core.package_identification:_identify(src/px4-ros2-interface-lib/examples/cpp/modes/rtl_replacement) by extensions ['ros']
[0.516s] Level 1:colcon.colcon_core.package_identification:_identify(src/px4-ros2-interface-lib/examples/cpp/modes/rtl_replacement) by extension 'ros'
[0.517s] DEBUG:colcon.colcon_core.package_identification:Package 'src/px4-ros2-interface-lib/examples/cpp/modes/rtl_replacement' with type 'ros.ament_cmake' and name 'example_mode_rtl_replacement_cpp'
[0.517s] Level 1:colcon.colcon_core.package_identification:_identify(src/px4-ros2-interface-lib/examples/cpp/modes/vtol) by extensions ['ignore', 'ignore_ament_install']
[0.517s] Level 1:colcon.colcon_core.package_identification:_identify(src/px4-ros2-interface-lib/examples/cpp/modes/vtol) by extension 'ignore'
[0.517s] Level 1:colcon.colcon_core.package_identification:_identify(src/px4-ros2-interface-lib/examples/cpp/modes/vtol) by extension 'ignore_ament_install'
[0.517s] Level 1:colcon.colcon_core.package_identification:_identify(src/px4-ros2-interface-lib/examples/cpp/modes/vtol) by extensions ['colcon_pkg']
[0.517s] Level 1:colcon.colcon_core.package_identification:_identify(src/px4-ros2-interface-lib/examples/cpp/modes/vtol) by extension 'colcon_pkg'
[0.517s] Level 1:colcon.colcon_core.package_identification:_identify(src/px4-ros2-interface-lib/examples/cpp/modes/vtol) by extensions ['colcon_meta']
[0.517s] Level 1:colcon.colcon_core.package_identification:_identify(src/px4-ros2-interface-lib/examples/cpp/modes/vtol) by extension 'colcon_meta'
[0.517s] Level 1:colcon.colcon_core.package_identification:_identify(src/px4-ros2-interface-lib/examples/cpp/modes/vtol) by extensions ['ros']
[0.518s] Level 1:colcon.colcon_core.package_identification:_identify(src/px4-ros2-interface-lib/examples/cpp/modes/vtol) by extension 'ros'
[0.519s] DEBUG:colcon.colcon_core.package_identification:Package 'src/px4-ros2-interface-lib/examples/cpp/modes/vtol' with type 'ros.ament_cmake' and name 'example_mode_vtol_cpp'
[0.519s] Level 1:colcon.colcon_core.package_identification:_identify(src/px4-ros2-interface-lib/examples/cpp/navigation) by extensions ['ignore', 'ignore_ament_install']
[0.519s] Level 1:colcon.colcon_core.package_identification:_identify(src/px4-ros2-interface-lib/examples/cpp/navigation) by extension 'ignore'
[0.519s] Level 1:colcon.colcon_core.package_identification:_identify(src/px4-ros2-interface-lib/examples/cpp/navigation) by extension 'ignore_ament_install'
[0.519s] Level 1:colcon.colcon_core.package_identification:_identify(src/px4-ros2-interface-lib/examples/cpp/navigation) by extensions ['colcon_pkg']
[0.519s] Level 1:colcon.colcon_core.package_identification:_identify(src/px4-ros2-interface-lib/examples/cpp/navigation) by extension 'colcon_pkg'
[0.519s] Level 1:colcon.colcon_core.package_identification:_identify(src/px4-ros2-interface-lib/examples/cpp/navigation) by extensions ['colcon_meta']
[0.519s] Level 1:colcon.colcon_core.package_identification:_identify(src/px4-ros2-interface-lib/examples/cpp/navigation) by extension 'colcon_meta'
[0.519s] Level 1:colcon.colcon_core.package_identification:_identify(src/px4-ros2-interface-lib/examples/cpp/navigation) by extensions ['ros']
[0.519s] Level 1:colcon.colcon_core.package_identification:_identify(src/px4-ros2-interface-lib/examples/cpp/navigation) by extension 'ros'
[0.519s] Level 1:colcon.colcon_core.package_identification:_identify(src/px4-ros2-interface-lib/examples/cpp/navigation) by extensions ['cmake', 'python']
[0.519s] Level 1:colcon.colcon_core.package_identification:_identify(src/px4-ros2-interface-lib/examples/cpp/navigation) by extension 'cmake'
[0.519s] Level 1:colcon.colcon_core.package_identification:_identify(src/px4-ros2-interface-lib/examples/cpp/navigation) by extension 'python'
[0.520s] Level 1:colcon.colcon_core.package_identification:_identify(src/px4-ros2-interface-lib/examples/cpp/navigation) by extensions ['python_setup_py']
[0.520s] Level 1:colcon.colcon_core.package_identification:_identify(src/px4-ros2-interface-lib/examples/cpp/navigation) by extension 'python_setup_py'
[0.520s] Level 1:colcon.colcon_core.package_identification:_identify(src/px4-ros2-interface-lib/examples/cpp/navigation/global_navigation) by extensions ['ignore', 'ignore_ament_install']
[0.520s] Level 1:colcon.colcon_core.package_identification:_identify(src/px4-ros2-interface-lib/examples/cpp/navigation/global_navigation) by extension 'ignore'
[0.520s] Level 1:colcon.colcon_core.package_identification:_identify(src/px4-ros2-interface-lib/examples/cpp/navigation/global_navigation) by extension 'ignore_ament_install'
[0.520s] Level 1:colcon.colcon_core.package_identification:_identify(src/px4-ros2-interface-lib/examples/cpp/navigation/global_navigation) by extensions ['colcon_pkg']
[0.520s] Level 1:colcon.colcon_core.package_identification:_identify(src/px4-ros2-interface-lib/examples/cpp/navigation/global_navigation) by extension 'colcon_pkg'
[0.520s] Level 1:colcon.colcon_core.package_identification:_identify(src/px4-ros2-interface-lib/examples/cpp/navigation/global_navigation) by extensions ['colcon_meta']
[0.520s] Level 1:colcon.colcon_core.package_identification:_identify(src/px4-ros2-interface-lib/examples/cpp/navigation/global_navigation) by extension 'colcon_meta'
[0.520s] Level 1:colcon.colcon_core.package_identification:_identify(src/px4-ros2-interface-lib/examples/cpp/navigation/global_navigation) by extensions ['ros']
[0.520s] Level 1:colcon.colcon_core.package_identification:_identify(src/px4-ros2-interface-lib/examples/cpp/navigation/global_navigation) by extension 'ros'
[0.522s] DEBUG:colcon.colcon_core.package_identification:Package 'src/px4-ros2-interface-lib/examples/cpp/navigation/global_navigation' with type 'ros.ament_cmake' and name 'example_global_navigation_cpp'
[0.522s] Level 1:colcon.colcon_core.package_identification:_identify(src/px4-ros2-interface-lib/examples/cpp/navigation/local_navigation) by extensions ['ignore', 'ignore_ament_install']
[0.523s] Level 1:colcon.colcon_core.package_identification:_identify(src/px4-ros2-interface-lib/examples/cpp/navigation/local_navigation) by extension 'ignore'
[0.523s] Level 1:colcon.colcon_core.package_identification:_identify(src/px4-ros2-interface-lib/examples/cpp/navigation/local_navigation) by extension 'ignore_ament_install'
[0.523s] Level 1:colcon.colcon_core.package_identification:_identify(src/px4-ros2-interface-lib/examples/cpp/navigation/local_navigation) by extensions ['colcon_pkg']
[0.523s] Level 1:colcon.colcon_core.package_identification:_identify(src/px4-ros2-interface-lib/examples/cpp/navigation/local_navigation) by extension 'colcon_pkg'
[0.523s] Level 1:colcon.colcon_core.package_identification:_identify(src/px4-ros2-interface-lib/examples/cpp/navigation/local_navigation) by extensions ['colcon_meta']
[0.523s] Level 1:colcon.colcon_core.package_identification:_identify(src/px4-ros2-interface-lib/examples/cpp/navigation/local_navigation) by extension 'colcon_meta'
[0.523s] Level 1:colcon.colcon_core.package_identification:_identify(src/px4-ros2-interface-lib/examples/cpp/navigation/local_navigation) by extensions ['ros']
[0.523s] Level 1:colcon.colcon_core.package_identification:_identify(src/px4-ros2-interface-lib/examples/cpp/navigation/local_navigation) by extension 'ros'
[0.525s] DEBUG:colcon.colcon_core.package_identification:Package 'src/px4-ros2-interface-lib/examples/cpp/navigation/local_navigation' with type 'ros.ament_cmake' and name 'example_local_navigation_cpp'
[0.525s] Level 1:colcon.colcon_core.package_identification:_identify(src/px4-ros2-interface-lib/mission) by extensions ['ignore', 'ignore_ament_install']
[0.525s] Level 1:colcon.colcon_core.package_identification:_identify(src/px4-ros2-interface-lib/mission) by extension 'ignore'
[0.525s] Level 1:colcon.colcon_core.package_identification:_identify(src/px4-ros2-interface-lib/mission) by extension 'ignore_ament_install'
[0.525s] Level 1:colcon.colcon_core.package_identification:_identify(src/px4-ros2-interface-lib/mission) by extensions ['colcon_pkg']
[0.525s] Level 1:colcon.colcon_core.package_identification:_identify(src/px4-ros2-interface-lib/mission) by extension 'colcon_pkg'
[0.525s] Level 1:colcon.colcon_core.package_identification:_identify(src/px4-ros2-interface-lib/mission) by extensions ['colcon_meta']
[0.525s] Level 1:colcon.colcon_core.package_identification:_identify(src/px4-ros2-interface-lib/mission) by extension 'colcon_meta'
[0.526s] Level 1:colcon.colcon_core.package_identification:_identify(src/px4-ros2-interface-lib/mission) by extensions ['ros']
[0.526s] Level 1:colcon.colcon_core.package_identification:_identify(src/px4-ros2-interface-lib/mission) by extension 'ros'
[0.526s] Level 1:colcon.colcon_core.package_identification:_identify(src/px4-ros2-interface-lib/mission) by extensions ['cmake', 'python']
[0.526s] Level 1:colcon.colcon_core.package_identification:_identify(src/px4-ros2-interface-lib/mission) by extension 'cmake'
[0.526s] Level 1:colcon.colcon_core.package_identification:_identify(src/px4-ros2-interface-lib/mission) by extension 'python'
[0.526s] Level 1:colcon.colcon_core.package_identification:_identify(src/px4-ros2-interface-lib/mission) by extensions ['python_setup_py']
[0.526s] Level 1:colcon.colcon_core.package_identification:_identify(src/px4-ros2-interface-lib/mission) by extension 'python_setup_py'
[0.526s] Level 1:colcon.colcon_core.package_identification:_identify(src/px4-ros2-interface-lib/mission/examples) by extensions ['ignore', 'ignore_ament_install']
[0.526s] Level 1:colcon.colcon_core.package_identification:_identify(src/px4-ros2-interface-lib/mission/examples) by extension 'ignore'
[0.526s] Level 1:colcon.colcon_core.package_identification:_identify(src/px4-ros2-interface-lib/mission/examples) by extension 'ignore_ament_install'
[0.526s] Level 1:colcon.colcon_core.package_identification:_identify(src/px4-ros2-interface-lib/mission/examples) by extensions ['colcon_pkg']
[0.526s] Level 1:colcon.colcon_core.package_identification:_identify(src/px4-ros2-interface-lib/mission/examples) by extension 'colcon_pkg'
[0.527s] Level 1:colcon.colcon_core.package_identification:_identify(src/px4-ros2-interface-lib/mission/examples) by extensions ['colcon_meta']
[0.527s] Level 1:colcon.colcon_core.package_identification:_identify(src/px4-ros2-interface-lib/mission/examples) by extension 'colcon_meta'
[0.527s] Level 1:colcon.colcon_core.package_identification:_identify(src/px4-ros2-interface-lib/mission/examples) by extensions ['ros']
[0.527s] Level 1:colcon.colcon_core.package_identification:_identify(src/px4-ros2-interface-lib/mission/examples) by extension 'ros'
[0.527s] Level 1:colcon.colcon_core.package_identification:_identify(src/px4-ros2-interface-lib/mission/examples) by extensions ['cmake', 'python']
[0.527s] Level 1:colcon.colcon_core.package_identification:_identify(src/px4-ros2-interface-lib/mission/examples) by extension 'cmake'
[0.527s] Level 1:colcon.colcon_core.package_identification:_identify(src/px4-ros2-interface-lib/mission/examples) by extension 'python'
[0.527s] Level 1:colcon.colcon_core.package_identification:_identify(src/px4-ros2-interface-lib/mission/examples) by extensions ['python_setup_py']
[0.527s] Level 1:colcon.colcon_core.package_identification:_identify(src/px4-ros2-interface-lib/mission/examples) by extension 'python_setup_py'
[0.527s] Level 1:colcon.colcon_core.package_identification:_identify(src/px4-ros2-interface-lib/px4_ros2_cpp) by extensions ['ignore', 'ignore_ament_install']
[0.527s] Level 1:colcon.colcon_core.package_identification:_identify(src/px4-ros2-interface-lib/px4_ros2_cpp) by extension 'ignore'
[0.527s] Level 1:colcon.colcon_core.package_identification:_identify(src/px4-ros2-interface-lib/px4_ros2_cpp) by extension 'ignore_ament_install'
[0.528s] Level 1:colcon.colcon_core.package_identification:_identify(src/px4-ros2-interface-lib/px4_ros2_cpp) by extensions ['colcon_pkg']
[0.528s] Level 1:colcon.colcon_core.package_identification:_identify(src/px4-ros2-interface-lib/px4_ros2_cpp) by extension 'colcon_pkg'
[0.528s] Level 1:colcon.colcon_core.package_identification:_identify(src/px4-ros2-interface-lib/px4_ros2_cpp) by extensions ['colcon_meta']
[0.528s] Level 1:colcon.colcon_core.package_identification:_identify(src/px4-ros2-interface-lib/px4_ros2_cpp) by extension 'colcon_meta'
[0.528s] Level 1:colcon.colcon_core.package_identification:_identify(src/px4-ros2-interface-lib/px4_ros2_cpp) by extensions ['ros']
[0.528s] Level 1:colcon.colcon_core.package_identification:_identify(src/px4-ros2-interface-lib/px4_ros2_cpp) by extension 'ros'
[0.530s] DEBUG:colcon.colcon_core.package_identification:Package 'src/px4-ros2-interface-lib/px4_ros2_cpp' with type 'ros.ament_cmake' and name 'px4_ros2_cpp'
[0.530s] Level 1:colcon.colcon_core.package_identification:_identify(src/px4-ros2-interface-lib/scripts) by extensions ['ignore', 'ignore_ament_install']
[0.530s] Level 1:colcon.colcon_core.package_identification:_identify(src/px4-ros2-interface-lib/scripts) by extension 'ignore'
[0.530s] Level 1:colcon.colcon_core.package_identification:_identify(src/px4-ros2-interface-lib/scripts) by extension 'ignore_ament_install'
[0.530s] Level 1:colcon.colcon_core.package_identification:_identify(src/px4-ros2-interface-lib/scripts) by extensions ['colcon_pkg']
[0.530s] Level 1:colcon.colcon_core.package_identification:_identify(src/px4-ros2-interface-lib/scripts) by extension 'colcon_pkg'
[0.531s] Level 1:colcon.colcon_core.package_identification:_identify(src/px4-ros2-interface-lib/scripts) by extensions ['colcon_meta']
[0.531s] Level 1:colcon.colcon_core.package_identification:_identify(src/px4-ros2-interface-lib/scripts) by extension 'colcon_meta'
[0.531s] Level 1:colcon.colcon_core.package_identification:_identify(src/px4-ros2-interface-lib/scripts) by extensions ['ros']
[0.531s] Level 1:colcon.colcon_core.package_identification:_identify(src/px4-ros2-interface-lib/scripts) by extension 'ros'
[0.531s] Level 1:colcon.colcon_core.package_identification:_identify(src/px4-ros2-interface-lib/scripts) by extensions ['cmake', 'python']
[0.531s] Level 1:colcon.colcon_core.package_identification:_identify(src/px4-ros2-interface-lib/scripts) by extension 'cmake'
[0.531s] Level 1:colcon.colcon_core.package_identification:_identify(src/px4-ros2-interface-lib/scripts) by extension 'python'
[0.531s] Level 1:colcon.colcon_core.package_identification:_identify(src/px4-ros2-interface-lib/scripts) by extensions ['python_setup_py']
[0.531s] Level 1:colcon.colcon_core.package_identification:_identify(src/px4-ros2-interface-lib/scripts) by extension 'python_setup_py'
[0.531s] Level 1:colcon.colcon_core.package_identification:_identify(src/px4_msgs) by extensions ['ignore', 'ignore_ament_install']
[0.531s] Level 1:colcon.colcon_core.package_identification:_identify(src/px4_msgs) by extension 'ignore'
[0.531s] Level 1:colcon.colcon_core.package_identification:_identify(src/px4_msgs) by extension 'ignore_ament_install'
[0.531s] Level 1:colcon.colcon_core.package_identification:_identify(src/px4_msgs) by extensions ['colcon_pkg']
[0.531s] Level 1:colcon.colcon_core.package_identification:_identify(src/px4_msgs) by extension 'colcon_pkg'
[0.531s] Level 1:colcon.colcon_core.package_identification:_identify(src/px4_msgs) by extensions ['colcon_meta']
[0.531s] Level 1:colcon.colcon_core.package_identification:_identify(src/px4_msgs) by extension 'colcon_meta'
[0.532s] Level 1:colcon.colcon_core.package_identification:_identify(src/px4_msgs) by extensions ['ros']
[0.532s] Level 1:colcon.colcon_core.package_identification:_identify(src/px4_msgs) by extension 'ros'
[0.533s] DEBUG:colcon.colcon_core.package_identification:Package 'src/px4_msgs' with type 'ros.ament_cmake' and name 'px4_msgs'
[0.533s] Level 1:colcon.colcon_core.package_identification:_identify(src/ros_gz) by extensions ['ignore', 'ignore_ament_install']
[0.533s] Level 1:colcon.colcon_core.package_identification:_identify(src/ros_gz) by extension 'ignore'
[0.534s] Level 1:colcon.colcon_core.package_identification:_identify(src/ros_gz) by extension 'ignore_ament_install'
[0.534s] Level 1:colcon.colcon_core.package_identification:_identify(src/ros_gz) by extensions ['colcon_pkg']
[0.534s] Level 1:colcon.colcon_core.package_identification:_identify(src/ros_gz) by extension 'colcon_pkg'
[0.534s] Level 1:colcon.colcon_core.package_identification:_identify(src/ros_gz) by extensions ['colcon_meta']
[0.534s] Level 1:colcon.colcon_core.package_identification:_identify(src/ros_gz) by extension 'colcon_meta'
[0.534s] Level 1:colcon.colcon_core.package_identification:_identify(src/ros_gz) by extensions ['ros']
[0.534s] Level 1:colcon.colcon_core.package_identification:_identify(src/ros_gz) by extension 'ros'
[0.534s] Level 1:colcon.colcon_core.package_identification:_identify(src/ros_gz) by extensions ['cmake', 'python']
[0.534s] Level 1:colcon.colcon_core.package_identification:_identify(src/ros_gz) by extension 'cmake'
[0.534s] Level 1:colcon.colcon_core.package_identification:_identify(src/ros_gz) by extension 'python'
[0.534s] Level 1:colcon.colcon_core.package_identification:_identify(src/ros_gz) by extensions ['python_setup_py']
[0.534s] Level 1:colcon.colcon_core.package_identification:_identify(src/ros_gz) by extension 'python_setup_py'
[0.534s] Level 1:colcon.colcon_core.package_identification:_identify(src/ros_gz/ros_gz) by extensions ['ignore', 'ignore_ament_install']
[0.535s] Level 1:colcon.colcon_core.package_identification:_identify(src/ros_gz/ros_gz) by extension 'ignore'
[0.535s] Level 1:colcon.colcon_core.package_identification:_identify(src/ros_gz/ros_gz) by extension 'ignore_ament_install'
[0.535s] Level 1:colcon.colcon_core.package_identification:_identify(src/ros_gz/ros_gz) by extensions ['colcon_pkg']
[0.535s] Level 1:colcon.colcon_core.package_identification:_identify(src/ros_gz/ros_gz) by extension 'colcon_pkg'
[0.535s] Level 1:colcon.colcon_core.package_identification:_identify(src/ros_gz/ros_gz) by extensions ['colcon_meta']
[0.535s] Level 1:colcon.colcon_core.package_identification:_identify(src/ros_gz/ros_gz) by extension 'colcon_meta'
[0.535s] Level 1:colcon.colcon_core.package_identification:_identify(src/ros_gz/ros_gz) by extensions ['ros']
[0.535s] Level 1:colcon.colcon_core.package_identification:_identify(src/ros_gz/ros_gz) by extension 'ros'
[0.536s] DEBUG:colcon.colcon_core.package_identification:Package 'src/ros_gz/ros_gz' with type 'ros.ament_cmake' and name 'ros_gz'
[0.536s] Level 1:colcon.colcon_core.package_identification:_identify(src/ros_gz/ros_gz_bridge) by extensions ['ignore', 'ignore_ament_install']
[0.536s] Level 1:colcon.colcon_core.package_identification:_identify(src/ros_gz/ros_gz_bridge) by extension 'ignore'
[0.536s] Level 1:colcon.colcon_core.package_identification:_identify(src/ros_gz/ros_gz_bridge) by extension 'ignore_ament_install'
[0.537s] Level 1:colcon.colcon_core.package_identification:_identify(src/ros_gz/ros_gz_bridge) by extensions ['colcon_pkg']
[0.537s] Level 1:colcon.colcon_core.package_identification:_identify(src/ros_gz/ros_gz_bridge) by extension 'colcon_pkg'
[0.537s] Level 1:colcon.colcon_core.package_identification:_identify(src/ros_gz/ros_gz_bridge) by extensions ['colcon_meta']
[0.537s] Level 1:colcon.colcon_core.package_identification:_identify(src/ros_gz/ros_gz_bridge) by extension 'colcon_meta'
[0.537s] Level 1:colcon.colcon_core.package_identification:_identify(src/ros_gz/ros_gz_bridge) by extensions ['ros']
[0.537s] Level 1:colcon.colcon_core.package_identification:_identify(src/ros_gz/ros_gz_bridge) by extension 'ros'
[0.562s] DEBUG:colcon.colcon_core.package_identification:Package 'src/ros_gz/ros_gz_bridge' with type 'ros.ament_cmake' and name 'ros_gz_bridge'
[0.563s] Level 1:colcon.colcon_core.package_identification:_identify(src/ros_gz/ros_gz_image) by extensions ['ignore', 'ignore_ament_install']
[0.563s] Level 1:colcon.colcon_core.package_identification:_identify(src/ros_gz/ros_gz_image) by extension 'ignore'
[0.563s] Level 1:colcon.colcon_core.package_identification:_identify(src/ros_gz/ros_gz_image) by extension 'ignore_ament_install'
[0.563s] Level 1:colcon.colcon_core.package_identification:_identify(src/ros_gz/ros_gz_image) by extensions ['colcon_pkg']
[0.563s] Level 1:colcon.colcon_core.package_identification:_identify(src/ros_gz/ros_gz_image) by extension 'colcon_pkg'
[0.563s] Level 1:colcon.colcon_core.package_identification:_identify(src/ros_gz/ros_gz_image) by extensions ['colcon_meta']
[0.563s] Level 1:colcon.colcon_core.package_identification:_identify(src/ros_gz/ros_gz_image) by extension 'colcon_meta'
[0.563s] Level 1:colcon.colcon_core.package_identification:_identify(src/ros_gz/ros_gz_image) by extensions ['ros']
[0.563s] Level 1:colcon.colcon_core.package_identification:_identify(src/ros_gz/ros_gz_image) by extension 'ros'
[0.584s] DEBUG:colcon.colcon_core.package_identification:Package 'src/ros_gz/ros_gz_image' with type 'ros.ament_cmake' and name 'ros_gz_image'
[0.584s] Level 1:colcon.colcon_core.package_identification:_identify(src/ros_gz/ros_gz_interfaces) by extensions ['ignore', 'ignore_ament_install']
[0.584s] Level 1:colcon.colcon_core.package_identification:_identify(src/ros_gz/ros_gz_interfaces) by extension 'ignore'
[0.584s] Level 1:colcon.colcon_core.package_identification:_identify(src/ros_gz/ros_gz_interfaces) by extension 'ignore_ament_install'
[0.584s] Level 1:colcon.colcon_core.package_identification:_identify(src/ros_gz/ros_gz_interfaces) by extensions ['colcon_pkg']
[0.585s] Level 1:colcon.colcon_core.package_identification:_identify(src/ros_gz/ros_gz_interfaces) by extension 'colcon_pkg'
[0.585s] Level 1:colcon.colcon_core.package_identification:_identify(src/ros_gz/ros_gz_interfaces) by extensions ['colcon_meta']
[0.585s] Level 1:colcon.colcon_core.package_identification:_identify(src/ros_gz/ros_gz_interfaces) by extension 'colcon_meta'
[0.585s] Level 1:colcon.colcon_core.package_identification:_identify(src/ros_gz/ros_gz_interfaces) by extensions ['ros']
[0.585s] Level 1:colcon.colcon_core.package_identification:_identify(src/ros_gz/ros_gz_interfaces) by extension 'ros'
[0.587s] DEBUG:colcon.colcon_core.package_identification:Package 'src/ros_gz/ros_gz_interfaces' with type 'ros.ament_cmake' and name 'ros_gz_interfaces'
[0.587s] Level 1:colcon.colcon_core.package_identification:_identify(src/ros_gz/ros_gz_point_cloud) by extensions ['ignore', 'ignore_ament_install']
[0.587s] Level 1:colcon.colcon_core.package_identification:_identify(src/ros_gz/ros_gz_point_cloud) by extension 'ignore'
[0.587s] Level 1:colcon.colcon_core.package_identification:_identify(src/ros_gz/ros_gz_point_cloud) ignored
[0.588s] Level 1:colcon.colcon_core.package_identification:_identify(src/ros_gz/ros_gz_sim) by extensions ['ignore', 'ignore_ament_install']
[0.588s] Level 1:colcon.colcon_core.package_identification:_identify(src/ros_gz/ros_gz_sim) by extension 'ignore'
[0.588s] Level 1:colcon.colcon_core.package_identification:_identify(src/ros_gz/ros_gz_sim) by extension 'ignore_ament_install'
[0.588s] Level 1:colcon.colcon_core.package_identification:_identify(src/ros_gz/ros_gz_sim) by extensions ['colcon_pkg']
[0.588s] Level 1:colcon.colcon_core.package_identification:_identify(src/ros_gz/ros_gz_sim) by extension 'colcon_pkg'
[0.588s] Level 1:colcon.colcon_core.package_identification:_identify(src/ros_gz/ros_gz_sim) by extensions ['colcon_meta']
[0.588s] Level 1:colcon.colcon_core.package_identification:_identify(src/ros_gz/ros_gz_sim) by extension 'colcon_meta'
[0.588s] Level 1:colcon.colcon_core.package_identification:_identify(src/ros_gz/ros_gz_sim) by extensions ['ros']
[0.588s] Level 1:colcon.colcon_core.package_identification:_identify(src/ros_gz/ros_gz_sim) by extension 'ros'
[0.611s] DEBUG:colcon.colcon_core.package_identification:Package 'src/ros_gz/ros_gz_sim' with type 'ros.ament_cmake' and name 'ros_gz_sim'
[0.611s] Level 1:colcon.colcon_core.package_identification:_identify(src/ros_gz/ros_gz_sim_demos) by extensions ['ignore', 'ignore_ament_install']
[0.611s] Level 1:colcon.colcon_core.package_identification:_identify(src/ros_gz/ros_gz_sim_demos) by extension 'ignore'
[0.611s] Level 1:colcon.colcon_core.package_identification:_identify(src/ros_gz/ros_gz_sim_demos) by extension 'ignore_ament_install'
[0.611s] Level 1:colcon.colcon_core.package_identification:_identify(src/ros_gz/ros_gz_sim_demos) by extensions ['colcon_pkg']
[0.611s] Level 1:colcon.colcon_core.package_identification:_identify(src/ros_gz/ros_gz_sim_demos) by extension 'colcon_pkg'
[0.611s] Level 1:colcon.colcon_core.package_identification:_identify(src/ros_gz/ros_gz_sim_demos) by extensions ['colcon_meta']
[0.611s] Level 1:colcon.colcon_core.package_identification:_identify(src/ros_gz/ros_gz_sim_demos) by extension 'colcon_meta'
[0.612s] Level 1:colcon.colcon_core.package_identification:_identify(src/ros_gz/ros_gz_sim_demos) by extensions ['ros']
[0.612s] Level 1:colcon.colcon_core.package_identification:_identify(src/ros_gz/ros_gz_sim_demos) by extension 'ros'
[0.615s] DEBUG:colcon.colcon_core.package_identification:Package 'src/ros_gz/ros_gz_sim_demos' with type 'ros.ament_cmake' and name 'ros_gz_sim_demos'
[0.616s] Level 1:colcon.colcon_core.package_identification:_identify(src/ros_gz/ros_ign) by extensions ['ignore', 'ignore_ament_install']
[0.616s] Level 1:colcon.colcon_core.package_identification:_identify(src/ros_gz/ros_ign) by extension 'ignore'
[0.616s] Level 1:colcon.colcon_core.package_identification:_identify(src/ros_gz/ros_ign) by extension 'ignore_ament_install'
[0.616s] Level 1:colcon.colcon_core.package_identification:_identify(src/ros_gz/ros_ign) by extensions ['colcon_pkg']
[0.616s] Level 1:colcon.colcon_core.package_identification:_identify(src/ros_gz/ros_ign) by extension 'colcon_pkg'
[0.616s] Level 1:colcon.colcon_core.package_identification:_identify(src/ros_gz/ros_ign) by extensions ['colcon_meta']
[0.616s] Level 1:colcon.colcon_core.package_identification:_identify(src/ros_gz/ros_ign) by extension 'colcon_meta'
[0.616s] Level 1:colcon.colcon_core.package_identification:_identify(src/ros_gz/ros_ign) by extensions ['ros']
[0.616s] Level 1:colcon.colcon_core.package_identification:_identify(src/ros_gz/ros_ign) by extension 'ros'
[0.617s] DEBUG:colcon.colcon_core.package_identification:Package 'src/ros_gz/ros_ign' with type 'ros.ament_cmake' and name 'ros_ign'
[0.618s] Level 1:colcon.colcon_core.package_identification:_identify(src/ros_gz/ros_ign_bridge) by extensions ['ignore', 'ignore_ament_install']
[0.618s] Level 1:colcon.colcon_core.package_identification:_identify(src/ros_gz/ros_ign_bridge) by extension 'ignore'
[0.618s] Level 1:colcon.colcon_core.package_identification:_identify(src/ros_gz/ros_ign_bridge) by extension 'ignore_ament_install'
[0.618s] Level 1:colcon.colcon_core.package_identification:_identify(src/ros_gz/ros_ign_bridge) by extensions ['colcon_pkg']
[0.618s] Level 1:colcon.colcon_core.package_identification:_identify(src/ros_gz/ros_ign_bridge) by extension 'colcon_pkg'
[0.618s] Level 1:colcon.colcon_core.package_identification:_identify(src/ros_gz/ros_ign_bridge) by extensions ['colcon_meta']
[0.618s] Level 1:colcon.colcon_core.package_identification:_identify(src/ros_gz/ros_ign_bridge) by extension 'colcon_meta'
[0.618s] Level 1:colcon.colcon_core.package_identification:_identify(src/ros_gz/ros_ign_bridge) by extensions ['ros']
[0.618s] Level 1:colcon.colcon_core.package_identification:_identify(src/ros_gz/ros_ign_bridge) by extension 'ros'
[0.620s] DEBUG:colcon.colcon_core.package_identification:Package 'src/ros_gz/ros_ign_bridge' with type 'ros.ament_cmake' and name 'ros_ign_bridge'
[0.620s] Level 1:colcon.colcon_core.package_identification:_identify(src/ros_gz/ros_ign_gazebo) by extensions ['ignore', 'ignore_ament_install']
[0.620s] Level 1:colcon.colcon_core.package_identification:_identify(src/ros_gz/ros_ign_gazebo) by extension 'ignore'
[0.620s] Level 1:colcon.colcon_core.package_identification:_identify(src/ros_gz/ros_ign_gazebo) by extension 'ignore_ament_install'
[0.620s] Level 1:colcon.colcon_core.package_identification:_identify(src/ros_gz/ros_ign_gazebo) by extensions ['colcon_pkg']
[0.620s] Level 1:colcon.colcon_core.package_identification:_identify(src/ros_gz/ros_ign_gazebo) by extension 'colcon_pkg'
[0.621s] Level 1:colcon.colcon_core.package_identification:_identify(src/ros_gz/ros_ign_gazebo) by extensions ['colcon_meta']
[0.621s] Level 1:colcon.colcon_core.package_identification:_identify(src/ros_gz/ros_ign_gazebo) by extension 'colcon_meta'
[0.621s] Level 1:colcon.colcon_core.package_identification:_identify(src/ros_gz/ros_ign_gazebo) by extensions ['ros']
[0.621s] Level 1:colcon.colcon_core.package_identification:_identify(src/ros_gz/ros_ign_gazebo) by extension 'ros'
[0.622s] DEBUG:colcon.colcon_core.package_identification:Package 'src/ros_gz/ros_ign_gazebo' with type 'ros.ament_cmake' and name 'ros_ign_gazebo'
[0.622s] Level 1:colcon.colcon_core.package_identification:_identify(src/ros_gz/ros_ign_gazebo_demos) by extensions ['ignore', 'ignore_ament_install']
[0.622s] Level 1:colcon.colcon_core.package_identification:_identify(src/ros_gz/ros_ign_gazebo_demos) by extension 'ignore'
[0.622s] Level 1:colcon.colcon_core.package_identification:_identify(src/ros_gz/ros_ign_gazebo_demos) by extension 'ignore_ament_install'
[0.622s] Level 1:colcon.colcon_core.package_identification:_identify(src/ros_gz/ros_ign_gazebo_demos) by extensions ['colcon_pkg']
[0.622s] Level 1:colcon.colcon_core.package_identification:_identify(src/ros_gz/ros_ign_gazebo_demos) by extension 'colcon_pkg'
[0.622s] Level 1:colcon.colcon_core.package_identification:_identify(src/ros_gz/ros_ign_gazebo_demos) by extensions ['colcon_meta']
[0.622s] Level 1:colcon.colcon_core.package_identification:_identify(src/ros_gz/ros_ign_gazebo_demos) by extension 'colcon_meta'
[0.623s] Level 1:colcon.colcon_core.package_identification:_identify(src/ros_gz/ros_ign_gazebo_demos) by extensions ['ros']
[0.623s] Level 1:colcon.colcon_core.package_identification:_identify(src/ros_gz/ros_ign_gazebo_demos) by extension 'ros'
[0.623s] DEBUG:colcon.colcon_core.package_identification:Package 'src/ros_gz/ros_ign_gazebo_demos' with type 'ros.ament_cmake' and name 'ros_ign_gazebo_demos'
[0.624s] Level 1:colcon.colcon_core.package_identification:_identify(src/ros_gz/ros_ign_image) by extensions ['ignore', 'ignore_ament_install']
[0.624s] Level 1:colcon.colcon_core.package_identification:_identify(src/ros_gz/ros_ign_image) by extension 'ignore'
[0.624s] Level 1:colcon.colcon_core.package_identification:_identify(src/ros_gz/ros_ign_image) by extension 'ignore_ament_install'
[0.624s] Level 1:colcon.colcon_core.package_identification:_identify(src/ros_gz/ros_ign_image) by extensions ['colcon_pkg']
[0.624s] Level 1:colcon.colcon_core.package_identification:_identify(src/ros_gz/ros_ign_image) by extension 'colcon_pkg'
[0.624s] Level 1:colcon.colcon_core.package_identification:_identify(src/ros_gz/ros_ign_image) by extensions ['colcon_meta']
[0.624s] Level 1:colcon.colcon_core.package_identification:_identify(src/ros_gz/ros_ign_image) by extension 'colcon_meta'
[0.624s] Level 1:colcon.colcon_core.package_identification:_identify(src/ros_gz/ros_ign_image) by extensions ['ros']
[0.624s] Level 1:colcon.colcon_core.package_identification:_identify(src/ros_gz/ros_ign_image) by extension 'ros'
[0.626s] DEBUG:colcon.colcon_core.package_identification:Package 'src/ros_gz/ros_ign_image' with type 'ros.ament_cmake' and name 'ros_ign_image'
[0.626s] Level 1:colcon.colcon_core.package_identification:_identify(src/ros_gz/ros_ign_interfaces) by extensions ['ignore', 'ignore_ament_install']
[0.626s] Level 1:colcon.colcon_core.package_identification:_identify(src/ros_gz/ros_ign_interfaces) by extension 'ignore'
[0.626s] Level 1:colcon.colcon_core.package_identification:_identify(src/ros_gz/ros_ign_interfaces) by extension 'ignore_ament_install'
[0.626s] Level 1:colcon.colcon_core.package_identification:_identify(src/ros_gz/ros_ign_interfaces) by extensions ['colcon_pkg']
[0.626s] Level 1:colcon.colcon_core.package_identification:_identify(src/ros_gz/ros_ign_interfaces) by extension 'colcon_pkg'
[0.627s] Level 1:colcon.colcon_core.package_identification:_identify(src/ros_gz/ros_ign_interfaces) by extensions ['colcon_meta']
[0.627s] Level 1:colcon.colcon_core.package_identification:_identify(src/ros_gz/ros_ign_interfaces) by extension 'colcon_meta'
[0.627s] Level 1:colcon.colcon_core.package_identification:_identify(src/ros_gz/ros_ign_interfaces) by extensions ['ros']
[0.627s] Level 1:colcon.colcon_core.package_identification:_identify(src/ros_gz/ros_ign_interfaces) by extension 'ros'
[0.628s] DEBUG:colcon.colcon_core.package_identification:Package 'src/ros_gz/ros_ign_interfaces' with type 'ros.ament_cmake' and name 'ros_ign_interfaces'
[0.628s] Level 1:colcon.colcon_core.package_identification:_identify(src/ros_gz/test_ros_gz_bridge) by extensions ['ignore', 'ignore_ament_install']
[0.628s] Level 1:colcon.colcon_core.package_identification:_identify(src/ros_gz/test_ros_gz_bridge) by extension 'ignore'
[0.628s] Level 1:colcon.colcon_core.package_identification:_identify(src/ros_gz/test_ros_gz_bridge) by extension 'ignore_ament_install'
[0.628s] Level 1:colcon.colcon_core.package_identification:_identify(src/ros_gz/test_ros_gz_bridge) by extensions ['colcon_pkg']
[0.628s] Level 1:colcon.colcon_core.package_identification:_identify(src/ros_gz/test_ros_gz_bridge) by extension 'colcon_pkg'
[0.628s] Level 1:colcon.colcon_core.package_identification:_identify(src/ros_gz/test_ros_gz_bridge) by extensions ['colcon_meta']
[0.628s] Level 1:colcon.colcon_core.package_identification:_identify(src/ros_gz/test_ros_gz_bridge) by extension 'colcon_meta'
[0.629s] Level 1:colcon.colcon_core.package_identification:_identify(src/ros_gz/test_ros_gz_bridge) by extensions ['ros']
[0.629s] Level 1:colcon.colcon_core.package_identification:_identify(src/ros_gz/test_ros_gz_bridge) by extension 'ros'
[0.630s] DEBUG:colcon.colcon_core.package_identification:Package 'src/ros_gz/test_ros_gz_bridge' with type 'ros.ament_cmake' and name 'test_ros_gz_bridge'
[0.630s] Level 1:colcon.colcon_core.package_identification:_identify(src/ros_gz/tools) by extensions ['ignore', 'ignore_ament_install']
[0.630s] Level 1:colcon.colcon_core.package_identification:_identify(src/ros_gz/tools) by extension 'ignore'
[0.630s] Level 1:colcon.colcon_core.package_identification:_identify(src/ros_gz/tools) by extension 'ignore_ament_install'
[0.631s] Level 1:colcon.colcon_core.package_identification:_identify(src/ros_gz/tools) by extensions ['colcon_pkg']
[0.631s] Level 1:colcon.colcon_core.package_identification:_identify(src/ros_gz/tools) by extension 'colcon_pkg'
[0.631s] Level 1:colcon.colcon_core.package_identification:_identify(src/ros_gz/tools) by extensions ['colcon_meta']
[0.631s] Level 1:colcon.colcon_core.package_identification:_identify(src/ros_gz/tools) by extension 'colcon_meta'
[0.631s] Level 1:colcon.colcon_core.package_identification:_identify(src/ros_gz/tools) by extensions ['ros']
[0.631s] Level 1:colcon.colcon_core.package_identification:_identify(src/ros_gz/tools) by extension 'ros'
[0.631s] Level 1:colcon.colcon_core.package_identification:_identify(src/ros_gz/tools) by extensions ['cmake', 'python']
[0.631s] Level 1:colcon.colcon_core.package_identification:_identify(src/ros_gz/tools) by extension 'cmake'
[0.631s] Level 1:colcon.colcon_core.package_identification:_identify(src/ros_gz/tools) by extension 'python'
[0.631s] Level 1:colcon.colcon_core.package_identification:_identify(src/ros_gz/tools) by extensions ['python_setup_py']
[0.631s] Level 1:colcon.colcon_core.package_identification:_identify(src/ros_gz/tools) by extension 'python_setup_py'
[0.631s] Level 1:colcon.colcon_core.package_identification:_identify(src/vision_opencv) by extensions ['ignore', 'ignore_ament_install']
[0.631s] Level 1:colcon.colcon_core.package_identification:_identify(src/vision_opencv) by extension 'ignore'
[0.631s] Level 1:colcon.colcon_core.package_identification:_identify(src/vision_opencv) by extension 'ignore_ament_install'
[0.631s] Level 1:colcon.colcon_core.package_identification:_identify(src/vision_opencv) by extensions ['colcon_pkg']
[0.632s] Level 1:colcon.colcon_core.package_identification:_identify(src/vision_opencv) by extension 'colcon_pkg'
[0.632s] Level 1:colcon.colcon_core.package_identification:_identify(src/vision_opencv) by extensions ['colcon_meta']
[0.632s] Level 1:colcon.colcon_core.package_identification:_identify(src/vision_opencv) by extension 'colcon_meta'
[0.632s] Level 1:colcon.colcon_core.package_identification:_identify(src/vision_opencv) by extensions ['ros']
[0.632s] Level 1:colcon.colcon_core.package_identification:_identify(src/vision_opencv) by extension 'ros'
[0.632s] Level 1:colcon.colcon_core.package_identification:_identify(src/vision_opencv) by extensions ['cmake', 'python']
[0.632s] Level 1:colcon.colcon_core.package_identification:_identify(src/vision_opencv) by extension 'cmake'
[0.632s] Level 1:colcon.colcon_core.package_identification:_identify(src/vision_opencv) by extension 'python'
[0.632s] Level 1:colcon.colcon_core.package_identification:_identify(src/vision_opencv) by extensions ['python_setup_py']
[0.632s] Level 1:colcon.colcon_core.package_identification:_identify(src/vision_opencv) by extension 'python_setup_py'
[0.632s] Level 1:colcon.colcon_core.package_identification:_identify(src/vision_opencv/cv_bridge) by extensions ['ignore', 'ignore_ament_install']
[0.632s] Level 1:colcon.colcon_core.package_identification:_identify(src/vision_opencv/cv_bridge) by extension 'ignore'
[0.632s] Level 1:colcon.colcon_core.package_identification:_identify(src/vision_opencv/cv_bridge) by extension 'ignore_ament_install'
[0.632s] Level 1:colcon.colcon_core.package_identification:_identify(src/vision_opencv/cv_bridge) by extensions ['colcon_pkg']
[0.632s] Level 1:colcon.colcon_core.package_identification:_identify(src/vision_opencv/cv_bridge) by extension 'colcon_pkg'
[0.632s] Level 1:colcon.colcon_core.package_identification:_identify(src/vision_opencv/cv_bridge) by extensions ['colcon_meta']
[0.632s] Level 1:colcon.colcon_core.package_identification:_identify(src/vision_opencv/cv_bridge) by extension 'colcon_meta'
[0.633s] Level 1:colcon.colcon_core.package_identification:_identify(src/vision_opencv/cv_bridge) by extensions ['ros']
[0.633s] Level 1:colcon.colcon_core.package_identification:_identify(src/vision_opencv/cv_bridge) by extension 'ros'
[0.634s] DEBUG:colcon.colcon_core.package_identification:Package 'src/vision_opencv/cv_bridge' with type 'ros.ament_cmake' and name 'cv_bridge'
[0.634s] Level 1:colcon.colcon_core.package_identification:_identify(src/vision_opencv/image_geometry) by extensions ['ignore', 'ignore_ament_install']
[0.635s] Level 1:colcon.colcon_core.package_identification:_identify(src/vision_opencv/image_geometry) by extension 'ignore'
[0.635s] Level 1:colcon.colcon_core.package_identification:_identify(src/vision_opencv/image_geometry) by extension 'ignore_ament_install'
[0.635s] Level 1:colcon.colcon_core.package_identification:_identify(src/vision_opencv/image_geometry) by extensions ['colcon_pkg']
[0.635s] Level 1:colcon.colcon_core.package_identification:_identify(src/vision_opencv/image_geometry) by extension 'colcon_pkg'
[0.635s] Level 1:colcon.colcon_core.package_identification:_identify(src/vision_opencv/image_geometry) by extensions ['colcon_meta']
[0.635s] Level 1:colcon.colcon_core.package_identification:_identify(src/vision_opencv/image_geometry) by extension 'colcon_meta'
[0.635s] Level 1:colcon.colcon_core.package_identification:_identify(src/vision_opencv/image_geometry) by extensions ['ros']
[0.635s] Level 1:colcon.colcon_core.package_identification:_identify(src/vision_opencv/image_geometry) by extension 'ros'
[0.636s] DEBUG:colcon.colcon_core.package_identification:Package 'src/vision_opencv/image_geometry' with type 'ros.ament_cmake' and name 'image_geometry'
[0.636s] Level 1:colcon.colcon_core.package_identification:_identify(src/vision_opencv/opencv_tests) by extensions ['ignore', 'ignore_ament_install']
[0.637s] Level 1:colcon.colcon_core.package_identification:_identify(src/vision_opencv/opencv_tests) by extension 'ignore'
[0.637s] Level 1:colcon.colcon_core.package_identification:_identify(src/vision_opencv/opencv_tests) by extension 'ignore_ament_install'
[0.637s] Level 1:colcon.colcon_core.package_identification:_identify(src/vision_opencv/opencv_tests) by extensions ['colcon_pkg']
[0.637s] Level 1:colcon.colcon_core.package_identification:_identify(src/vision_opencv/opencv_tests) by extension 'colcon_pkg'
[0.637s] Level 1:colcon.colcon_core.package_identification:_identify(src/vision_opencv/opencv_tests) by extensions ['colcon_meta']
[0.637s] Level 1:colcon.colcon_core.package_identification:_identify(src/vision_opencv/opencv_tests) by extension 'colcon_meta'
[0.637s] Level 1:colcon.colcon_core.package_identification:_identify(src/vision_opencv/opencv_tests) by extensions ['ros']
[0.637s] Level 1:colcon.colcon_core.package_identification:_identify(src/vision_opencv/opencv_tests) by extension 'ros'
[0.638s] DEBUG:colcon.colcon_core.package_identification:Package 'src/vision_opencv/opencv_tests' with type 'ros.ament_python' and name 'opencv_tests'
[0.638s] Level 1:colcon.colcon_core.package_identification:_identify(src/vision_opencv/vision_opencv) by extensions ['ignore', 'ignore_ament_install']
[0.638s] Level 1:colcon.colcon_core.package_identification:_identify(src/vision_opencv/vision_opencv) by extension 'ignore'
[0.638s] Level 1:colcon.colcon_core.package_identification:_identify(src/vision_opencv/vision_opencv) by extension 'ignore_ament_install'
[0.639s] Level 1:colcon.colcon_core.package_identification:_identify(src/vision_opencv/vision_opencv) by extensions ['colcon_pkg']
[0.639s] Level 1:colcon.colcon_core.package_identification:_identify(src/vision_opencv/vision_opencv) by extension 'colcon_pkg'
[0.639s] Level 1:colcon.colcon_core.package_identification:_identify(src/vision_opencv/vision_opencv) by extensions ['colcon_meta']
[0.639s] Level 1:colcon.colcon_core.package_identification:_identify(src/vision_opencv/vision_opencv) by extension 'colcon_meta'
[0.639s] Level 1:colcon.colcon_core.package_identification:_identify(src/vision_opencv/vision_opencv) by extensions ['ros']
[0.639s] Level 1:colcon.colcon_core.package_identification:_identify(src/vision_opencv/vision_opencv) by extension 'ros'
[0.640s] DEBUG:colcon.colcon_core.package_identification:Package 'src/vision_opencv/vision_opencv' with type 'ros.ament_cmake' and name 'vision_opencv'
[0.640s] Level 1:colcon.colcon_core.package_discovery:discover_packages(recursive) using defaults
[0.640s] Level 1:colcon.colcon_core.package_discovery:discover_packages(ignore) discover
[0.640s] Level 1:colcon.colcon_core.package_discovery:discover_packages(ignore) using defaults
[0.640s] Level 1:colcon.colcon_core.package_discovery:discover_packages(path) discover
[0.640s] Level 1:colcon.colcon_core.package_discovery:discover_packages(path) using defaults
[0.694s] INFO:colcon.colcon_core.package_selection:Skipping not selected package 'cv_bridge' in 'src/vision_opencv/cv_bridge'
[0.694s] INFO:colcon.colcon_core.package_selection:Skipping not selected package 'image_geometry' in 'src/vision_opencv/image_geometry'
[0.695s] INFO:colcon.colcon_core.package_selection:Skipping not selected package 'px4_msgs' in 'src/px4_msgs'
[0.695s] INFO:colcon.colcon_core.package_selection:Skipping not selected package 'ros_gz_interfaces' in 'src/ros_gz/ros_gz_interfaces'
[0.695s] INFO:colcon.colcon_core.package_selection:Skipping not selected package 'ros_gz_sim' in 'src/ros_gz/ros_gz_sim'
[0.695s] INFO:colcon.colcon_core.package_selection:Skipping not selected package 'opencv_tests' in 'src/vision_opencv/opencv_tests'
[0.695s] INFO:colcon.colcon_core.package_selection:Skipping not selected package 'px4_ros2_cpp' in 'src/px4-ros2-interface-lib/px4_ros2_cpp'
[0.695s] INFO:colcon.colcon_core.package_selection:Skipping not selected package 'ros_gz_bridge' in 'src/ros_gz/ros_gz_bridge'
[0.695s] INFO:colcon.colcon_core.package_selection:Skipping not selected package 'ros_ign_gazebo' in 'src/ros_gz/ros_ign_gazebo'
[0.695s] INFO:colcon.colcon_core.package_selection:Skipping not selected package 'ros_ign_interfaces' in 'src/ros_gz/ros_ign_interfaces'
[0.695s] INFO:colcon.colcon_core.package_selection:Skipping not selected package 'vision_opencv' in 'src/vision_opencv/vision_opencv'
[0.695s] INFO:colcon.colcon_core.package_selection:Skipping not selected package 'example_executor_with_multiple_modes_cpp' in 'src/px4-ros2-interface-lib/examples/cpp/modes/executor_with_multiple_modes'
[0.695s] INFO:colcon.colcon_core.package_selection:Skipping not selected package 'example_global_navigation_cpp' in 'src/px4-ros2-interface-lib/examples/cpp/navigation/global_navigation'
[0.695s] INFO:colcon.colcon_core.package_selection:Skipping not selected package 'example_local_navigation_cpp' in 'src/px4-ros2-interface-lib/examples/cpp/navigation/local_navigation'
[0.695s] INFO:colcon.colcon_core.package_selection:Skipping not selected package 'example_mode_fw_attitude_cpp' in 'src/px4-ros2-interface-lib/examples/cpp/modes/fw_attitude'
[0.695s] INFO:colcon.colcon_core.package_selection:Skipping not selected package 'example_mode_goto_cpp' in 'src/px4-ros2-interface-lib/examples/cpp/modes/goto'
[0.695s] INFO:colcon.colcon_core.package_selection:Skipping not selected package 'example_mode_goto_global_cpp' in 'src/px4-ros2-interface-lib/examples/cpp/modes/goto_global'
[0.695s] INFO:colcon.colcon_core.package_selection:Skipping not selected package 'example_mode_manual_cpp' in 'src/px4-ros2-interface-lib/examples/cpp/modes/manual'
[0.695s] INFO:colcon.colcon_core.package_selection:Skipping not selected package 'example_mode_mission_cpp' in 'src/px4-ros2-interface-lib/examples/cpp/modes/mission'
[0.695s] INFO:colcon.colcon_core.package_selection:Skipping not selected package 'example_mode_rtl_replacement_cpp' in 'src/px4-ros2-interface-lib/examples/cpp/modes/rtl_replacement'
[0.695s] INFO:colcon.colcon_core.package_selection:Skipping not selected package 'example_mode_vtol_cpp' in 'src/px4-ros2-interface-lib/examples/cpp/modes/vtol'
[0.696s] INFO:colcon.colcon_core.package_selection:Skipping not selected package 'example_mode_with_executor_cpp' in 'src/px4-ros2-interface-lib/examples/cpp/modes/mode_with_executor'
[0.696s] INFO:colcon.colcon_core.package_selection:Skipping not selected package 'example_rover_velocity_mode_cpp' in 'src/px4-ros2-interface-lib/examples/cpp/modes/rover_velocity'
[0.696s] INFO:colcon.colcon_core.package_selection:Skipping not selected package 'ros_gz_image' in 'src/ros_gz/ros_gz_image'
[0.696s] INFO:colcon.colcon_core.package_selection:Skipping not selected package 'ros_ign_bridge' in 'src/ros_gz/ros_ign_bridge'
[0.696s] INFO:colcon.colcon_core.package_selection:Skipping not selected package 'test_ros_gz_bridge' in 'src/ros_gz/test_ros_gz_bridge'
[0.696s] INFO:colcon.colcon_core.package_selection:Skipping not selected package 'ros_gz_sim_demos' in 'src/ros_gz/ros_gz_sim_demos'
[0.696s] INFO:colcon.colcon_core.package_selection:Skipping not selected package 'ros_ign_image' in 'src/ros_gz/ros_ign_image'
[0.696s] INFO:colcon.colcon_core.package_selection:Skipping not selected package 'ros_gz' in 'src/ros_gz/ros_gz'
[0.696s] INFO:colcon.colcon_core.package_selection:Skipping not selected package 'ros_ign_gazebo_demos' in 'src/ros_gz/ros_ign_gazebo_demos'
[0.696s] INFO:colcon.colcon_core.package_selection:Skipping not selected package 'ros_ign' in 'src/ros_gz/ros_ign'
[0.697s] Level 1:colcon.colcon_core.package_discovery:discover_packages(prefix_path) check parameters
[0.697s] Level 1:colcon.colcon_core.package_discovery:discover_packages(prefix_path) discover
[0.702s] DEBUG:colcon.colcon_installed_package_information.package_discovery:Found 288 installed packages in /opt/ros/humble
[0.705s] Level 1:colcon.colcon_core.package_discovery:discover_packages(prefix_path) using defaults
[0.783s] Level 5:colcon.colcon_core.verb:set package 'aruco_tracker' build argument 'cmake_args' from command line to 'None'
[0.783s] Level 5:colcon.colcon_core.verb:set package 'aruco_tracker' build argument 'cmake_target' from command line to 'None'
[0.783s] Level 5:colcon.colcon_core.verb:set package 'aruco_tracker' build argument 'cmake_target_skip_unavailable' from command line to 'False'
[0.783s] Level 5:colcon.colcon_core.verb:set package 'aruco_tracker' build argument 'cmake_clean_cache' from command line to 'False'
[0.783s] Level 5:colcon.colcon_core.verb:set package 'aruco_tracker' build argument 'cmake_clean_first' from command line to 'False'
[0.783s] Level 5:colcon.colcon_core.verb:set package 'aruco_tracker' build argument 'cmake_force_configure' from command line to 'False'
[0.783s] Level 5:colcon.colcon_core.verb:set package 'aruco_tracker' build argument 'ament_cmake_args' from command line to 'None'
[0.783s] Level 5:colcon.colcon_core.verb:set package 'aruco_tracker' build argument 'catkin_cmake_args' from command line to 'None'
[0.783s] Level 5:colcon.colcon_core.verb:set package 'aruco_tracker' build argument 'catkin_skip_building_tests' from command line to 'False'
[0.783s] DEBUG:colcon.colcon_core.verb:Building package 'aruco_tracker' with the following arguments: {'ament_cmake_args': None, 'build_base': '/home/jagdeesh/tracker/build/aruco_tracker', 'catkin_cmake_args': None, 'catkin_skip_building_tests': False, 'cmake_args': None, 'cmake_clean_cache': False, 'cmake_clean_first': False, 'cmake_force_configure': False, 'cmake_target': None, 'cmake_target_skip_unavailable': False, 'install_base': '/home/jagdeesh/tracker/install/aruco_tracker', 'merge_install': False, 'path': '/home/jagdeesh/tracker/fixed_src/aruco_tracker', 'symlink_install': False, 'test_result_base': None}
[0.784s] Level 5:colcon.colcon_core.verb:set package 'precision_land' build argument 'cmake_args' from command line to 'None'
[0.784s] Level 5:colcon.colcon_core.verb:set package 'precision_land' build argument 'cmake_target' from command line to 'None'
[0.784s] Level 5:colcon.colcon_core.verb:set package 'precision_land' build argument 'cmake_target_skip_unavailable' from command line to 'False'
[0.784s] Level 5:colcon.colcon_core.verb:set package 'precision_land' build argument 'cmake_clean_cache' from command line to 'False'
[0.785s] Level 5:colcon.colcon_core.verb:set package 'precision_land' build argument 'cmake_clean_first' from command line to 'False'
[0.785s] Level 5:colcon.colcon_core.verb:set package 'precision_land' build argument 'cmake_force_configure' from command line to 'False'
[0.785s] Level 5:colcon.colcon_core.verb:set package 'precision_land' build argument 'ament_cmake_args' from command line to 'None'
[0.785s] Level 5:colcon.colcon_core.verb:set package 'precision_land' build argument 'catkin_cmake_args' from command line to 'None'
[0.785s] Level 5:colcon.colcon_core.verb:set package 'precision_land' build argument 'catkin_skip_building_tests' from command line to 'False'
[0.785s] DEBUG:colcon.colcon_core.verb:Building package 'precision_land' with the following arguments: {'ament_cmake_args': None, 'build_base': '/home/jagdeesh/tracker/build/precision_land', 'catkin_cmake_args': None, 'catkin_skip_building_tests': False, 'cmake_args': None, 'cmake_clean_cache': False, 'cmake_clean_first': False, 'cmake_force_configure': False, 'cmake_target': None, 'cmake_target_skip_unavailable': False, 'install_base': '/home/jagdeesh/tracker/install/precision_land', 'merge_install': False, 'path': '/home/jagdeesh/tracker/fixed_src/precision_land', 'symlink_install': False, 'test_result_base': None}
[0.785s] INFO:colcon.colcon_core.executor:Executing jobs using 'parallel' executor
[0.787s] DEBUG:colcon.colcon_parallel_executor.executor.parallel:run_until_complete
[0.788s] INFO:colcon.colcon_ros.task.ament_cmake.build:Building ROS package in '/home/jagdeesh/tracker/fixed_src/aruco_tracker' with build type 'ament_cmake'
[0.788s] INFO:colcon.colcon_cmake.task.cmake.build:Building CMake package in '/home/jagdeesh/tracker/fixed_src/aruco_tracker'
[0.793s] INFO:colcon.colcon_core.plugin_system:Skipping extension 'colcon_core.shell.bat': Not used on non-Windows systems
[0.793s] INFO:colcon.colcon_core.shell:Skip shell extension 'powershell' for command environment: Not usable outside of PowerShell
[0.793s] DEBUG:colcon.colcon_core.shell:Skip shell extension 'dsv' for command environment
[0.799s] INFO:colcon.colcon_ros.task.ament_cmake.build:Building ROS package in '/home/jagdeesh/tracker/fixed_src/precision_land' with build type 'ament_cmake'
[0.799s] INFO:colcon.colcon_cmake.task.cmake.build:Building CMake package in '/home/jagdeesh/tracker/fixed_src/precision_land'
[0.800s] INFO:colcon.colcon_core.shell:Skip shell extension 'powershell' for command environment: Not usable outside of PowerShell
[0.800s] DEBUG:colcon.colcon_core.shell:Skip shell extension 'dsv' for command environment
[0.819s] DEBUG:colcon.colcon_core.event_handler.log_command:Invoking command in '/home/jagdeesh/tracker/build/aruco_tracker': AMENT_PREFIX_PATH=/home/jagdeesh/tracker/install/px4_msgs:/home/jagdeesh/tracker/install/cv_bridge:${AMENT_PREFIX_PATH} CMAKE_PREFIX_PATH=/home/jagdeesh/tracker/install/px4_msgs:/home/jagdeesh/tracker/install/cv_bridge:/opt/ros/humble LD_LIBRARY_PATH=/home/jagdeesh/tracker/install/px4_msgs/lib:/home/jagdeesh/tracker/install/cv_bridge/lib:${LD_LIBRARY_PATH} PYTHONPATH=/home/jagdeesh/tracker/install/px4_msgs/local/lib/python3.10/dist-packages:/home/jagdeesh/tracker/install/cv_bridge/local/lib/python3.10/dist-packages:${PYTHONPATH} /usr/bin/cmake /home/jagdeesh/tracker/fixed_src/aruco_tracker -DCMAKE_INSTALL_PREFIX=/home/jagdeesh/tracker/install/aruco_tracker
[0.826s] DEBUG:colcon.colcon_core.event_handler.log_command:Invoking command in '/home/jagdeesh/tracker/build/precision_land': AMENT_PREFIX_PATH=/home/jagdeesh/tracker/install/px4_ros2_cpp:/home/jagdeesh/tracker/install/px4_msgs:${AMENT_PREFIX_PATH} CMAKE_PREFIX_PATH=/home/jagdeesh/tracker/install/px4_ros2_cpp:/home/jagdeesh/tracker/install/px4_msgs:/opt/ros/humble LD_LIBRARY_PATH=/home/jagdeesh/tracker/install/px4_ros2_cpp/lib:/home/jagdeesh/tracker/install/px4_msgs/lib:${LD_LIBRARY_PATH} PYTHONPATH=/home/jagdeesh/tracker/install/px4_msgs/local/lib/python3.10/dist-packages:${PYTHONPATH} /usr/bin/cmake /home/jagdeesh/tracker/fixed_src/precision_land -DCMAKE_INSTALL_PREFIX=/home/jagdeesh/tracker/install/precision_land
[1.899s] DEBUG:colcon.colcon_core.event_handler.log_command:Invoked command in '/home/jagdeesh/tracker/build/aruco_tracker' returned '0': AMENT_PREFIX_PATH=/home/jagdeesh/tracker/install/px4_msgs:/home/jagdeesh/tracker/install/cv_bridge:${AMENT_PREFIX_PATH} CMAKE_PREFIX_PATH=/home/jagdeesh/tracker/install/px4_msgs:/home/jagdeesh/tracker/install/cv_bridge:/opt/ros/humble LD_LIBRARY_PATH=/home/jagdeesh/tracker/install/px4_msgs/lib:/home/jagdeesh/tracker/install/cv_bridge/lib:${LD_LIBRARY_PATH} PYTHONPATH=/home/jagdeesh/tracker/install/px4_msgs/local/lib/python3.10/dist-packages:/home/jagdeesh/tracker/install/cv_bridge/local/lib/python3.10/dist-packages:${PYTHONPATH} /usr/bin/cmake /home/jagdeesh/tracker/fixed_src/aruco_tracker -DCMAKE_INSTALL_PREFIX=/home/jagdeesh/tracker/install/aruco_tracker
[1.902s] DEBUG:colcon.colcon_core.event_handler.log_command:Invoking command in '/home/jagdeesh/tracker/build/aruco_tracker': AMENT_PREFIX_PATH=/home/jagdeesh/tracker/install/px4_msgs:/home/jagdeesh/tracker/install/cv_bridge:${AMENT_PREFIX_PATH} CMAKE_PREFIX_PATH=/home/jagdeesh/tracker/install/px4_msgs:/home/jagdeesh/tracker/install/cv_bridge:/opt/ros/humble LD_LIBRARY_PATH=/home/jagdeesh/tracker/install/px4_msgs/lib:/home/jagdeesh/tracker/install/cv_bridge/lib:${LD_LIBRARY_PATH} PYTHONPATH=/home/jagdeesh/tracker/install/px4_msgs/local/lib/python3.10/dist-packages:/home/jagdeesh/tracker/install/cv_bridge/local/lib/python3.10/dist-packages:${PYTHONPATH} /usr/bin/cmake --build /home/jagdeesh/tracker/build/aruco_tracker -- -j12 -l12
[2.006s] DEBUG:colcon.colcon_core.event_handler.log_command:Invoked command in '/home/jagdeesh/tracker/build/precision_land' returned '0': AMENT_PREFIX_PATH=/home/jagdeesh/tracker/install/px4_ros2_cpp:/home/jagdeesh/tracker/install/px4_msgs:${AMENT_PREFIX_PATH} CMAKE_PREFIX_PATH=/home/jagdeesh/tracker/install/px4_ros2_cpp:/home/jagdeesh/tracker/install/px4_msgs:/opt/ros/humble LD_LIBRARY_PATH=/home/jagdeesh/tracker/install/px4_ros2_cpp/lib:/home/jagdeesh/tracker/install/px4_msgs/lib:${LD_LIBRARY_PATH} PYTHONPATH=/home/jagdeesh/tracker/install/px4_msgs/local/lib/python3.10/dist-packages:${PYTHONPATH} /usr/bin/cmake /home/jagdeesh/tracker/fixed_src/precision_land -DCMAKE_INSTALL_PREFIX=/home/jagdeesh/tracker/install/precision_land
[2.009s] DEBUG:colcon.colcon_core.event_handler.log_command:Invoking command in '/home/jagdeesh/tracker/build/precision_land': AMENT_PREFIX_PATH=/home/jagdeesh/tracker/install/px4_ros2_cpp:/home/jagdeesh/tracker/install/px4_msgs:${AMENT_PREFIX_PATH} CMAKE_PREFIX_PATH=/home/jagdeesh/tracker/install/px4_ros2_cpp:/home/jagdeesh/tracker/install/px4_msgs:/opt/ros/humble LD_LIBRARY_PATH=/home/jagdeesh/tracker/install/px4_ros2_cpp/lib:/home/jagdeesh/tracker/install/px4_msgs/lib:${LD_LIBRARY_PATH} PYTHONPATH=/home/jagdeesh/tracker/install/px4_msgs/local/lib/python3.10/dist-packages:${PYTHONPATH} /usr/bin/cmake --build /home/jagdeesh/tracker/build/precision_land -- -j12 -l12
[2.036s] DEBUG:colcon.colcon_core.event_handler.log_command:Invoked command in '/home/jagdeesh/tracker/build/aruco_tracker' returned '0': AMENT_PREFIX_PATH=/home/jagdeesh/tracker/install/px4_msgs:/home/jagdeesh/tracker/install/cv_bridge:${AMENT_PREFIX_PATH} CMAKE_PREFIX_PATH=/home/jagdeesh/tracker/install/px4_msgs:/home/jagdeesh/tracker/install/cv_bridge:/opt/ros/humble LD_LIBRARY_PATH=/home/jagdeesh/tracker/install/px4_msgs/lib:/home/jagdeesh/tracker/install/cv_bridge/lib:${LD_LIBRARY_PATH} PYTHONPATH=/home/jagdeesh/tracker/install/px4_msgs/local/lib/python3.10/dist-packages:/home/jagdeesh/tracker/install/cv_bridge/local/lib/python3.10/dist-packages:${PYTHONPATH} /usr/bin/cmake --build /home/jagdeesh/tracker/build/aruco_tracker -- -j12 -l12
[2.058s] DEBUG:colcon.colcon_core.event_handler.log_command:Invoking command in '/home/jagdeesh/tracker/build/aruco_tracker': AMENT_PREFIX_PATH=/home/jagdeesh/tracker/install/px4_msgs:/home/jagdeesh/tracker/install/cv_bridge:${AMENT_PREFIX_PATH} CMAKE_PREFIX_PATH=/home/jagdeesh/tracker/install/px4_msgs:/home/jagdeesh/tracker/install/cv_bridge:/opt/ros/humble LD_LIBRARY_PATH=/home/jagdeesh/tracker/install/px4_msgs/lib:/home/jagdeesh/tracker/install/cv_bridge/lib:${LD_LIBRARY_PATH} PYTHONPATH=/home/jagdeesh/tracker/install/px4_msgs/local/lib/python3.10/dist-packages:/home/jagdeesh/tracker/install/cv_bridge/local/lib/python3.10/dist-packages:${PYTHONPATH} /usr/bin/cmake --install /home/jagdeesh/tracker/build/aruco_tracker
[2.079s] Level 1:colcon.colcon_core.environment:create_environment_scripts_only(aruco_tracker)
[2.080s] DEBUG:colcon.colcon_core.event_handler.log_command:Invoked command in '/home/jagdeesh/tracker/build/aruco_tracker' returned '0': AMENT_PREFIX_PATH=/home/jagdeesh/tracker/install/px4_msgs:/home/jagdeesh/tracker/install/cv_bridge:${AMENT_PREFIX_PATH} CMAKE_PREFIX_PATH=/home/jagdeesh/tracker/install/px4_msgs:/home/jagdeesh/tracker/install/cv_bridge:/opt/ros/humble LD_LIBRARY_PATH=/home/jagdeesh/tracker/install/px4_msgs/lib:/home/jagdeesh/tracker/install/cv_bridge/lib:${LD_LIBRARY_PATH} PYTHONPATH=/home/jagdeesh/tracker/install/px4_msgs/local/lib/python3.10/dist-packages:/home/jagdeesh/tracker/install/cv_bridge/local/lib/python3.10/dist-packages:${PYTHONPATH} /usr/bin/cmake --install /home/jagdeesh/tracker/build/aruco_tracker
[2.085s] Level 1:colcon.colcon_core.environment:checking '/home/jagdeesh/tracker/install/aruco_tracker' for CMake module files
[2.087s] Level 1:colcon.colcon_core.environment:checking '/home/jagdeesh/tracker/install/aruco_tracker' for CMake config files
[2.088s] Level 1:colcon.colcon_core.shell:create_environment_hook('aruco_tracker', 'cmake_prefix_path')
[2.088s] INFO:colcon.colcon_core.shell:Creating environment hook '/home/jagdeesh/tracker/install/aruco_tracker/share/aruco_tracker/hook/cmake_prefix_path.ps1'
[2.089s] INFO:colcon.colcon_core.shell:Creating environment descriptor '/home/jagdeesh/tracker/install/aruco_tracker/share/aruco_tracker/hook/cmake_prefix_path.dsv'
[2.091s] INFO:colcon.colcon_core.shell:Creating environment hook '/home/jagdeesh/tracker/install/aruco_tracker/share/aruco_tracker/hook/cmake_prefix_path.sh'
[2.093s] Level 1:colcon.colcon_core.environment:checking '/home/jagdeesh/tracker/install/aruco_tracker/lib'
[2.094s] Level 1:colcon.colcon_core.environment:checking '/home/jagdeesh/tracker/install/aruco_tracker/bin'
[2.094s] Level 1:colcon.colcon_core.environment:checking '/home/jagdeesh/tracker/install/aruco_tracker/lib/pkgconfig/aruco_tracker.pc'
[2.095s] Level 1:colcon.colcon_core.environment:checking '/home/jagdeesh/tracker/install/aruco_tracker/lib/python3.10/site-packages'
[2.095s] Level 1:colcon.colcon_core.environment:checking '/home/jagdeesh/tracker/install/aruco_tracker/bin'
[2.096s] INFO:colcon.colcon_core.shell:Creating package script '/home/jagdeesh/tracker/install/aruco_tracker/share/aruco_tracker/package.ps1'
[2.098s] INFO:colcon.colcon_core.shell:Creating package descriptor '/home/jagdeesh/tracker/install/aruco_tracker/share/aruco_tracker/package.dsv'
[2.099s] INFO:colcon.colcon_core.shell:Creating package script '/home/jagdeesh/tracker/install/aruco_tracker/share/aruco_tracker/package.sh'
[2.100s] INFO:colcon.colcon_core.shell:Creating package script '/home/jagdeesh/tracker/install/aruco_tracker/share/aruco_tracker/package.bash'
[2.102s] INFO:colcon.colcon_core.shell:Creating package script '/home/jagdeesh/tracker/install/aruco_tracker/share/aruco_tracker/package.zsh'
[2.103s] Level 1:colcon.colcon_core.environment:create_file_with_runtime_dependencies(/home/jagdeesh/tracker/install/aruco_tracker/share/colcon-core/packages/aruco_tracker)
[2.105s] Level 1:colcon.colcon_core.environment:create_environment_scripts_only(aruco_tracker)
[2.105s] Level 1:colcon.colcon_core.environment:checking '/home/jagdeesh/tracker/install/aruco_tracker' for CMake module files
[2.106s] Level 1:colcon.colcon_core.environment:checking '/home/jagdeesh/tracker/install/aruco_tracker' for CMake config files
[2.107s] Level 1:colcon.colcon_core.shell:create_environment_hook('aruco_tracker', 'cmake_prefix_path')
[2.107s] INFO:colcon.colcon_core.shell:Creating environment hook '/home/jagdeesh/tracker/install/aruco_tracker/share/aruco_tracker/hook/cmake_prefix_path.ps1'
[2.108s] INFO:colcon.colcon_core.shell:Creating environment descriptor '/home/jagdeesh/tracker/install/aruco_tracker/share/aruco_tracker/hook/cmake_prefix_path.dsv'
[2.109s] INFO:colcon.colcon_core.shell:Creating environment hook '/home/jagdeesh/tracker/install/aruco_tracker/share/aruco_tracker/hook/cmake_prefix_path.sh'
[2.110s] Level 1:colcon.colcon_core.environment:checking '/home/jagdeesh/tracker/install/aruco_tracker/lib'
[2.111s] Level 1:colcon.colcon_core.environment:checking '/home/jagdeesh/tracker/install/aruco_tracker/bin'
[2.111s] Level 1:colcon.colcon_core.environment:checking '/home/jagdeesh/tracker/install/aruco_tracker/lib/pkgconfig/aruco_tracker.pc'
[2.111s] Level 1:colcon.colcon_core.environment:checking '/home/jagdeesh/tracker/install/aruco_tracker/lib/python3.10/site-packages'
[2.112s] Level 1:colcon.colcon_core.environment:checking '/home/jagdeesh/tracker/install/aruco_tracker/bin'
[2.112s] INFO:colcon.colcon_core.shell:Creating package script '/home/jagdeesh/tracker/install/aruco_tracker/share/aruco_tracker/package.ps1'
[2.114s] INFO:colcon.colcon_core.shell:Creating package descriptor '/home/jagdeesh/tracker/install/aruco_tracker/share/aruco_tracker/package.dsv'
[2.115s] INFO:colcon.colcon_core.shell:Creating package script '/home/jagdeesh/tracker/install/aruco_tracker/share/aruco_tracker/package.sh'
[2.116s] INFO:colcon.colcon_core.shell:Creating package script '/home/jagdeesh/tracker/install/aruco_tracker/share/aruco_tracker/package.bash'
[2.116s] INFO:colcon.colcon_core.shell:Creating package script '/home/jagdeesh/tracker/install/aruco_tracker/share/aruco_tracker/package.zsh'
[2.117s] Level 1:colcon.colcon_core.environment:create_file_with_runtime_dependencies(/home/jagdeesh/tracker/install/aruco_tracker/share/colcon-core/packages/aruco_tracker)
[2.154s] DEBUG:colcon.colcon_core.event_handler.log_command:Invoked command in '/home/jagdeesh/tracker/build/precision_land' returned '0': AMENT_PREFIX_PATH=/home/jagdeesh/tracker/install/px4_ros2_cpp:/home/jagdeesh/tracker/install/px4_msgs:${AMENT_PREFIX_PATH} CMAKE_PREFIX_PATH=/home/jagdeesh/tracker/install/px4_ros2_cpp:/home/jagdeesh/tracker/install/px4_msgs:/opt/ros/humble LD_LIBRARY_PATH=/home/jagdeesh/tracker/install/px4_ros2_cpp/lib:/home/jagdeesh/tracker/install/px4_msgs/lib:${LD_LIBRARY_PATH} PYTHONPATH=/home/jagdeesh/tracker/install/px4_msgs/local/lib/python3.10/dist-packages:${PYTHONPATH} /usr/bin/cmake --build /home/jagdeesh/tracker/build/precision_land -- -j12 -l12
[2.157s] DEBUG:colcon.colcon_core.event_handler.log_command:Invoking command in '/home/jagdeesh/tracker/build/precision_land': AMENT_PREFIX_PATH=/home/jagdeesh/tracker/install/px4_ros2_cpp:/home/jagdeesh/tracker/install/px4_msgs:${AMENT_PREFIX_PATH} CMAKE_PREFIX_PATH=/home/jagdeesh/tracker/install/px4_ros2_cpp:/home/jagdeesh/tracker/install/px4_msgs:/opt/ros/humble LD_LIBRARY_PATH=/home/jagdeesh/tracker/install/px4_ros2_cpp/lib:/home/jagdeesh/tracker/install/px4_msgs/lib:${LD_LIBRARY_PATH} PYTHONPATH=/home/jagdeesh/tracker/install/px4_msgs/local/lib/python3.10/dist-packages:${PYTHONPATH} /usr/bin/cmake --install /home/jagdeesh/tracker/build/precision_land
[2.175s] Level 1:colcon.colcon_core.environment:create_environment_scripts_only(precision_land)
[2.177s] Level 1:colcon.colcon_core.environment:checking '/home/jagdeesh/tracker/install/precision_land' for CMake module files
[2.179s] DEBUG:colcon.colcon_core.event_handler.log_command:Invoked command in '/home/jagdeesh/tracker/build/precision_land' returned '0': AMENT_PREFIX_PATH=/home/jagdeesh/tracker/install/px4_ros2_cpp:/home/jagdeesh/tracker/install/px4_msgs:${AMENT_PREFIX_PATH} CMAKE_PREFIX_PATH=/home/jagdeesh/tracker/install/px4_ros2_cpp:/home/jagdeesh/tracker/install/px4_msgs:/opt/ros/humble LD_LIBRARY_PATH=/home/jagdeesh/tracker/install/px4_ros2_cpp/lib:/home/jagdeesh/tracker/install/px4_msgs/lib:${LD_LIBRARY_PATH} PYTHONPATH=/home/jagdeesh/tracker/install/px4_msgs/local/lib/python3.10/dist-packages:${PYTHONPATH} /usr/bin/cmake --install /home/jagdeesh/tracker/build/precision_land
[2.180s] Level 1:colcon.colcon_core.environment:checking '/home/jagdeesh/tracker/install/precision_land' for CMake config files
[2.180s] Level 1:colcon.colcon_core.shell:create_environment_hook('precision_land', 'cmake_prefix_path')
[2.181s] INFO:colcon.colcon_core.shell:Creating environment hook '/home/jagdeesh/tracker/install/precision_land/share/precision_land/hook/cmake_prefix_path.ps1'
[2.182s] INFO:colcon.colcon_core.shell:Creating environment descriptor '/home/jagdeesh/tracker/install/precision_land/share/precision_land/hook/cmake_prefix_path.dsv'
[2.183s] INFO:colcon.colcon_core.shell:Creating environment hook '/home/jagdeesh/tracker/install/precision_land/share/precision_land/hook/cmake_prefix_path.sh'
[2.184s] Level 1:colcon.colcon_core.environment:checking '/home/jagdeesh/tracker/install/precision_land/lib'
[2.184s] Level 1:colcon.colcon_core.environment:checking '/home/jagdeesh/tracker/install/precision_land/bin'
[2.184s] Level 1:colcon.colcon_core.environment:checking '/home/jagdeesh/tracker/install/precision_land/lib/pkgconfig/precision_land.pc'
[2.185s] Level 1:colcon.colcon_core.environment:checking '/home/jagdeesh/tracker/install/precision_land/lib/python3.10/site-packages'
[2.185s] Level 1:colcon.colcon_core.environment:checking '/home/jagdeesh/tracker/install/precision_land/bin'
[2.186s] INFO:colcon.colcon_core.shell:Creating package script '/home/jagdeesh/tracker/install/precision_land/share/precision_land/package.ps1'
[2.187s] INFO:colcon.colcon_core.shell:Creating package descriptor '/home/jagdeesh/tracker/install/precision_land/share/precision_land/package.dsv'
[2.188s] INFO:colcon.colcon_core.shell:Creating package script '/home/jagdeesh/tracker/install/precision_land/share/precision_land/package.sh'
[2.189s] INFO:colcon.colcon_core.shell:Creating package script '/home/jagdeesh/tracker/install/precision_land/share/precision_land/package.bash'
[2.190s] INFO:colcon.colcon_core.shell:Creating package script '/home/jagdeesh/tracker/install/precision_land/share/precision_land/package.zsh'
[2.191s] Level 1:colcon.colcon_core.environment:create_file_with_runtime_dependencies(/home/jagdeesh/tracker/install/precision_land/share/colcon-core/packages/precision_land)
[2.192s] Level 1:colcon.colcon_core.environment:create_environment_scripts_only(precision_land)
[2.192s] Level 1:colcon.colcon_core.environment:checking '/home/jagdeesh/tracker/install/precision_land' for CMake module files
[2.193s] Level 1:colcon.colcon_core.environment:checking '/home/jagdeesh/tracker/install/precision_land' for CMake config files
[2.194s] Level 1:colcon.colcon_core.shell:create_environment_hook('precision_land', 'cmake_prefix_path')
[2.195s] INFO:colcon.colcon_core.shell:Creating environment hook '/home/jagdeesh/tracker/install/precision_land/share/precision_land/hook/cmake_prefix_path.ps1'
[2.196s] INFO:colcon.colcon_core.shell:Creating environment descriptor '/home/jagdeesh/tracker/install/precision_land/share/precision_land/hook/cmake_prefix_path.dsv'
[2.196s] INFO:colcon.colcon_core.shell:Creating environment hook '/home/jagdeesh/tracker/install/precision_land/share/precision_land/hook/cmake_prefix_path.sh'
[2.198s] Level 1:colcon.colcon_core.environment:checking '/home/jagdeesh/tracker/install/precision_land/lib'
[2.198s] Level 1:colcon.colcon_core.environment:checking '/home/jagdeesh/tracker/install/precision_land/bin'
[2.198s] Level 1:colcon.colcon_core.environment:checking '/home/jagdeesh/tracker/install/precision_land/lib/pkgconfig/precision_land.pc'
[2.198s] Level 1:colcon.colcon_core.environment:checking '/home/jagdeesh/tracker/install/precision_land/lib/python3.10/site-packages'
[2.199s] Level 1:colcon.colcon_core.environment:checking '/home/jagdeesh/tracker/install/precision_land/bin'
[2.200s] INFO:colcon.colcon_core.shell:Creating package script '/home/jagdeesh/tracker/install/precision_land/share/precision_land/package.ps1'
[2.201s] INFO:colcon.colcon_core.shell:Creating package descriptor '/home/jagdeesh/tracker/install/precision_land/share/precision_land/package.dsv'
[2.202s] INFO:colcon.colcon_core.shell:Creating package script '/home/jagdeesh/tracker/install/precision_land/share/precision_land/package.sh'
[2.203s] INFO:colcon.colcon_core.shell:Creating package script '/home/jagdeesh/tracker/install/precision_land/share/precision_land/package.bash'
[2.204s] INFO:colcon.colcon_core.shell:Creating package script '/home/jagdeesh/tracker/install/precision_land/share/precision_land/package.zsh'
[2.204s] Level 1:colcon.colcon_core.environment:create_file_with_runtime_dependencies(/home/jagdeesh/tracker/install/precision_land/share/colcon-core/packages/precision_land)
[2.205s] DEBUG:colcon.colcon_parallel_executor.executor.parallel:closing loop
[2.208s] DEBUG:colcon.colcon_parallel_executor.executor.parallel:loop closed
[2.209s] DEBUG:colcon.colcon_parallel_executor.executor.parallel:run_until_complete finished with '0'
[2.209s] DEBUG:colcon.colcon_core.event_reactor:joining thread
[2.220s] INFO:colcon.colcon_core.plugin_system:Skipping extension 'colcon_notification.desktop_notification.terminal_notifier': Not used on non-Darwin systems
[2.220s] INFO:colcon.colcon_core.plugin_system:Skipping extension 'colcon_notification.desktop_notification.win32': Not used on non-Windows systems
[2.220s] INFO:colcon.colcon_notification.desktop_notification:Sending desktop notification using 'notify2'
[2.246s] DEBUG:colcon.colcon_core.event_reactor:joined thread
[2.247s] INFO:colcon.colcon_core.shell:Creating prefix script '/home/jagdeesh/tracker/install/local_setup.ps1'
[2.249s] INFO:colcon.colcon_core.shell:Creating prefix util module '/home/jagdeesh/tracker/install/_local_setup_util_ps1.py'
[2.254s] INFO:colcon.colcon_core.shell:Creating prefix chain script '/home/jagdeesh/tracker/install/setup.ps1'
[2.255s] INFO:colcon.colcon_core.shell:Creating prefix script '/home/jagdeesh/tracker/install/local_setup.sh'
[2.257s] INFO:colcon.colcon_core.shell:Creating prefix util module '/home/jagdeesh/tracker/install/_local_setup_util_sh.py'
[2.258s] INFO:colcon.colcon_core.shell:Creating prefix chain script '/home/jagdeesh/tracker/install/setup.sh'
[2.260s] INFO:colcon.colcon_core.shell:Creating prefix script '/home/jagdeesh/tracker/install/local_setup.bash'
[2.261s] INFO:colcon.colcon_core.shell:Creating prefix chain script '/home/jagdeesh/tracker/install/setup.bash'
[2.263s] INFO:colcon.colcon_core.shell:Creating prefix script '/home/jagdeesh/tracker/install/local_setup.zsh'
[2.264s] INFO:colcon.colcon_core.shell:Creating prefix chain script '/home/jagdeesh/tracker/install/setup.zsh'
