[0.422s] DEBUG:colcon:Command line arguments: ['/usr/bin/colcon', 'build', '--parallel-workers', '2', '--allow-overriding', 'cv_bridge', 'image_geometry', '--cmake-args', '-DCMAKE_BUILD_TYPE=Release']
[0.422s] DEBUG:colcon:Parsed command line arguments: Namespace(log_base=None, log_level=None, verb_name='build', build_base='build', install_base='install', merge_install=False, symlink_install=False, test_result_base=None, continue_on_error=False, executor='parallel', parallel_workers=2, event_handlers=None, ignore_user_meta=False, metas=['./colcon.meta'], base_paths=['.'], packages_ignore=None, packages_ignore_regex=None, paths=None, packages_up_to=None, packages_up_to_regex=None, packages_above=None, packages_above_and_dependencies=None, packages_above_depth=None, packages_select_by_dep=None, packages_skip_by_dep=None, packages_skip_up_to=None, packages_select_build_failed=False, packages_skip_build_finished=False, packages_select_test_failures=False, packages_skip_test_passed=False, packages_select=None, packages_skip=None, packages_select_regex=None, packages_skip_regex=None, packages_start=None, packages_end=None, allow_overriding=['cv_bridge', 'image_geometry'], cmake_args=['-DCMAKE_BUILD_TYPE=Release'], cmake_target=None, cmake_target_skip_unavailable=False, cmake_clean_cache=False, cmake_clean_first=False, cmake_force_configure=False, ament_cmake_args=None, catkin_cmake_args=None, catkin_skip_building_tests=False, mixin_files=None, mixin=None, verb_parser=<colcon_mixin.mixin.mixin_argument.MixinArgumentDecorator object at 0x72c7dd367550>, verb_extension=<colcon_core.verb.build.BuildVerb object at 0x72c7dd366ef0>, main=<bound method BuildVerb.main of <colcon_core.verb.build.BuildVerb object at 0x72c7dd366ef0>>, mixin_verb=('build',))
[0.819s] Level 1:colcon.colcon_core.package_discovery:discover_packages(colcon_meta) check parameters
[0.820s] Level 1:colcon.colcon_core.package_discovery:discover_packages(recursive) check parameters
[0.820s] Level 1:colcon.colcon_core.package_discovery:discover_packages(ignore) check parameters
[0.820s] Level 1:colcon.colcon_core.package_discovery:discover_packages(path) check parameters
[0.820s] Level 1:colcon.colcon_core.package_discovery:discover_packages(colcon_meta) discover
[0.820s] Level 1:colcon.colcon_core.package_discovery:discover_packages(recursive) discover
[0.820s] INFO:colcon.colcon_core.package_discovery:Crawling recursively for packages in '/home/jagdeesh/tracker'
[0.820s] Level 1:colcon.colcon_core.package_identification:_identify(.) by extensions ['ignore', 'ignore_ament_install']
[0.820s] Level 1:colcon.colcon_core.package_identification:_identify(.) by extension 'ignore'
[0.821s] Level 1:colcon.colcon_core.package_identification:_identify(.) by extension 'ignore_ament_install'
[0.821s] Level 1:colcon.colcon_core.package_identification:_identify(.) by extensions ['colcon_pkg']
[0.821s] Level 1:colcon.colcon_core.package_identification:_identify(.) by extension 'colcon_pkg'
[0.821s] Level 1:colcon.colcon_core.package_identification:_identify(.) by extensions ['colcon_meta']
[0.821s] Level 1:colcon.colcon_core.package_identification:_identify(.) by extension 'colcon_meta'
[0.821s] Level 1:colcon.colcon_core.package_identification:_identify(.) by extensions ['ros']
[0.821s] Level 1:colcon.colcon_core.package_identification:_identify(.) by extension 'ros'
[0.845s] Level 1:colcon.colcon_core.package_identification:_identify(.) by extensions ['cmake', 'python']
[0.845s] Level 1:colcon.colcon_core.package_identification:_identify(.) by extension 'cmake'
[0.845s] Level 1:colcon.colcon_core.package_identification:_identify(.) by extension 'python'
[0.846s] Level 1:colcon.colcon_core.package_identification:_identify(.) by extensions ['python_setup_py']
[0.846s] Level 1:colcon.colcon_core.package_identification:_identify(.) by extension 'python_setup_py'
[0.846s] Level 1:colcon.colcon_core.package_identification:_identify(build) by extensions ['ignore', 'ignore_ament_install']
[0.846s] Level 1:colcon.colcon_core.package_identification:_identify(build) by extension 'ignore'
[0.846s] Level 1:colcon.colcon_core.package_identification:_identify(build) ignored
[0.846s] Level 1:colcon.colcon_core.package_identification:_identify(fixed_src) by extensions ['ignore', 'ignore_ament_install']
[0.846s] Level 1:colcon.colcon_core.package_identification:_identify(fixed_src) by extension 'ignore'
[0.846s] Level 1:colcon.colcon_core.package_identification:_identify(fixed_src) by extension 'ignore_ament_install'
[0.846s] Level 1:colcon.colcon_core.package_identification:_identify(fixed_src) by extensions ['colcon_pkg']
[0.847s] Level 1:colcon.colcon_core.package_identification:_identify(fixed_src) by extension 'colcon_pkg'
[0.847s] Level 1:colcon.colcon_core.package_identification:_identify(fixed_src) by extensions ['colcon_meta']
[0.847s] Level 1:colcon.colcon_core.package_identification:_identify(fixed_src) by extension 'colcon_meta'
[0.847s] Level 1:colcon.colcon_core.package_identification:_identify(fixed_src) by extensions ['ros']
[0.847s] Level 1:colcon.colcon_core.package_identification:_identify(fixed_src) by extension 'ros'
[0.847s] Level 1:colcon.colcon_core.package_identification:_identify(fixed_src) by extensions ['cmake', 'python']
[0.847s] Level 1:colcon.colcon_core.package_identification:_identify(fixed_src) by extension 'cmake'
[0.847s] Level 1:colcon.colcon_core.package_identification:_identify(fixed_src) by extension 'python'
[0.847s] Level 1:colcon.colcon_core.package_identification:_identify(fixed_src) by extensions ['python_setup_py']
[0.847s] Level 1:colcon.colcon_core.package_identification:_identify(fixed_src) by extension 'python_setup_py'
[0.847s] Level 1:colcon.colcon_core.package_identification:_identify(fixed_src/aruco_tracker) by extensions ['ignore', 'ignore_ament_install']
[0.847s] Level 1:colcon.colcon_core.package_identification:_identify(fixed_src/aruco_tracker) by extension 'ignore'
[0.847s] Level 1:colcon.colcon_core.package_identification:_identify(fixed_src/aruco_tracker) by extension 'ignore_ament_install'
[0.847s] Level 1:colcon.colcon_core.package_identification:_identify(fixed_src/aruco_tracker) by extensions ['colcon_pkg']
[0.847s] Level 1:colcon.colcon_core.package_identification:_identify(fixed_src/aruco_tracker) by extension 'colcon_pkg'
[0.847s] Level 1:colcon.colcon_core.package_identification:_identify(fixed_src/aruco_tracker) by extensions ['colcon_meta']
[0.847s] Level 1:colcon.colcon_core.package_identification:_identify(fixed_src/aruco_tracker) by extension 'colcon_meta'
[0.848s] Level 1:colcon.colcon_core.package_identification:_identify(fixed_src/aruco_tracker) by extensions ['ros']
[0.848s] Level 1:colcon.colcon_core.package_identification:_identify(fixed_src/aruco_tracker) by extension 'ros'
[0.871s] DEBUG:colcon.colcon_core.package_identification:Package 'fixed_src/aruco_tracker' with type 'ros.ament_cmake' and name 'aruco_tracker'
[0.871s] Level 1:colcon.colcon_core.package_identification:_identify(fixed_src/precision_land) by extensions ['ignore', 'ignore_ament_install']
[0.872s] Level 1:colcon.colcon_core.package_identification:_identify(fixed_src/precision_land) by extension 'ignore'
[0.872s] Level 1:colcon.colcon_core.package_identification:_identify(fixed_src/precision_land) by extension 'ignore_ament_install'
[0.872s] Level 1:colcon.colcon_core.package_identification:_identify(fixed_src/precision_land) by extensions ['colcon_pkg']
[0.872s] Level 1:colcon.colcon_core.package_identification:_identify(fixed_src/precision_land) by extension 'colcon_pkg'
[0.872s] Level 1:colcon.colcon_core.package_identification:_identify(fixed_src/precision_land) by extensions ['colcon_meta']
[0.872s] Level 1:colcon.colcon_core.package_identification:_identify(fixed_src/precision_land) by extension 'colcon_meta'
[0.872s] Level 1:colcon.colcon_core.package_identification:_identify(fixed_src/precision_land) by extensions ['ros']
[0.872s] Level 1:colcon.colcon_core.package_identification:_identify(fixed_src/precision_land) by extension 'ros'
[0.873s] DEBUG:colcon.colcon_core.package_identification:Package 'fixed_src/precision_land' with type 'ros.ament_cmake' and name 'precision_land'
[0.874s] Level 1:colcon.colcon_core.package_identification:_identify(install) by extensions ['ignore', 'ignore_ament_install']
[0.874s] Level 1:colcon.colcon_core.package_identification:_identify(install) by extension 'ignore'
[0.874s] Level 1:colcon.colcon_core.package_identification:_identify(install) ignored
[0.874s] Level 1:colcon.colcon_core.package_identification:_identify(log) by extensions ['ignore', 'ignore_ament_install']
[0.874s] Level 1:colcon.colcon_core.package_identification:_identify(log) by extension 'ignore'
[0.874s] Level 1:colcon.colcon_core.package_identification:_identify(log) ignored
[0.874s] Level 1:colcon.colcon_core.package_identification:_identify(services) by extensions ['ignore', 'ignore_ament_install']
[0.874s] Level 1:colcon.colcon_core.package_identification:_identify(services) by extension 'ignore'
[0.874s] Level 1:colcon.colcon_core.package_identification:_identify(services) by extension 'ignore_ament_install'
[0.875s] Level 1:colcon.colcon_core.package_identification:_identify(services) by extensions ['colcon_pkg']
[0.875s] Level 1:colcon.colcon_core.package_identification:_identify(services) by extension 'colcon_pkg'
[0.875s] Level 1:colcon.colcon_core.package_identification:_identify(services) by extensions ['colcon_meta']
[0.875s] Level 1:colcon.colcon_core.package_identification:_identify(services) by extension 'colcon_meta'
[0.875s] Level 1:colcon.colcon_core.package_identification:_identify(services) by extensions ['ros']
[0.875s] Level 1:colcon.colcon_core.package_identification:_identify(services) by extension 'ros'
[0.875s] Level 1:colcon.colcon_core.package_identification:_identify(services) by extensions ['cmake', 'python']
[0.875s] Level 1:colcon.colcon_core.package_identification:_identify(services) by extension 'cmake'
[0.875s] Level 1:colcon.colcon_core.package_identification:_identify(services) by extension 'python'
[0.875s] Level 1:colcon.colcon_core.package_identification:_identify(services) by extensions ['python_setup_py']
[0.875s] Level 1:colcon.colcon_core.package_identification:_identify(services) by extension 'python_setup_py'
[0.875s] Level 1:colcon.colcon_core.package_identification:_identify(src) by extensions ['ignore', 'ignore_ament_install']
[0.875s] Level 1:colcon.colcon_core.package_identification:_identify(src) by extension 'ignore'
[0.875s] Level 1:colcon.colcon_core.package_identification:_identify(src) by extension 'ignore_ament_install'
[0.875s] Level 1:colcon.colcon_core.package_identification:_identify(src) by extensions ['colcon_pkg']
[0.875s] Level 1:colcon.colcon_core.package_identification:_identify(src) by extension 'colcon_pkg'
[0.875s] Level 1:colcon.colcon_core.package_identification:_identify(src) by extensions ['colcon_meta']
[0.876s] Level 1:colcon.colcon_core.package_identification:_identify(src) by extension 'colcon_meta'
[0.876s] Level 1:colcon.colcon_core.package_identification:_identify(src) by extensions ['ros']
[0.876s] Level 1:colcon.colcon_core.package_identification:_identify(src) by extension 'ros'
[0.876s] Level 1:colcon.colcon_core.package_identification:_identify(src) by extensions ['cmake', 'python']
[0.876s] Level 1:colcon.colcon_core.package_identification:_identify(src) by extension 'cmake'
[0.876s] Level 1:colcon.colcon_core.package_identification:_identify(src) by extension 'python'
[0.876s] Level 1:colcon.colcon_core.package_identification:_identify(src) by extensions ['python_setup_py']
[0.876s] Level 1:colcon.colcon_core.package_identification:_identify(src) by extension 'python_setup_py'
[0.876s] Level 1:colcon.colcon_core.package_identification:_identify(src/px4-ros2-interface-lib) by extensions ['ignore', 'ignore_ament_install']
[0.876s] Level 1:colcon.colcon_core.package_identification:_identify(src/px4-ros2-interface-lib) by extension 'ignore'
[0.876s] Level 1:colcon.colcon_core.package_identification:_identify(src/px4-ros2-interface-lib) by extension 'ignore_ament_install'
[0.877s] Level 1:colcon.colcon_core.package_identification:_identify(src/px4-ros2-interface-lib) by extensions ['colcon_pkg']
[0.877s] Level 1:colcon.colcon_core.package_identification:_identify(src/px4-ros2-interface-lib) by extension 'colcon_pkg'
[0.877s] Level 1:colcon.colcon_core.package_identification:_identify(src/px4-ros2-interface-lib) by extensions ['colcon_meta']
[0.877s] Level 1:colcon.colcon_core.package_identification:_identify(src/px4-ros2-interface-lib) by extension 'colcon_meta'
[0.877s] Level 1:colcon.colcon_core.package_identification:_identify(src/px4-ros2-interface-lib) by extensions ['ros']
[0.877s] Level 1:colcon.colcon_core.package_identification:_identify(src/px4-ros2-interface-lib) by extension 'ros'
[0.877s] Level 1:colcon.colcon_core.package_identification:_identify(src/px4-ros2-interface-lib) by extensions ['cmake', 'python']
[0.877s] Level 1:colcon.colcon_core.package_identification:_identify(src/px4-ros2-interface-lib) by extension 'cmake'
[0.877s] Level 1:colcon.colcon_core.package_identification:_identify(src/px4-ros2-interface-lib) by extension 'python'
[0.877s] Level 1:colcon.colcon_core.package_identification:_identify(src/px4-ros2-interface-lib) by extensions ['python_setup_py']
[0.877s] Level 1:colcon.colcon_core.package_identification:_identify(src/px4-ros2-interface-lib) by extension 'python_setup_py'
[0.877s] Level 1:colcon.colcon_core.package_identification:_identify(src/px4-ros2-interface-lib/examples) by extensions ['ignore', 'ignore_ament_install']
[0.877s] Level 1:colcon.colcon_core.package_identification:_identify(src/px4-ros2-interface-lib/examples) by extension 'ignore'
[0.877s] Level 1:colcon.colcon_core.package_identification:_identify(src/px4-ros2-interface-lib/examples) by extension 'ignore_ament_install'
[0.877s] Level 1:colcon.colcon_core.package_identification:_identify(src/px4-ros2-interface-lib/examples) by extensions ['colcon_pkg']
[0.878s] Level 1:colcon.colcon_core.package_identification:_identify(src/px4-ros2-interface-lib/examples) by extension 'colcon_pkg'
[0.878s] Level 1:colcon.colcon_core.package_identification:_identify(src/px4-ros2-interface-lib/examples) by extensions ['colcon_meta']
[0.878s] Level 1:colcon.colcon_core.package_identification:_identify(src/px4-ros2-interface-lib/examples) by extension 'colcon_meta'
[0.878s] Level 1:colcon.colcon_core.package_identification:_identify(src/px4-ros2-interface-lib/examples) by extensions ['ros']
[0.878s] Level 1:colcon.colcon_core.package_identification:_identify(src/px4-ros2-interface-lib/examples) by extension 'ros'
[0.878s] Level 1:colcon.colcon_core.package_identification:_identify(src/px4-ros2-interface-lib/examples) by extensions ['cmake', 'python']
[0.878s] Level 1:colcon.colcon_core.package_identification:_identify(src/px4-ros2-interface-lib/examples) by extension 'cmake'
[0.878s] Level 1:colcon.colcon_core.package_identification:_identify(src/px4-ros2-interface-lib/examples) by extension 'python'
[0.878s] Level 1:colcon.colcon_core.package_identification:_identify(src/px4-ros2-interface-lib/examples) by extensions ['python_setup_py']
[0.878s] Level 1:colcon.colcon_core.package_identification:_identify(src/px4-ros2-interface-lib/examples) by extension 'python_setup_py'
[0.878s] Level 1:colcon.colcon_core.package_identification:_identify(src/px4-ros2-interface-lib/examples/cpp) by extensions ['ignore', 'ignore_ament_install']
[0.878s] Level 1:colcon.colcon_core.package_identification:_identify(src/px4-ros2-interface-lib/examples/cpp) by extension 'ignore'
[0.878s] Level 1:colcon.colcon_core.package_identification:_identify(src/px4-ros2-interface-lib/examples/cpp) by extension 'ignore_ament_install'
[0.878s] Level 1:colcon.colcon_core.package_identification:_identify(src/px4-ros2-interface-lib/examples/cpp) by extensions ['colcon_pkg']
[0.878s] Level 1:colcon.colcon_core.package_identification:_identify(src/px4-ros2-interface-lib/examples/cpp) by extension 'colcon_pkg'
[0.878s] Level 1:colcon.colcon_core.package_identification:_identify(src/px4-ros2-interface-lib/examples/cpp) by extensions ['colcon_meta']
[0.878s] Level 1:colcon.colcon_core.package_identification:_identify(src/px4-ros2-interface-lib/examples/cpp) by extension 'colcon_meta'
[0.879s] Level 1:colcon.colcon_core.package_identification:_identify(src/px4-ros2-interface-lib/examples/cpp) by extensions ['ros']
[0.879s] Level 1:colcon.colcon_core.package_identification:_identify(src/px4-ros2-interface-lib/examples/cpp) by extension 'ros'
[0.879s] Level 1:colcon.colcon_core.package_identification:_identify(src/px4-ros2-interface-lib/examples/cpp) by extensions ['cmake', 'python']
[0.879s] Level 1:colcon.colcon_core.package_identification:_identify(src/px4-ros2-interface-lib/examples/cpp) by extension 'cmake'
[0.879s] Level 1:colcon.colcon_core.package_identification:_identify(src/px4-ros2-interface-lib/examples/cpp) by extension 'python'
[0.879s] Level 1:colcon.colcon_core.package_identification:_identify(src/px4-ros2-interface-lib/examples/cpp) by extensions ['python_setup_py']
[0.879s] Level 1:colcon.colcon_core.package_identification:_identify(src/px4-ros2-interface-lib/examples/cpp) by extension 'python_setup_py'
[0.879s] Level 1:colcon.colcon_core.package_identification:_identify(src/px4-ros2-interface-lib/examples/cpp/modes) by extensions ['ignore', 'ignore_ament_install']
[0.879s] Level 1:colcon.colcon_core.package_identification:_identify(src/px4-ros2-interface-lib/examples/cpp/modes) by extension 'ignore'
[0.879s] Level 1:colcon.colcon_core.package_identification:_identify(src/px4-ros2-interface-lib/examples/cpp/modes) by extension 'ignore_ament_install'
[0.879s] Level 1:colcon.colcon_core.package_identification:_identify(src/px4-ros2-interface-lib/examples/cpp/modes) by extensions ['colcon_pkg']
[0.879s] Level 1:colcon.colcon_core.package_identification:_identify(src/px4-ros2-interface-lib/examples/cpp/modes) by extension 'colcon_pkg'
[0.879s] Level 1:colcon.colcon_core.package_identification:_identify(src/px4-ros2-interface-lib/examples/cpp/modes) by extensions ['colcon_meta']
[0.879s] Level 1:colcon.colcon_core.package_identification:_identify(src/px4-ros2-interface-lib/examples/cpp/modes) by extension 'colcon_meta'
[0.880s] Level 1:colcon.colcon_core.package_identification:_identify(src/px4-ros2-interface-lib/examples/cpp/modes) by extensions ['ros']
[0.880s] Level 1:colcon.colcon_core.package_identification:_identify(src/px4-ros2-interface-lib/examples/cpp/modes) by extension 'ros'
[0.880s] Level 1:colcon.colcon_core.package_identification:_identify(src/px4-ros2-interface-lib/examples/cpp/modes) by extensions ['cmake', 'python']
[0.880s] Level 1:colcon.colcon_core.package_identification:_identify(src/px4-ros2-interface-lib/examples/cpp/modes) by extension 'cmake'
[0.880s] Level 1:colcon.colcon_core.package_identification:_identify(src/px4-ros2-interface-lib/examples/cpp/modes) by extension 'python'
[0.880s] Level 1:colcon.colcon_core.package_identification:_identify(src/px4-ros2-interface-lib/examples/cpp/modes) by extensions ['python_setup_py']
[0.880s] Level 1:colcon.colcon_core.package_identification:_identify(src/px4-ros2-interface-lib/examples/cpp/modes) by extension 'python_setup_py'
[0.880s] Level 1:colcon.colcon_core.package_identification:_identify(src/px4-ros2-interface-lib/examples/cpp/modes/executor_with_multiple_modes) by extensions ['ignore', 'ignore_ament_install']
[0.880s] Level 1:colcon.colcon_core.package_identification:_identify(src/px4-ros2-interface-lib/examples/cpp/modes/executor_with_multiple_modes) by extension 'ignore'
[0.880s] Level 1:colcon.colcon_core.package_identification:_identify(src/px4-ros2-interface-lib/examples/cpp/modes/executor_with_multiple_modes) by extension 'ignore_ament_install'
[0.880s] Level 1:colcon.colcon_core.package_identification:_identify(src/px4-ros2-interface-lib/examples/cpp/modes/executor_with_multiple_modes) by extensions ['colcon_pkg']
[0.880s] Level 1:colcon.colcon_core.package_identification:_identify(src/px4-ros2-interface-lib/examples/cpp/modes/executor_with_multiple_modes) by extension 'colcon_pkg'
[0.880s] Level 1:colcon.colcon_core.package_identification:_identify(src/px4-ros2-interface-lib/examples/cpp/modes/executor_with_multiple_modes) by extensions ['colcon_meta']
[0.880s] Level 1:colcon.colcon_core.package_identification:_identify(src/px4-ros2-interface-lib/examples/cpp/modes/executor_with_multiple_modes) by extension 'colcon_meta'
[0.881s] Level 1:colcon.colcon_core.package_identification:_identify(src/px4-ros2-interface-lib/examples/cpp/modes/executor_with_multiple_modes) by extensions ['ros']
[0.881s] Level 1:colcon.colcon_core.package_identification:_identify(src/px4-ros2-interface-lib/examples/cpp/modes/executor_with_multiple_modes) by extension 'ros'
[0.882s] DEBUG:colcon.colcon_core.package_identification:Package 'src/px4-ros2-interface-lib/examples/cpp/modes/executor_with_multiple_modes' with type 'ros.ament_cmake' and name 'example_executor_with_multiple_modes_cpp'
[0.882s] Level 1:colcon.colcon_core.package_identification:_identify(src/px4-ros2-interface-lib/examples/cpp/modes/fw_attitude) by extensions ['ignore', 'ignore_ament_install']
[0.883s] Level 1:colcon.colcon_core.package_identification:_identify(src/px4-ros2-interface-lib/examples/cpp/modes/fw_attitude) by extension 'ignore'
[0.883s] Level 1:colcon.colcon_core.package_identification:_identify(src/px4-ros2-interface-lib/examples/cpp/modes/fw_attitude) by extension 'ignore_ament_install'
[0.883s] Level 1:colcon.colcon_core.package_identification:_identify(src/px4-ros2-interface-lib/examples/cpp/modes/fw_attitude) by extensions ['colcon_pkg']
[0.883s] Level 1:colcon.colcon_core.package_identification:_identify(src/px4-ros2-interface-lib/examples/cpp/modes/fw_attitude) by extension 'colcon_pkg'
[0.883s] Level 1:colcon.colcon_core.package_identification:_identify(src/px4-ros2-interface-lib/examples/cpp/modes/fw_attitude) by extensions ['colcon_meta']
[0.883s] Level 1:colcon.colcon_core.package_identification:_identify(src/px4-ros2-interface-lib/examples/cpp/modes/fw_attitude) by extension 'colcon_meta'
[0.883s] Level 1:colcon.colcon_core.package_identification:_identify(src/px4-ros2-interface-lib/examples/cpp/modes/fw_attitude) by extensions ['ros']
[0.883s] Level 1:colcon.colcon_core.package_identification:_identify(src/px4-ros2-interface-lib/examples/cpp/modes/fw_attitude) by extension 'ros'
[0.884s] DEBUG:colcon.colcon_core.package_identification:Package 'src/px4-ros2-interface-lib/examples/cpp/modes/fw_attitude' with type 'ros.ament_cmake' and name 'example_mode_fw_attitude_cpp'
[0.884s] Level 1:colcon.colcon_core.package_identification:_identify(src/px4-ros2-interface-lib/examples/cpp/modes/goto) by extensions ['ignore', 'ignore_ament_install']
[0.885s] Level 1:colcon.colcon_core.package_identification:_identify(src/px4-ros2-interface-lib/examples/cpp/modes/goto) by extension 'ignore'
[0.885s] Level 1:colcon.colcon_core.package_identification:_identify(src/px4-ros2-interface-lib/examples/cpp/modes/goto) by extension 'ignore_ament_install'
[0.885s] Level 1:colcon.colcon_core.package_identification:_identify(src/px4-ros2-interface-lib/examples/cpp/modes/goto) by extensions ['colcon_pkg']
[0.885s] Level 1:colcon.colcon_core.package_identification:_identify(src/px4-ros2-interface-lib/examples/cpp/modes/goto) by extension 'colcon_pkg'
[0.885s] Level 1:colcon.colcon_core.package_identification:_identify(src/px4-ros2-interface-lib/examples/cpp/modes/goto) by extensions ['colcon_meta']
[0.885s] Level 1:colcon.colcon_core.package_identification:_identify(src/px4-ros2-interface-lib/examples/cpp/modes/goto) by extension 'colcon_meta'
[0.885s] Level 1:colcon.colcon_core.package_identification:_identify(src/px4-ros2-interface-lib/examples/cpp/modes/goto) by extensions ['ros']
[0.885s] Level 1:colcon.colcon_core.package_identification:_identify(src/px4-ros2-interface-lib/examples/cpp/modes/goto) by extension 'ros'
[0.886s] DEBUG:colcon.colcon_core.package_identification:Package 'src/px4-ros2-interface-lib/examples/cpp/modes/goto' with type 'ros.ament_cmake' and name 'example_mode_goto_cpp'
[0.886s] Level 1:colcon.colcon_core.package_identification:_identify(src/px4-ros2-interface-lib/examples/cpp/modes/goto_global) by extensions ['ignore', 'ignore_ament_install']
[0.886s] Level 1:colcon.colcon_core.package_identification:_identify(src/px4-ros2-interface-lib/examples/cpp/modes/goto_global) by extension 'ignore'
[0.887s] Level 1:colcon.colcon_core.package_identification:_identify(src/px4-ros2-interface-lib/examples/cpp/modes/goto_global) by extension 'ignore_ament_install'
[0.887s] Level 1:colcon.colcon_core.package_identification:_identify(src/px4-ros2-interface-lib/examples/cpp/modes/goto_global) by extensions ['colcon_pkg']
[0.887s] Level 1:colcon.colcon_core.package_identification:_identify(src/px4-ros2-interface-lib/examples/cpp/modes/goto_global) by extension 'colcon_pkg'
[0.887s] Level 1:colcon.colcon_core.package_identification:_identify(src/px4-ros2-interface-lib/examples/cpp/modes/goto_global) by extensions ['colcon_meta']
[0.887s] Level 1:colcon.colcon_core.package_identification:_identify(src/px4-ros2-interface-lib/examples/cpp/modes/goto_global) by extension 'colcon_meta'
[0.887s] Level 1:colcon.colcon_core.package_identification:_identify(src/px4-ros2-interface-lib/examples/cpp/modes/goto_global) by extensions ['ros']
[0.887s] Level 1:colcon.colcon_core.package_identification:_identify(src/px4-ros2-interface-lib/examples/cpp/modes/goto_global) by extension 'ros'
[0.888s] DEBUG:colcon.colcon_core.package_identification:Package 'src/px4-ros2-interface-lib/examples/cpp/modes/goto_global' with type 'ros.ament_cmake' and name 'example_mode_goto_global_cpp'
[0.888s] Level 1:colcon.colcon_core.package_identification:_identify(src/px4-ros2-interface-lib/examples/cpp/modes/manual) by extensions ['ignore', 'ignore_ament_install']
[0.888s] Level 1:colcon.colcon_core.package_identification:_identify(src/px4-ros2-interface-lib/examples/cpp/modes/manual) by extension 'ignore'
[0.888s] Level 1:colcon.colcon_core.package_identification:_identify(src/px4-ros2-interface-lib/examples/cpp/modes/manual) by extension 'ignore_ament_install'
[0.888s] Level 1:colcon.colcon_core.package_identification:_identify(src/px4-ros2-interface-lib/examples/cpp/modes/manual) by extensions ['colcon_pkg']
[0.888s] Level 1:colcon.colcon_core.package_identification:_identify(src/px4-ros2-interface-lib/examples/cpp/modes/manual) by extension 'colcon_pkg'
[0.889s] Level 1:colcon.colcon_core.package_identification:_identify(src/px4-ros2-interface-lib/examples/cpp/modes/manual) by extensions ['colcon_meta']
[0.889s] Level 1:colcon.colcon_core.package_identification:_identify(src/px4-ros2-interface-lib/examples/cpp/modes/manual) by extension 'colcon_meta'
[0.889s] Level 1:colcon.colcon_core.package_identification:_identify(src/px4-ros2-interface-lib/examples/cpp/modes/manual) by extensions ['ros']
[0.889s] Level 1:colcon.colcon_core.package_identification:_identify(src/px4-ros2-interface-lib/examples/cpp/modes/manual) by extension 'ros'
[0.890s] DEBUG:colcon.colcon_core.package_identification:Package 'src/px4-ros2-interface-lib/examples/cpp/modes/manual' with type 'ros.ament_cmake' and name 'example_mode_manual_cpp'
[0.890s] Level 1:colcon.colcon_core.package_identification:_identify(src/px4-ros2-interface-lib/examples/cpp/modes/mission) by extensions ['ignore', 'ignore_ament_install']
[0.890s] Level 1:colcon.colcon_core.package_identification:_identify(src/px4-ros2-interface-lib/examples/cpp/modes/mission) by extension 'ignore'
[0.890s] Level 1:colcon.colcon_core.package_identification:_identify(src/px4-ros2-interface-lib/examples/cpp/modes/mission) by extension 'ignore_ament_install'
[0.890s] Level 1:colcon.colcon_core.package_identification:_identify(src/px4-ros2-interface-lib/examples/cpp/modes/mission) by extensions ['colcon_pkg']
[0.890s] Level 1:colcon.colcon_core.package_identification:_identify(src/px4-ros2-interface-lib/examples/cpp/modes/mission) by extension 'colcon_pkg'
[0.890s] Level 1:colcon.colcon_core.package_identification:_identify(src/px4-ros2-interface-lib/examples/cpp/modes/mission) by extensions ['colcon_meta']
[0.890s] Level 1:colcon.colcon_core.package_identification:_identify(src/px4-ros2-interface-lib/examples/cpp/modes/mission) by extension 'colcon_meta'
[0.890s] Level 1:colcon.colcon_core.package_identification:_identify(src/px4-ros2-interface-lib/examples/cpp/modes/mission) by extensions ['ros']
[0.890s] Level 1:colcon.colcon_core.package_identification:_identify(src/px4-ros2-interface-lib/examples/cpp/modes/mission) by extension 'ros'
[0.892s] DEBUG:colcon.colcon_core.package_identification:Package 'src/px4-ros2-interface-lib/examples/cpp/modes/mission' with type 'ros.ament_cmake' and name 'example_mode_mission_cpp'
[0.893s] Level 1:colcon.colcon_core.package_identification:_identify(src/px4-ros2-interface-lib/examples/cpp/modes/mode_with_executor) by extensions ['ignore', 'ignore_ament_install']
[0.893s] Level 1:colcon.colcon_core.package_identification:_identify(src/px4-ros2-interface-lib/examples/cpp/modes/mode_with_executor) by extension 'ignore'
[0.893s] Level 1:colcon.colcon_core.package_identification:_identify(src/px4-ros2-interface-lib/examples/cpp/modes/mode_with_executor) by extension 'ignore_ament_install'
[0.893s] Level 1:colcon.colcon_core.package_identification:_identify(src/px4-ros2-interface-lib/examples/cpp/modes/mode_with_executor) by extensions ['colcon_pkg']
[0.894s] Level 1:colcon.colcon_core.package_identification:_identify(src/px4-ros2-interface-lib/examples/cpp/modes/mode_with_executor) by extension 'colcon_pkg'
[0.894s] Level 1:colcon.colcon_core.package_identification:_identify(src/px4-ros2-interface-lib/examples/cpp/modes/mode_with_executor) by extensions ['colcon_meta']
[0.894s] Level 1:colcon.colcon_core.package_identification:_identify(src/px4-ros2-interface-lib/examples/cpp/modes/mode_with_executor) by extension 'colcon_meta'
[0.894s] Level 1:colcon.colcon_core.package_identification:_identify(src/px4-ros2-interface-lib/examples/cpp/modes/mode_with_executor) by extensions ['ros']
[0.894s] Level 1:colcon.colcon_core.package_identification:_identify(src/px4-ros2-interface-lib/examples/cpp/modes/mode_with_executor) by extension 'ros'
[0.896s] DEBUG:colcon.colcon_core.package_identification:Package 'src/px4-ros2-interface-lib/examples/cpp/modes/mode_with_executor' with type 'ros.ament_cmake' and name 'example_mode_with_executor_cpp'
[0.896s] Level 1:colcon.colcon_core.package_identification:_identify(src/px4-ros2-interface-lib/examples/cpp/modes/rover_velocity) by extensions ['ignore', 'ignore_ament_install']
[0.896s] Level 1:colcon.colcon_core.package_identification:_identify(src/px4-ros2-interface-lib/examples/cpp/modes/rover_velocity) by extension 'ignore'
[0.896s] Level 1:colcon.colcon_core.package_identification:_identify(src/px4-ros2-interface-lib/examples/cpp/modes/rover_velocity) by extension 'ignore_ament_install'
[0.896s] Level 1:colcon.colcon_core.package_identification:_identify(src/px4-ros2-interface-lib/examples/cpp/modes/rover_velocity) by extensions ['colcon_pkg']
[0.896s] Level 1:colcon.colcon_core.package_identification:_identify(src/px4-ros2-interface-lib/examples/cpp/modes/rover_velocity) by extension 'colcon_pkg'
[0.896s] Level 1:colcon.colcon_core.package_identification:_identify(src/px4-ros2-interface-lib/examples/cpp/modes/rover_velocity) by extensions ['colcon_meta']
[0.896s] Level 1:colcon.colcon_core.package_identification:_identify(src/px4-ros2-interface-lib/examples/cpp/modes/rover_velocity) by extension 'colcon_meta'
[0.897s] Level 1:colcon.colcon_core.package_identification:_identify(src/px4-ros2-interface-lib/examples/cpp/modes/rover_velocity) by extensions ['ros']
[0.897s] Level 1:colcon.colcon_core.package_identification:_identify(src/px4-ros2-interface-lib/examples/cpp/modes/rover_velocity) by extension 'ros'
[0.898s] DEBUG:colcon.colcon_core.package_identification:Package 'src/px4-ros2-interface-lib/examples/cpp/modes/rover_velocity' with type 'ros.ament_cmake' and name 'example_rover_velocity_mode_cpp'
[0.898s] Level 1:colcon.colcon_core.package_identification:_identify(src/px4-ros2-interface-lib/examples/cpp/modes/rtl_replacement) by extensions ['ignore', 'ignore_ament_install']
[0.898s] Level 1:colcon.colcon_core.package_identification:_identify(src/px4-ros2-interface-lib/examples/cpp/modes/rtl_replacement) by extension 'ignore'
[0.898s] Level 1:colcon.colcon_core.package_identification:_identify(src/px4-ros2-interface-lib/examples/cpp/modes/rtl_replacement) by extension 'ignore_ament_install'
[0.899s] Level 1:colcon.colcon_core.package_identification:_identify(src/px4-ros2-interface-lib/examples/cpp/modes/rtl_replacement) by extensions ['colcon_pkg']
[0.899s] Level 1:colcon.colcon_core.package_identification:_identify(src/px4-ros2-interface-lib/examples/cpp/modes/rtl_replacement) by extension 'colcon_pkg'
[0.899s] Level 1:colcon.colcon_core.package_identification:_identify(src/px4-ros2-interface-lib/examples/cpp/modes/rtl_replacement) by extensions ['colcon_meta']
[0.899s] Level 1:colcon.colcon_core.package_identification:_identify(src/px4-ros2-interface-lib/examples/cpp/modes/rtl_replacement) by extension 'colcon_meta'
[0.899s] Level 1:colcon.colcon_core.package_identification:_identify(src/px4-ros2-interface-lib/examples/cpp/modes/rtl_replacement) by extensions ['ros']
[0.899s] Level 1:colcon.colcon_core.package_identification:_identify(src/px4-ros2-interface-lib/examples/cpp/modes/rtl_replacement) by extension 'ros'
[0.900s] DEBUG:colcon.colcon_core.package_identification:Package 'src/px4-ros2-interface-lib/examples/cpp/modes/rtl_replacement' with type 'ros.ament_cmake' and name 'example_mode_rtl_replacement_cpp'
[0.901s] Level 1:colcon.colcon_core.package_identification:_identify(src/px4-ros2-interface-lib/examples/cpp/modes/vtol) by extensions ['ignore', 'ignore_ament_install']
[0.901s] Level 1:colcon.colcon_core.package_identification:_identify(src/px4-ros2-interface-lib/examples/cpp/modes/vtol) by extension 'ignore'
[0.901s] Level 1:colcon.colcon_core.package_identification:_identify(src/px4-ros2-interface-lib/examples/cpp/modes/vtol) by extension 'ignore_ament_install'
[0.901s] Level 1:colcon.colcon_core.package_identification:_identify(src/px4-ros2-interface-lib/examples/cpp/modes/vtol) by extensions ['colcon_pkg']
[0.901s] Level 1:colcon.colcon_core.package_identification:_identify(src/px4-ros2-interface-lib/examples/cpp/modes/vtol) by extension 'colcon_pkg'
[0.902s] Level 1:colcon.colcon_core.package_identification:_identify(src/px4-ros2-interface-lib/examples/cpp/modes/vtol) by extensions ['colcon_meta']
[0.902s] Level 1:colcon.colcon_core.package_identification:_identify(src/px4-ros2-interface-lib/examples/cpp/modes/vtol) by extension 'colcon_meta'
[0.902s] Level 1:colcon.colcon_core.package_identification:_identify(src/px4-ros2-interface-lib/examples/cpp/modes/vtol) by extensions ['ros']
[0.902s] Level 1:colcon.colcon_core.package_identification:_identify(src/px4-ros2-interface-lib/examples/cpp/modes/vtol) by extension 'ros'
[0.904s] DEBUG:colcon.colcon_core.package_identification:Package 'src/px4-ros2-interface-lib/examples/cpp/modes/vtol' with type 'ros.ament_cmake' and name 'example_mode_vtol_cpp'
[0.904s] Level 1:colcon.colcon_core.package_identification:_identify(src/px4-ros2-interface-lib/examples/cpp/navigation) by extensions ['ignore', 'ignore_ament_install']
[0.904s] Level 1:colcon.colcon_core.package_identification:_identify(src/px4-ros2-interface-lib/examples/cpp/navigation) by extension 'ignore'
[0.904s] Level 1:colcon.colcon_core.package_identification:_identify(src/px4-ros2-interface-lib/examples/cpp/navigation) by extension 'ignore_ament_install'
[0.904s] Level 1:colcon.colcon_core.package_identification:_identify(src/px4-ros2-interface-lib/examples/cpp/navigation) by extensions ['colcon_pkg']
[0.904s] Level 1:colcon.colcon_core.package_identification:_identify(src/px4-ros2-interface-lib/examples/cpp/navigation) by extension 'colcon_pkg'
[0.905s] Level 1:colcon.colcon_core.package_identification:_identify(src/px4-ros2-interface-lib/examples/cpp/navigation) by extensions ['colcon_meta']
[0.905s] Level 1:colcon.colcon_core.package_identification:_identify(src/px4-ros2-interface-lib/examples/cpp/navigation) by extension 'colcon_meta'
[0.905s] Level 1:colcon.colcon_core.package_identification:_identify(src/px4-ros2-interface-lib/examples/cpp/navigation) by extensions ['ros']
[0.905s] Level 1:colcon.colcon_core.package_identification:_identify(src/px4-ros2-interface-lib/examples/cpp/navigation) by extension 'ros'
[0.905s] Level 1:colcon.colcon_core.package_identification:_identify(src/px4-ros2-interface-lib/examples/cpp/navigation) by extensions ['cmake', 'python']
[0.905s] Level 1:colcon.colcon_core.package_identification:_identify(src/px4-ros2-interface-lib/examples/cpp/navigation) by extension 'cmake'
[0.905s] Level 1:colcon.colcon_core.package_identification:_identify(src/px4-ros2-interface-lib/examples/cpp/navigation) by extension 'python'
[0.905s] Level 1:colcon.colcon_core.package_identification:_identify(src/px4-ros2-interface-lib/examples/cpp/navigation) by extensions ['python_setup_py']
[0.905s] Level 1:colcon.colcon_core.package_identification:_identify(src/px4-ros2-interface-lib/examples/cpp/navigation) by extension 'python_setup_py'
[0.906s] Level 1:colcon.colcon_core.package_identification:_identify(src/px4-ros2-interface-lib/examples/cpp/navigation/global_navigation) by extensions ['ignore', 'ignore_ament_install']
[0.906s] Level 1:colcon.colcon_core.package_identification:_identify(src/px4-ros2-interface-lib/examples/cpp/navigation/global_navigation) by extension 'ignore'
[0.906s] Level 1:colcon.colcon_core.package_identification:_identify(src/px4-ros2-interface-lib/examples/cpp/navigation/global_navigation) by extension 'ignore_ament_install'
[0.906s] Level 1:colcon.colcon_core.package_identification:_identify(src/px4-ros2-interface-lib/examples/cpp/navigation/global_navigation) by extensions ['colcon_pkg']
[0.906s] Level 1:colcon.colcon_core.package_identification:_identify(src/px4-ros2-interface-lib/examples/cpp/navigation/global_navigation) by extension 'colcon_pkg'
[0.906s] Level 1:colcon.colcon_core.package_identification:_identify(src/px4-ros2-interface-lib/examples/cpp/navigation/global_navigation) by extensions ['colcon_meta']
[0.906s] Level 1:colcon.colcon_core.package_identification:_identify(src/px4-ros2-interface-lib/examples/cpp/navigation/global_navigation) by extension 'colcon_meta'
[0.906s] Level 1:colcon.colcon_core.package_identification:_identify(src/px4-ros2-interface-lib/examples/cpp/navigation/global_navigation) by extensions ['ros']
[0.906s] Level 1:colcon.colcon_core.package_identification:_identify(src/px4-ros2-interface-lib/examples/cpp/navigation/global_navigation) by extension 'ros'
[0.908s] DEBUG:colcon.colcon_core.package_identification:Package 'src/px4-ros2-interface-lib/examples/cpp/navigation/global_navigation' with type 'ros.ament_cmake' and name 'example_global_navigation_cpp'
[0.908s] Level 1:colcon.colcon_core.package_identification:_identify(src/px4-ros2-interface-lib/examples/cpp/navigation/local_navigation) by extensions ['ignore', 'ignore_ament_install']
[0.908s] Level 1:colcon.colcon_core.package_identification:_identify(src/px4-ros2-interface-lib/examples/cpp/navigation/local_navigation) by extension 'ignore'
[0.908s] Level 1:colcon.colcon_core.package_identification:_identify(src/px4-ros2-interface-lib/examples/cpp/navigation/local_navigation) by extension 'ignore_ament_install'
[0.908s] Level 1:colcon.colcon_core.package_identification:_identify(src/px4-ros2-interface-lib/examples/cpp/navigation/local_navigation) by extensions ['colcon_pkg']
[0.908s] Level 1:colcon.colcon_core.package_identification:_identify(src/px4-ros2-interface-lib/examples/cpp/navigation/local_navigation) by extension 'colcon_pkg'
[0.909s] Level 1:colcon.colcon_core.package_identification:_identify(src/px4-ros2-interface-lib/examples/cpp/navigation/local_navigation) by extensions ['colcon_meta']
[0.909s] Level 1:colcon.colcon_core.package_identification:_identify(src/px4-ros2-interface-lib/examples/cpp/navigation/local_navigation) by extension 'colcon_meta'
[0.909s] Level 1:colcon.colcon_core.package_identification:_identify(src/px4-ros2-interface-lib/examples/cpp/navigation/local_navigation) by extensions ['ros']
[0.909s] Level 1:colcon.colcon_core.package_identification:_identify(src/px4-ros2-interface-lib/examples/cpp/navigation/local_navigation) by extension 'ros'
[0.910s] DEBUG:colcon.colcon_core.package_identification:Package 'src/px4-ros2-interface-lib/examples/cpp/navigation/local_navigation' with type 'ros.ament_cmake' and name 'example_local_navigation_cpp'
[0.910s] Level 1:colcon.colcon_core.package_identification:_identify(src/px4-ros2-interface-lib/mission) by extensions ['ignore', 'ignore_ament_install']
[0.911s] Level 1:colcon.colcon_core.package_identification:_identify(src/px4-ros2-interface-lib/mission) by extension 'ignore'
[0.911s] Level 1:colcon.colcon_core.package_identification:_identify(src/px4-ros2-interface-lib/mission) by extension 'ignore_ament_install'
[0.911s] Level 1:colcon.colcon_core.package_identification:_identify(src/px4-ros2-interface-lib/mission) by extensions ['colcon_pkg']
[0.911s] Level 1:colcon.colcon_core.package_identification:_identify(src/px4-ros2-interface-lib/mission) by extension 'colcon_pkg'
[0.911s] Level 1:colcon.colcon_core.package_identification:_identify(src/px4-ros2-interface-lib/mission) by extensions ['colcon_meta']
[0.911s] Level 1:colcon.colcon_core.package_identification:_identify(src/px4-ros2-interface-lib/mission) by extension 'colcon_meta'
[0.911s] Level 1:colcon.colcon_core.package_identification:_identify(src/px4-ros2-interface-lib/mission) by extensions ['ros']
[0.911s] Level 1:colcon.colcon_core.package_identification:_identify(src/px4-ros2-interface-lib/mission) by extension 'ros'
[0.911s] Level 1:colcon.colcon_core.package_identification:_identify(src/px4-ros2-interface-lib/mission) by extensions ['cmake', 'python']
[0.911s] Level 1:colcon.colcon_core.package_identification:_identify(src/px4-ros2-interface-lib/mission) by extension 'cmake'
[0.911s] Level 1:colcon.colcon_core.package_identification:_identify(src/px4-ros2-interface-lib/mission) by extension 'python'
[0.912s] Level 1:colcon.colcon_core.package_identification:_identify(src/px4-ros2-interface-lib/mission) by extensions ['python_setup_py']
[0.912s] Level 1:colcon.colcon_core.package_identification:_identify(src/px4-ros2-interface-lib/mission) by extension 'python_setup_py'
[0.912s] Level 1:colcon.colcon_core.package_identification:_identify(src/px4-ros2-interface-lib/mission/examples) by extensions ['ignore', 'ignore_ament_install']
[0.912s] Level 1:colcon.colcon_core.package_identification:_identify(src/px4-ros2-interface-lib/mission/examples) by extension 'ignore'
[0.912s] Level 1:colcon.colcon_core.package_identification:_identify(src/px4-ros2-interface-lib/mission/examples) by extension 'ignore_ament_install'
[0.912s] Level 1:colcon.colcon_core.package_identification:_identify(src/px4-ros2-interface-lib/mission/examples) by extensions ['colcon_pkg']
[0.912s] Level 1:colcon.colcon_core.package_identification:_identify(src/px4-ros2-interface-lib/mission/examples) by extension 'colcon_pkg'
[0.912s] Level 1:colcon.colcon_core.package_identification:_identify(src/px4-ros2-interface-lib/mission/examples) by extensions ['colcon_meta']
[0.912s] Level 1:colcon.colcon_core.package_identification:_identify(src/px4-ros2-interface-lib/mission/examples) by extension 'colcon_meta'
[0.912s] Level 1:colcon.colcon_core.package_identification:_identify(src/px4-ros2-interface-lib/mission/examples) by extensions ['ros']
[0.912s] Level 1:colcon.colcon_core.package_identification:_identify(src/px4-ros2-interface-lib/mission/examples) by extension 'ros'
[0.913s] Level 1:colcon.colcon_core.package_identification:_identify(src/px4-ros2-interface-lib/mission/examples) by extensions ['cmake', 'python']
[0.913s] Level 1:colcon.colcon_core.package_identification:_identify(src/px4-ros2-interface-lib/mission/examples) by extension 'cmake'
[0.913s] Level 1:colcon.colcon_core.package_identification:_identify(src/px4-ros2-interface-lib/mission/examples) by extension 'python'
[0.913s] Level 1:colcon.colcon_core.package_identification:_identify(src/px4-ros2-interface-lib/mission/examples) by extensions ['python_setup_py']
[0.913s] Level 1:colcon.colcon_core.package_identification:_identify(src/px4-ros2-interface-lib/mission/examples) by extension 'python_setup_py'
[0.913s] Level 1:colcon.colcon_core.package_identification:_identify(src/px4-ros2-interface-lib/px4_ros2_cpp) by extensions ['ignore', 'ignore_ament_install']
[0.913s] Level 1:colcon.colcon_core.package_identification:_identify(src/px4-ros2-interface-lib/px4_ros2_cpp) by extension 'ignore'
[0.913s] Level 1:colcon.colcon_core.package_identification:_identify(src/px4-ros2-interface-lib/px4_ros2_cpp) by extension 'ignore_ament_install'
[0.913s] Level 1:colcon.colcon_core.package_identification:_identify(src/px4-ros2-interface-lib/px4_ros2_cpp) by extensions ['colcon_pkg']
[0.913s] Level 1:colcon.colcon_core.package_identification:_identify(src/px4-ros2-interface-lib/px4_ros2_cpp) by extension 'colcon_pkg'
[0.914s] Level 1:colcon.colcon_core.package_identification:_identify(src/px4-ros2-interface-lib/px4_ros2_cpp) by extensions ['colcon_meta']
[0.914s] Level 1:colcon.colcon_core.package_identification:_identify(src/px4-ros2-interface-lib/px4_ros2_cpp) by extension 'colcon_meta'
[0.914s] Level 1:colcon.colcon_core.package_identification:_identify(src/px4-ros2-interface-lib/px4_ros2_cpp) by extensions ['ros']
[0.914s] Level 1:colcon.colcon_core.package_identification:_identify(src/px4-ros2-interface-lib/px4_ros2_cpp) by extension 'ros'
[0.915s] DEBUG:colcon.colcon_core.package_identification:Package 'src/px4-ros2-interface-lib/px4_ros2_cpp' with type 'ros.ament_cmake' and name 'px4_ros2_cpp'
[0.916s] Level 1:colcon.colcon_core.package_identification:_identify(src/px4-ros2-interface-lib/scripts) by extensions ['ignore', 'ignore_ament_install']
[0.916s] Level 1:colcon.colcon_core.package_identification:_identify(src/px4-ros2-interface-lib/scripts) by extension 'ignore'
[0.916s] Level 1:colcon.colcon_core.package_identification:_identify(src/px4-ros2-interface-lib/scripts) by extension 'ignore_ament_install'
[0.916s] Level 1:colcon.colcon_core.package_identification:_identify(src/px4-ros2-interface-lib/scripts) by extensions ['colcon_pkg']
[0.916s] Level 1:colcon.colcon_core.package_identification:_identify(src/px4-ros2-interface-lib/scripts) by extension 'colcon_pkg'
[0.916s] Level 1:colcon.colcon_core.package_identification:_identify(src/px4-ros2-interface-lib/scripts) by extensions ['colcon_meta']
[0.916s] Level 1:colcon.colcon_core.package_identification:_identify(src/px4-ros2-interface-lib/scripts) by extension 'colcon_meta'
[0.916s] Level 1:colcon.colcon_core.package_identification:_identify(src/px4-ros2-interface-lib/scripts) by extensions ['ros']
[0.916s] Level 1:colcon.colcon_core.package_identification:_identify(src/px4-ros2-interface-lib/scripts) by extension 'ros'
[0.917s] Level 1:colcon.colcon_core.package_identification:_identify(src/px4-ros2-interface-lib/scripts) by extensions ['cmake', 'python']
[0.917s] Level 1:colcon.colcon_core.package_identification:_identify(src/px4-ros2-interface-lib/scripts) by extension 'cmake'
[0.917s] Level 1:colcon.colcon_core.package_identification:_identify(src/px4-ros2-interface-lib/scripts) by extension 'python'
[0.917s] Level 1:colcon.colcon_core.package_identification:_identify(src/px4-ros2-interface-lib/scripts) by extensions ['python_setup_py']
[0.917s] Level 1:colcon.colcon_core.package_identification:_identify(src/px4-ros2-interface-lib/scripts) by extension 'python_setup_py'
[0.917s] Level 1:colcon.colcon_core.package_identification:_identify(src/px4_msgs) by extensions ['ignore', 'ignore_ament_install']
[0.917s] Level 1:colcon.colcon_core.package_identification:_identify(src/px4_msgs) by extension 'ignore'
[0.917s] Level 1:colcon.colcon_core.package_identification:_identify(src/px4_msgs) by extension 'ignore_ament_install'
[0.917s] Level 1:colcon.colcon_core.package_identification:_identify(src/px4_msgs) by extensions ['colcon_pkg']
[0.917s] Level 1:colcon.colcon_core.package_identification:_identify(src/px4_msgs) by extension 'colcon_pkg'
[0.917s] Level 1:colcon.colcon_core.package_identification:_identify(src/px4_msgs) by extensions ['colcon_meta']
[0.918s] Level 1:colcon.colcon_core.package_identification:_identify(src/px4_msgs) by extension 'colcon_meta'
[0.918s] Level 1:colcon.colcon_core.package_identification:_identify(src/px4_msgs) by extensions ['ros']
[0.918s] Level 1:colcon.colcon_core.package_identification:_identify(src/px4_msgs) by extension 'ros'
[0.920s] DEBUG:colcon.colcon_core.package_identification:Package 'src/px4_msgs' with type 'ros.ament_cmake' and name 'px4_msgs'
[0.920s] Level 1:colcon.colcon_core.package_identification:_identify(src/ros_gz) by extensions ['ignore', 'ignore_ament_install']
[0.920s] Level 1:colcon.colcon_core.package_identification:_identify(src/ros_gz) by extension 'ignore'
[0.920s] Level 1:colcon.colcon_core.package_identification:_identify(src/ros_gz) by extension 'ignore_ament_install'
[0.921s] Level 1:colcon.colcon_core.package_identification:_identify(src/ros_gz) by extensions ['colcon_pkg']
[0.921s] Level 1:colcon.colcon_core.package_identification:_identify(src/ros_gz) by extension 'colcon_pkg'
[0.921s] Level 1:colcon.colcon_core.package_identification:_identify(src/ros_gz) by extensions ['colcon_meta']
[0.921s] Level 1:colcon.colcon_core.package_identification:_identify(src/ros_gz) by extension 'colcon_meta'
[0.921s] Level 1:colcon.colcon_core.package_identification:_identify(src/ros_gz) by extensions ['ros']
[0.921s] Level 1:colcon.colcon_core.package_identification:_identify(src/ros_gz) by extension 'ros'
[0.921s] Level 1:colcon.colcon_core.package_identification:_identify(src/ros_gz) by extensions ['cmake', 'python']
[0.921s] Level 1:colcon.colcon_core.package_identification:_identify(src/ros_gz) by extension 'cmake'
[0.921s] Level 1:colcon.colcon_core.package_identification:_identify(src/ros_gz) by extension 'python'
[0.921s] Level 1:colcon.colcon_core.package_identification:_identify(src/ros_gz) by extensions ['python_setup_py']
[0.921s] Level 1:colcon.colcon_core.package_identification:_identify(src/ros_gz) by extension 'python_setup_py'
[0.922s] Level 1:colcon.colcon_core.package_identification:_identify(src/ros_gz/ros_gz) by extensions ['ignore', 'ignore_ament_install']
[0.922s] Level 1:colcon.colcon_core.package_identification:_identify(src/ros_gz/ros_gz) by extension 'ignore'
[0.922s] Level 1:colcon.colcon_core.package_identification:_identify(src/ros_gz/ros_gz) by extension 'ignore_ament_install'
[0.923s] Level 1:colcon.colcon_core.package_identification:_identify(src/ros_gz/ros_gz) by extensions ['colcon_pkg']
[0.923s] Level 1:colcon.colcon_core.package_identification:_identify(src/ros_gz/ros_gz) by extension 'colcon_pkg'
[0.923s] Level 1:colcon.colcon_core.package_identification:_identify(src/ros_gz/ros_gz) by extensions ['colcon_meta']
[0.923s] Level 1:colcon.colcon_core.package_identification:_identify(src/ros_gz/ros_gz) by extension 'colcon_meta'
[0.923s] Level 1:colcon.colcon_core.package_identification:_identify(src/ros_gz/ros_gz) by extensions ['ros']
[0.923s] Level 1:colcon.colcon_core.package_identification:_identify(src/ros_gz/ros_gz) by extension 'ros'
[0.924s] DEBUG:colcon.colcon_core.package_identification:Package 'src/ros_gz/ros_gz' with type 'ros.ament_cmake' and name 'ros_gz'
[0.925s] Level 1:colcon.colcon_core.package_identification:_identify(src/ros_gz/ros_gz_bridge) by extensions ['ignore', 'ignore_ament_install']
[0.925s] Level 1:colcon.colcon_core.package_identification:_identify(src/ros_gz/ros_gz_bridge) by extension 'ignore'
[0.925s] Level 1:colcon.colcon_core.package_identification:_identify(src/ros_gz/ros_gz_bridge) by extension 'ignore_ament_install'
[0.925s] Level 1:colcon.colcon_core.package_identification:_identify(src/ros_gz/ros_gz_bridge) by extensions ['colcon_pkg']
[0.925s] Level 1:colcon.colcon_core.package_identification:_identify(src/ros_gz/ros_gz_bridge) by extension 'colcon_pkg'
[0.925s] Level 1:colcon.colcon_core.package_identification:_identify(src/ros_gz/ros_gz_bridge) by extensions ['colcon_meta']
[0.925s] Level 1:colcon.colcon_core.package_identification:_identify(src/ros_gz/ros_gz_bridge) by extension 'colcon_meta'
[0.925s] Level 1:colcon.colcon_core.package_identification:_identify(src/ros_gz/ros_gz_bridge) by extensions ['ros']
[0.925s] Level 1:colcon.colcon_core.package_identification:_identify(src/ros_gz/ros_gz_bridge) by extension 'ros'
[0.949s] DEBUG:colcon.colcon_core.package_identification:Package 'src/ros_gz/ros_gz_bridge' with type 'ros.ament_cmake' and name 'ros_gz_bridge'
[0.950s] Level 1:colcon.colcon_core.package_identification:_identify(src/ros_gz/ros_gz_image) by extensions ['ignore', 'ignore_ament_install']
[0.950s] Level 1:colcon.colcon_core.package_identification:_identify(src/ros_gz/ros_gz_image) by extension 'ignore'
[0.950s] Level 1:colcon.colcon_core.package_identification:_identify(src/ros_gz/ros_gz_image) by extension 'ignore_ament_install'
[0.950s] Level 1:colcon.colcon_core.package_identification:_identify(src/ros_gz/ros_gz_image) by extensions ['colcon_pkg']
[0.950s] Level 1:colcon.colcon_core.package_identification:_identify(src/ros_gz/ros_gz_image) by extension 'colcon_pkg'
[0.950s] Level 1:colcon.colcon_core.package_identification:_identify(src/ros_gz/ros_gz_image) by extensions ['colcon_meta']
[0.950s] Level 1:colcon.colcon_core.package_identification:_identify(src/ros_gz/ros_gz_image) by extension 'colcon_meta'
[0.950s] Level 1:colcon.colcon_core.package_identification:_identify(src/ros_gz/ros_gz_image) by extensions ['ros']
[0.951s] Level 1:colcon.colcon_core.package_identification:_identify(src/ros_gz/ros_gz_image) by extension 'ros'
[0.972s] DEBUG:colcon.colcon_core.package_identification:Package 'src/ros_gz/ros_gz_image' with type 'ros.ament_cmake' and name 'ros_gz_image'
[0.972s] Level 1:colcon.colcon_core.package_identification:_identify(src/ros_gz/ros_gz_interfaces) by extensions ['ignore', 'ignore_ament_install']
[0.972s] Level 1:colcon.colcon_core.package_identification:_identify(src/ros_gz/ros_gz_interfaces) by extension 'ignore'
[0.972s] Level 1:colcon.colcon_core.package_identification:_identify(src/ros_gz/ros_gz_interfaces) by extension 'ignore_ament_install'
[0.972s] Level 1:colcon.colcon_core.package_identification:_identify(src/ros_gz/ros_gz_interfaces) by extensions ['colcon_pkg']
[0.972s] Level 1:colcon.colcon_core.package_identification:_identify(src/ros_gz/ros_gz_interfaces) by extension 'colcon_pkg'
[0.972s] Level 1:colcon.colcon_core.package_identification:_identify(src/ros_gz/ros_gz_interfaces) by extensions ['colcon_meta']
[0.972s] Level 1:colcon.colcon_core.package_identification:_identify(src/ros_gz/ros_gz_interfaces) by extension 'colcon_meta'
[0.973s] Level 1:colcon.colcon_core.package_identification:_identify(src/ros_gz/ros_gz_interfaces) by extensions ['ros']
[0.973s] Level 1:colcon.colcon_core.package_identification:_identify(src/ros_gz/ros_gz_interfaces) by extension 'ros'
[0.974s] DEBUG:colcon.colcon_core.package_identification:Package 'src/ros_gz/ros_gz_interfaces' with type 'ros.ament_cmake' and name 'ros_gz_interfaces'
[0.974s] Level 1:colcon.colcon_core.package_identification:_identify(src/ros_gz/ros_gz_point_cloud) by extensions ['ignore', 'ignore_ament_install']
[0.974s] Level 1:colcon.colcon_core.package_identification:_identify(src/ros_gz/ros_gz_point_cloud) by extension 'ignore'
[0.974s] Level 1:colcon.colcon_core.package_identification:_identify(src/ros_gz/ros_gz_point_cloud) ignored
[0.974s] Level 1:colcon.colcon_core.package_identification:_identify(src/ros_gz/ros_gz_sim) by extensions ['ignore', 'ignore_ament_install']
[0.975s] Level 1:colcon.colcon_core.package_identification:_identify(src/ros_gz/ros_gz_sim) by extension 'ignore'
[0.975s] Level 1:colcon.colcon_core.package_identification:_identify(src/ros_gz/ros_gz_sim) by extension 'ignore_ament_install'
[0.975s] Level 1:colcon.colcon_core.package_identification:_identify(src/ros_gz/ros_gz_sim) by extensions ['colcon_pkg']
[0.975s] Level 1:colcon.colcon_core.package_identification:_identify(src/ros_gz/ros_gz_sim) by extension 'colcon_pkg'
[0.975s] Level 1:colcon.colcon_core.package_identification:_identify(src/ros_gz/ros_gz_sim) by extensions ['colcon_meta']
[0.975s] Level 1:colcon.colcon_core.package_identification:_identify(src/ros_gz/ros_gz_sim) by extension 'colcon_meta'
[0.975s] Level 1:colcon.colcon_core.package_identification:_identify(src/ros_gz/ros_gz_sim) by extensions ['ros']
[0.975s] Level 1:colcon.colcon_core.package_identification:_identify(src/ros_gz/ros_gz_sim) by extension 'ros'
[0.997s] DEBUG:colcon.colcon_core.package_identification:Package 'src/ros_gz/ros_gz_sim' with type 'ros.ament_cmake' and name 'ros_gz_sim'
[0.997s] Level 1:colcon.colcon_core.package_identification:_identify(src/ros_gz/ros_gz_sim_demos) by extensions ['ignore', 'ignore_ament_install']
[0.997s] Level 1:colcon.colcon_core.package_identification:_identify(src/ros_gz/ros_gz_sim_demos) by extension 'ignore'
[0.998s] Level 1:colcon.colcon_core.package_identification:_identify(src/ros_gz/ros_gz_sim_demos) by extension 'ignore_ament_install'
[0.998s] Level 1:colcon.colcon_core.package_identification:_identify(src/ros_gz/ros_gz_sim_demos) by extensions ['colcon_pkg']
[0.998s] Level 1:colcon.colcon_core.package_identification:_identify(src/ros_gz/ros_gz_sim_demos) by extension 'colcon_pkg'
[0.998s] Level 1:colcon.colcon_core.package_identification:_identify(src/ros_gz/ros_gz_sim_demos) by extensions ['colcon_meta']
[0.998s] Level 1:colcon.colcon_core.package_identification:_identify(src/ros_gz/ros_gz_sim_demos) by extension 'colcon_meta'
[0.998s] Level 1:colcon.colcon_core.package_identification:_identify(src/ros_gz/ros_gz_sim_demos) by extensions ['ros']
[0.998s] Level 1:colcon.colcon_core.package_identification:_identify(src/ros_gz/ros_gz_sim_demos) by extension 'ros'
[1.002s] DEBUG:colcon.colcon_core.package_identification:Package 'src/ros_gz/ros_gz_sim_demos' with type 'ros.ament_cmake' and name 'ros_gz_sim_demos'
[1.002s] Level 1:colcon.colcon_core.package_identification:_identify(src/ros_gz/ros_ign) by extensions ['ignore', 'ignore_ament_install']
[1.002s] Level 1:colcon.colcon_core.package_identification:_identify(src/ros_gz/ros_ign) by extension 'ignore'
[1.002s] Level 1:colcon.colcon_core.package_identification:_identify(src/ros_gz/ros_ign) by extension 'ignore_ament_install'
[1.003s] Level 1:colcon.colcon_core.package_identification:_identify(src/ros_gz/ros_ign) by extensions ['colcon_pkg']
[1.003s] Level 1:colcon.colcon_core.package_identification:_identify(src/ros_gz/ros_ign) by extension 'colcon_pkg'
[1.003s] Level 1:colcon.colcon_core.package_identification:_identify(src/ros_gz/ros_ign) by extensions ['colcon_meta']
[1.003s] Level 1:colcon.colcon_core.package_identification:_identify(src/ros_gz/ros_ign) by extension 'colcon_meta'
[1.003s] Level 1:colcon.colcon_core.package_identification:_identify(src/ros_gz/ros_ign) by extensions ['ros']
[1.003s] Level 1:colcon.colcon_core.package_identification:_identify(src/ros_gz/ros_ign) by extension 'ros'
[1.004s] DEBUG:colcon.colcon_core.package_identification:Package 'src/ros_gz/ros_ign' with type 'ros.ament_cmake' and name 'ros_ign'
[1.004s] Level 1:colcon.colcon_core.package_identification:_identify(src/ros_gz/ros_ign_bridge) by extensions ['ignore', 'ignore_ament_install']
[1.004s] Level 1:colcon.colcon_core.package_identification:_identify(src/ros_gz/ros_ign_bridge) by extension 'ignore'
[1.004s] Level 1:colcon.colcon_core.package_identification:_identify(src/ros_gz/ros_ign_bridge) by extension 'ignore_ament_install'
[1.005s] Level 1:colcon.colcon_core.package_identification:_identify(src/ros_gz/ros_ign_bridge) by extensions ['colcon_pkg']
[1.005s] Level 1:colcon.colcon_core.package_identification:_identify(src/ros_gz/ros_ign_bridge) by extension 'colcon_pkg'
[1.005s] Level 1:colcon.colcon_core.package_identification:_identify(src/ros_gz/ros_ign_bridge) by extensions ['colcon_meta']
[1.005s] Level 1:colcon.colcon_core.package_identification:_identify(src/ros_gz/ros_ign_bridge) by extension 'colcon_meta'
[1.005s] Level 1:colcon.colcon_core.package_identification:_identify(src/ros_gz/ros_ign_bridge) by extensions ['ros']
[1.005s] Level 1:colcon.colcon_core.package_identification:_identify(src/ros_gz/ros_ign_bridge) by extension 'ros'
[1.006s] DEBUG:colcon.colcon_core.package_identification:Package 'src/ros_gz/ros_ign_bridge' with type 'ros.ament_cmake' and name 'ros_ign_bridge'
[1.006s] Level 1:colcon.colcon_core.package_identification:_identify(src/ros_gz/ros_ign_gazebo) by extensions ['ignore', 'ignore_ament_install']
[1.006s] Level 1:colcon.colcon_core.package_identification:_identify(src/ros_gz/ros_ign_gazebo) by extension 'ignore'
[1.006s] Level 1:colcon.colcon_core.package_identification:_identify(src/ros_gz/ros_ign_gazebo) by extension 'ignore_ament_install'
[1.006s] Level 1:colcon.colcon_core.package_identification:_identify(src/ros_gz/ros_ign_gazebo) by extensions ['colcon_pkg']
[1.006s] Level 1:colcon.colcon_core.package_identification:_identify(src/ros_gz/ros_ign_gazebo) by extension 'colcon_pkg'
[1.006s] Level 1:colcon.colcon_core.package_identification:_identify(src/ros_gz/ros_ign_gazebo) by extensions ['colcon_meta']
[1.006s] Level 1:colcon.colcon_core.package_identification:_identify(src/ros_gz/ros_ign_gazebo) by extension 'colcon_meta'
[1.006s] Level 1:colcon.colcon_core.package_identification:_identify(src/ros_gz/ros_ign_gazebo) by extensions ['ros']
[1.006s] Level 1:colcon.colcon_core.package_identification:_identify(src/ros_gz/ros_ign_gazebo) by extension 'ros'
[1.007s] DEBUG:colcon.colcon_core.package_identification:Package 'src/ros_gz/ros_ign_gazebo' with type 'ros.ament_cmake' and name 'ros_ign_gazebo'
[1.008s] Level 1:colcon.colcon_core.package_identification:_identify(src/ros_gz/ros_ign_gazebo_demos) by extensions ['ignore', 'ignore_ament_install']
[1.008s] Level 1:colcon.colcon_core.package_identification:_identify(src/ros_gz/ros_ign_gazebo_demos) by extension 'ignore'
[1.008s] Level 1:colcon.colcon_core.package_identification:_identify(src/ros_gz/ros_ign_gazebo_demos) by extension 'ignore_ament_install'
[1.008s] Level 1:colcon.colcon_core.package_identification:_identify(src/ros_gz/ros_ign_gazebo_demos) by extensions ['colcon_pkg']
[1.008s] Level 1:colcon.colcon_core.package_identification:_identify(src/ros_gz/ros_ign_gazebo_demos) by extension 'colcon_pkg'
[1.008s] Level 1:colcon.colcon_core.package_identification:_identify(src/ros_gz/ros_ign_gazebo_demos) by extensions ['colcon_meta']
[1.008s] Level 1:colcon.colcon_core.package_identification:_identify(src/ros_gz/ros_ign_gazebo_demos) by extension 'colcon_meta'
[1.008s] Level 1:colcon.colcon_core.package_identification:_identify(src/ros_gz/ros_ign_gazebo_demos) by extensions ['ros']
[1.008s] Level 1:colcon.colcon_core.package_identification:_identify(src/ros_gz/ros_ign_gazebo_demos) by extension 'ros'
[1.009s] DEBUG:colcon.colcon_core.package_identification:Package 'src/ros_gz/ros_ign_gazebo_demos' with type 'ros.ament_cmake' and name 'ros_ign_gazebo_demos'
[1.009s] Level 1:colcon.colcon_core.package_identification:_identify(src/ros_gz/ros_ign_image) by extensions ['ignore', 'ignore_ament_install']
[1.009s] Level 1:colcon.colcon_core.package_identification:_identify(src/ros_gz/ros_ign_image) by extension 'ignore'
[1.009s] Level 1:colcon.colcon_core.package_identification:_identify(src/ros_gz/ros_ign_image) by extension 'ignore_ament_install'
[1.009s] Level 1:colcon.colcon_core.package_identification:_identify(src/ros_gz/ros_ign_image) by extensions ['colcon_pkg']
[1.009s] Level 1:colcon.colcon_core.package_identification:_identify(src/ros_gz/ros_ign_image) by extension 'colcon_pkg'
[1.009s] Level 1:colcon.colcon_core.package_identification:_identify(src/ros_gz/ros_ign_image) by extensions ['colcon_meta']
[1.009s] Level 1:colcon.colcon_core.package_identification:_identify(src/ros_gz/ros_ign_image) by extension 'colcon_meta'
[1.009s] Level 1:colcon.colcon_core.package_identification:_identify(src/ros_gz/ros_ign_image) by extensions ['ros']
[1.010s] Level 1:colcon.colcon_core.package_identification:_identify(src/ros_gz/ros_ign_image) by extension 'ros'
[1.011s] DEBUG:colcon.colcon_core.package_identification:Package 'src/ros_gz/ros_ign_image' with type 'ros.ament_cmake' and name 'ros_ign_image'
[1.011s] Level 1:colcon.colcon_core.package_identification:_identify(src/ros_gz/ros_ign_interfaces) by extensions ['ignore', 'ignore_ament_install']
[1.011s] Level 1:colcon.colcon_core.package_identification:_identify(src/ros_gz/ros_ign_interfaces) by extension 'ignore'
[1.011s] Level 1:colcon.colcon_core.package_identification:_identify(src/ros_gz/ros_ign_interfaces) by extension 'ignore_ament_install'
[1.011s] Level 1:colcon.colcon_core.package_identification:_identify(src/ros_gz/ros_ign_interfaces) by extensions ['colcon_pkg']
[1.011s] Level 1:colcon.colcon_core.package_identification:_identify(src/ros_gz/ros_ign_interfaces) by extension 'colcon_pkg'
[1.011s] Level 1:colcon.colcon_core.package_identification:_identify(src/ros_gz/ros_ign_interfaces) by extensions ['colcon_meta']
[1.011s] Level 1:colcon.colcon_core.package_identification:_identify(src/ros_gz/ros_ign_interfaces) by extension 'colcon_meta'
[1.011s] Level 1:colcon.colcon_core.package_identification:_identify(src/ros_gz/ros_ign_interfaces) by extensions ['ros']
[1.012s] Level 1:colcon.colcon_core.package_identification:_identify(src/ros_gz/ros_ign_interfaces) by extension 'ros'
[1.013s] DEBUG:colcon.colcon_core.package_identification:Package 'src/ros_gz/ros_ign_interfaces' with type 'ros.ament_cmake' and name 'ros_ign_interfaces'
[1.013s] Level 1:colcon.colcon_core.package_identification:_identify(src/ros_gz/test_ros_gz_bridge) by extensions ['ignore', 'ignore_ament_install']
[1.013s] Level 1:colcon.colcon_core.package_identification:_identify(src/ros_gz/test_ros_gz_bridge) by extension 'ignore'
[1.013s] Level 1:colcon.colcon_core.package_identification:_identify(src/ros_gz/test_ros_gz_bridge) by extension 'ignore_ament_install'
[1.013s] Level 1:colcon.colcon_core.package_identification:_identify(src/ros_gz/test_ros_gz_bridge) by extensions ['colcon_pkg']
[1.013s] Level 1:colcon.colcon_core.package_identification:_identify(src/ros_gz/test_ros_gz_bridge) by extension 'colcon_pkg'
[1.013s] Level 1:colcon.colcon_core.package_identification:_identify(src/ros_gz/test_ros_gz_bridge) by extensions ['colcon_meta']
[1.013s] Level 1:colcon.colcon_core.package_identification:_identify(src/ros_gz/test_ros_gz_bridge) by extension 'colcon_meta'
[1.013s] Level 1:colcon.colcon_core.package_identification:_identify(src/ros_gz/test_ros_gz_bridge) by extensions ['ros']
[1.013s] Level 1:colcon.colcon_core.package_identification:_identify(src/ros_gz/test_ros_gz_bridge) by extension 'ros'
[1.014s] DEBUG:colcon.colcon_core.package_identification:Package 'src/ros_gz/test_ros_gz_bridge' with type 'ros.ament_cmake' and name 'test_ros_gz_bridge'
[1.014s] Level 1:colcon.colcon_core.package_identification:_identify(src/ros_gz/tools) by extensions ['ignore', 'ignore_ament_install']
[1.015s] Level 1:colcon.colcon_core.package_identification:_identify(src/ros_gz/tools) by extension 'ignore'
[1.015s] Level 1:colcon.colcon_core.package_identification:_identify(src/ros_gz/tools) by extension 'ignore_ament_install'
[1.015s] Level 1:colcon.colcon_core.package_identification:_identify(src/ros_gz/tools) by extensions ['colcon_pkg']
[1.015s] Level 1:colcon.colcon_core.package_identification:_identify(src/ros_gz/tools) by extension 'colcon_pkg'
[1.015s] Level 1:colcon.colcon_core.package_identification:_identify(src/ros_gz/tools) by extensions ['colcon_meta']
[1.015s] Level 1:colcon.colcon_core.package_identification:_identify(src/ros_gz/tools) by extension 'colcon_meta'
[1.015s] Level 1:colcon.colcon_core.package_identification:_identify(src/ros_gz/tools) by extensions ['ros']
[1.015s] Level 1:colcon.colcon_core.package_identification:_identify(src/ros_gz/tools) by extension 'ros'
[1.015s] Level 1:colcon.colcon_core.package_identification:_identify(src/ros_gz/tools) by extensions ['cmake', 'python']
[1.015s] Level 1:colcon.colcon_core.package_identification:_identify(src/ros_gz/tools) by extension 'cmake'
[1.015s] Level 1:colcon.colcon_core.package_identification:_identify(src/ros_gz/tools) by extension 'python'
[1.015s] Level 1:colcon.colcon_core.package_identification:_identify(src/ros_gz/tools) by extensions ['python_setup_py']
[1.015s] Level 1:colcon.colcon_core.package_identification:_identify(src/ros_gz/tools) by extension 'python_setup_py'
[1.015s] Level 1:colcon.colcon_core.package_identification:_identify(src/vision_opencv) by extensions ['ignore', 'ignore_ament_install']
[1.016s] Level 1:colcon.colcon_core.package_identification:_identify(src/vision_opencv) by extension 'ignore'
[1.016s] Level 1:colcon.colcon_core.package_identification:_identify(src/vision_opencv) by extension 'ignore_ament_install'
[1.016s] Level 1:colcon.colcon_core.package_identification:_identify(src/vision_opencv) by extensions ['colcon_pkg']
[1.016s] Level 1:colcon.colcon_core.package_identification:_identify(src/vision_opencv) by extension 'colcon_pkg'
[1.016s] Level 1:colcon.colcon_core.package_identification:_identify(src/vision_opencv) by extensions ['colcon_meta']
[1.016s] Level 1:colcon.colcon_core.package_identification:_identify(src/vision_opencv) by extension 'colcon_meta'
[1.016s] Level 1:colcon.colcon_core.package_identification:_identify(src/vision_opencv) by extensions ['ros']
[1.016s] Level 1:colcon.colcon_core.package_identification:_identify(src/vision_opencv) by extension 'ros'
[1.016s] Level 1:colcon.colcon_core.package_identification:_identify(src/vision_opencv) by extensions ['cmake', 'python']
[1.016s] Level 1:colcon.colcon_core.package_identification:_identify(src/vision_opencv) by extension 'cmake'
[1.016s] Level 1:colcon.colcon_core.package_identification:_identify(src/vision_opencv) by extension 'python'
[1.016s] Level 1:colcon.colcon_core.package_identification:_identify(src/vision_opencv) by extensions ['python_setup_py']
[1.016s] Level 1:colcon.colcon_core.package_identification:_identify(src/vision_opencv) by extension 'python_setup_py'
[1.016s] Level 1:colcon.colcon_core.package_identification:_identify(src/vision_opencv/cv_bridge) by extensions ['ignore', 'ignore_ament_install']
[1.016s] Level 1:colcon.colcon_core.package_identification:_identify(src/vision_opencv/cv_bridge) by extension 'ignore'
[1.016s] Level 1:colcon.colcon_core.package_identification:_identify(src/vision_opencv/cv_bridge) by extension 'ignore_ament_install'
[1.017s] Level 1:colcon.colcon_core.package_identification:_identify(src/vision_opencv/cv_bridge) by extensions ['colcon_pkg']
[1.017s] Level 1:colcon.colcon_core.package_identification:_identify(src/vision_opencv/cv_bridge) by extension 'colcon_pkg'
[1.017s] Level 1:colcon.colcon_core.package_identification:_identify(src/vision_opencv/cv_bridge) by extensions ['colcon_meta']
[1.017s] Level 1:colcon.colcon_core.package_identification:_identify(src/vision_opencv/cv_bridge) by extension 'colcon_meta'
[1.017s] Level 1:colcon.colcon_core.package_identification:_identify(src/vision_opencv/cv_bridge) by extensions ['ros']
[1.017s] Level 1:colcon.colcon_core.package_identification:_identify(src/vision_opencv/cv_bridge) by extension 'ros'
[1.019s] DEBUG:colcon.colcon_core.package_identification:Package 'src/vision_opencv/cv_bridge' with type 'ros.ament_cmake' and name 'cv_bridge'
[1.019s] Level 1:colcon.colcon_core.package_identification:_identify(src/vision_opencv/image_geometry) by extensions ['ignore', 'ignore_ament_install']
[1.019s] Level 1:colcon.colcon_core.package_identification:_identify(src/vision_opencv/image_geometry) by extension 'ignore'
[1.019s] Level 1:colcon.colcon_core.package_identification:_identify(src/vision_opencv/image_geometry) by extension 'ignore_ament_install'
[1.020s] Level 1:colcon.colcon_core.package_identification:_identify(src/vision_opencv/image_geometry) by extensions ['colcon_pkg']
[1.020s] Level 1:colcon.colcon_core.package_identification:_identify(src/vision_opencv/image_geometry) by extension 'colcon_pkg'
[1.020s] Level 1:colcon.colcon_core.package_identification:_identify(src/vision_opencv/image_geometry) by extensions ['colcon_meta']
[1.020s] Level 1:colcon.colcon_core.package_identification:_identify(src/vision_opencv/image_geometry) by extension 'colcon_meta'
[1.020s] Level 1:colcon.colcon_core.package_identification:_identify(src/vision_opencv/image_geometry) by extensions ['ros']
[1.020s] Level 1:colcon.colcon_core.package_identification:_identify(src/vision_opencv/image_geometry) by extension 'ros'
[1.022s] DEBUG:colcon.colcon_core.package_identification:Package 'src/vision_opencv/image_geometry' with type 'ros.ament_cmake' and name 'image_geometry'
[1.022s] Level 1:colcon.colcon_core.package_identification:_identify(src/vision_opencv/opencv_tests) by extensions ['ignore', 'ignore_ament_install']
[1.022s] Level 1:colcon.colcon_core.package_identification:_identify(src/vision_opencv/opencv_tests) by extension 'ignore'
[1.022s] Level 1:colcon.colcon_core.package_identification:_identify(src/vision_opencv/opencv_tests) by extension 'ignore_ament_install'
[1.022s] Level 1:colcon.colcon_core.package_identification:_identify(src/vision_opencv/opencv_tests) by extensions ['colcon_pkg']
[1.022s] Level 1:colcon.colcon_core.package_identification:_identify(src/vision_opencv/opencv_tests) by extension 'colcon_pkg'
[1.023s] Level 1:colcon.colcon_core.package_identification:_identify(src/vision_opencv/opencv_tests) by extensions ['colcon_meta']
[1.023s] Level 1:colcon.colcon_core.package_identification:_identify(src/vision_opencv/opencv_tests) by extension 'colcon_meta'
[1.023s] Level 1:colcon.colcon_core.package_identification:_identify(src/vision_opencv/opencv_tests) by extensions ['ros']
[1.023s] Level 1:colcon.colcon_core.package_identification:_identify(src/vision_opencv/opencv_tests) by extension 'ros'
[1.024s] DEBUG:colcon.colcon_core.package_identification:Package 'src/vision_opencv/opencv_tests' with type 'ros.ament_python' and name 'opencv_tests'
[1.025s] Level 1:colcon.colcon_core.package_identification:_identify(src/vision_opencv/vision_opencv) by extensions ['ignore', 'ignore_ament_install']
[1.025s] Level 1:colcon.colcon_core.package_identification:_identify(src/vision_opencv/vision_opencv) by extension 'ignore'
[1.025s] Level 1:colcon.colcon_core.package_identification:_identify(src/vision_opencv/vision_opencv) by extension 'ignore_ament_install'
[1.025s] Level 1:colcon.colcon_core.package_identification:_identify(src/vision_opencv/vision_opencv) by extensions ['colcon_pkg']
[1.025s] Level 1:colcon.colcon_core.package_identification:_identify(src/vision_opencv/vision_opencv) by extension 'colcon_pkg'
[1.025s] Level 1:colcon.colcon_core.package_identification:_identify(src/vision_opencv/vision_opencv) by extensions ['colcon_meta']
[1.025s] Level 1:colcon.colcon_core.package_identification:_identify(src/vision_opencv/vision_opencv) by extension 'colcon_meta'
[1.025s] Level 1:colcon.colcon_core.package_identification:_identify(src/vision_opencv/vision_opencv) by extensions ['ros']
[1.025s] Level 1:colcon.colcon_core.package_identification:_identify(src/vision_opencv/vision_opencv) by extension 'ros'
[1.027s] DEBUG:colcon.colcon_core.package_identification:Package 'src/vision_opencv/vision_opencv' with type 'ros.ament_cmake' and name 'vision_opencv'
[1.027s] Level 1:colcon.colcon_core.package_discovery:discover_packages(recursive) using defaults
[1.027s] Level 1:colcon.colcon_core.package_discovery:discover_packages(ignore) discover
[1.027s] Level 1:colcon.colcon_core.package_discovery:discover_packages(ignore) using defaults
[1.027s] Level 1:colcon.colcon_core.package_discovery:discover_packages(path) discover
[1.027s] Level 1:colcon.colcon_core.package_discovery:discover_packages(path) using defaults
[1.088s] Level 1:colcon.colcon_core.package_discovery:discover_packages(prefix_path) check parameters
[1.088s] Level 1:colcon.colcon_core.package_discovery:discover_packages(prefix_path) discover
[1.093s] DEBUG:colcon.colcon_installed_package_information.package_discovery:Found 288 installed packages in /opt/ros/humble
[1.095s] Level 1:colcon.colcon_core.package_discovery:discover_packages(prefix_path) using defaults
[1.164s] Level 5:colcon.colcon_core.verb:set package 'cv_bridge' build argument 'cmake_args' from command line to '['-DCMAKE_BUILD_TYPE=Release']'
[1.164s] Level 5:colcon.colcon_core.verb:set package 'cv_bridge' build argument 'cmake_target' from command line to 'None'
[1.165s] Level 5:colcon.colcon_core.verb:set package 'cv_bridge' build argument 'cmake_target_skip_unavailable' from command line to 'False'
[1.165s] Level 5:colcon.colcon_core.verb:set package 'cv_bridge' build argument 'cmake_clean_cache' from command line to 'False'
[1.165s] Level 5:colcon.colcon_core.verb:set package 'cv_bridge' build argument 'cmake_clean_first' from command line to 'False'
[1.165s] Level 5:colcon.colcon_core.verb:set package 'cv_bridge' build argument 'cmake_force_configure' from command line to 'False'
[1.165s] Level 5:colcon.colcon_core.verb:set package 'cv_bridge' build argument 'ament_cmake_args' from command line to 'None'
[1.165s] Level 5:colcon.colcon_core.verb:set package 'cv_bridge' build argument 'catkin_cmake_args' from command line to 'None'
[1.165s] Level 5:colcon.colcon_core.verb:set package 'cv_bridge' build argument 'catkin_skip_building_tests' from command line to 'False'
[1.165s] DEBUG:colcon.colcon_core.verb:Building package 'cv_bridge' with the following arguments: {'ament_cmake_args': None, 'build_base': '/home/jagdeesh/tracker/build/cv_bridge', 'catkin_cmake_args': None, 'catkin_skip_building_tests': False, 'cmake_args': ['-DCMAKE_BUILD_TYPE=Release'], 'cmake_clean_cache': False, 'cmake_clean_first': False, 'cmake_force_configure': False, 'cmake_target': None, 'cmake_target_skip_unavailable': False, 'install_base': '/home/jagdeesh/tracker/install/cv_bridge', 'merge_install': False, 'path': '/home/jagdeesh/tracker/src/vision_opencv/cv_bridge', 'symlink_install': False, 'test_result_base': None}
[1.165s] Level 5:colcon.colcon_core.verb:set package 'image_geometry' build argument 'cmake_args' from command line to '['-DCMAKE_BUILD_TYPE=Release']'
[1.165s] Level 5:colcon.colcon_core.verb:set package 'image_geometry' build argument 'cmake_target' from command line to 'None'
[1.165s] Level 5:colcon.colcon_core.verb:set package 'image_geometry' build argument 'cmake_target_skip_unavailable' from command line to 'False'
[1.165s] Level 5:colcon.colcon_core.verb:set package 'image_geometry' build argument 'cmake_clean_cache' from command line to 'False'
[1.165s] Level 5:colcon.colcon_core.verb:set package 'image_geometry' build argument 'cmake_clean_first' from command line to 'False'
[1.165s] Level 5:colcon.colcon_core.verb:set package 'image_geometry' build argument 'cmake_force_configure' from command line to 'False'
[1.165s] Level 5:colcon.colcon_core.verb:set package 'image_geometry' build argument 'ament_cmake_args' from command line to 'None'
[1.165s] Level 5:colcon.colcon_core.verb:set package 'image_geometry' build argument 'catkin_cmake_args' from command line to 'None'
[1.166s] Level 5:colcon.colcon_core.verb:set package 'image_geometry' build argument 'catkin_skip_building_tests' from command line to 'False'
[1.166s] DEBUG:colcon.colcon_core.verb:Building package 'image_geometry' with the following arguments: {'ament_cmake_args': None, 'build_base': '/home/jagdeesh/tracker/build/image_geometry', 'catkin_cmake_args': None, 'catkin_skip_building_tests': False, 'cmake_args': ['-DCMAKE_BUILD_TYPE=Release'], 'cmake_clean_cache': False, 'cmake_clean_first': False, 'cmake_force_configure': False, 'cmake_target': None, 'cmake_target_skip_unavailable': False, 'install_base': '/home/jagdeesh/tracker/install/image_geometry', 'merge_install': False, 'path': '/home/jagdeesh/tracker/src/vision_opencv/image_geometry', 'symlink_install': False, 'test_result_base': None}
[1.166s] Level 5:colcon.colcon_core.verb:set package 'px4_msgs' build argument 'cmake_args' from command line to '['-DCMAKE_BUILD_TYPE=Release']'
[1.166s] Level 5:colcon.colcon_core.verb:set package 'px4_msgs' build argument 'cmake_target' from command line to 'None'
[1.166s] Level 5:colcon.colcon_core.verb:set package 'px4_msgs' build argument 'cmake_target_skip_unavailable' from command line to 'False'
[1.166s] Level 5:colcon.colcon_core.verb:set package 'px4_msgs' build argument 'cmake_clean_cache' from command line to 'False'
[1.166s] Level 5:colcon.colcon_core.verb:set package 'px4_msgs' build argument 'cmake_clean_first' from command line to 'False'
[1.166s] Level 5:colcon.colcon_core.verb:set package 'px4_msgs' build argument 'cmake_force_configure' from command line to 'False'
[1.166s] Level 5:colcon.colcon_core.verb:set package 'px4_msgs' build argument 'ament_cmake_args' from command line to 'None'
[1.166s] Level 5:colcon.colcon_core.verb:set package 'px4_msgs' build argument 'catkin_cmake_args' from command line to 'None'
[1.166s] Level 5:colcon.colcon_core.verb:set package 'px4_msgs' build argument 'catkin_skip_building_tests' from command line to 'False'
[1.166s] DEBUG:colcon.colcon_core.verb:Building package 'px4_msgs' with the following arguments: {'ament_cmake_args': None, 'build_base': '/home/jagdeesh/tracker/build/px4_msgs', 'catkin_cmake_args': None, 'catkin_skip_building_tests': False, 'cmake_args': ['-DCMAKE_BUILD_TYPE=Release'], 'cmake_clean_cache': False, 'cmake_clean_first': False, 'cmake_force_configure': False, 'cmake_target': None, 'cmake_target_skip_unavailable': False, 'install_base': '/home/jagdeesh/tracker/install/px4_msgs', 'merge_install': False, 'path': '/home/jagdeesh/tracker/src/px4_msgs', 'symlink_install': False, 'test_result_base': None}
[1.167s] Level 5:colcon.colcon_core.verb:set package 'ros_gz_interfaces' build argument 'cmake_args' from command line to '['-DCMAKE_BUILD_TYPE=Release']'
[1.167s] Level 5:colcon.colcon_core.verb:set package 'ros_gz_interfaces' build argument 'cmake_target' from command line to 'None'
[1.167s] Level 5:colcon.colcon_core.verb:set package 'ros_gz_interfaces' build argument 'cmake_target_skip_unavailable' from command line to 'False'
[1.167s] Level 5:colcon.colcon_core.verb:set package 'ros_gz_interfaces' build argument 'cmake_clean_cache' from command line to 'False'
[1.167s] Level 5:colcon.colcon_core.verb:set package 'ros_gz_interfaces' build argument 'cmake_clean_first' from command line to 'False'
[1.167s] Level 5:colcon.colcon_core.verb:set package 'ros_gz_interfaces' build argument 'cmake_force_configure' from command line to 'False'
[1.168s] Level 5:colcon.colcon_core.verb:set package 'ros_gz_interfaces' build argument 'ament_cmake_args' from command line to 'None'
[1.168s] Level 5:colcon.colcon_core.verb:set package 'ros_gz_interfaces' build argument 'catkin_cmake_args' from command line to 'None'
[1.168s] Level 5:colcon.colcon_core.verb:set package 'ros_gz_interfaces' build argument 'catkin_skip_building_tests' from command line to 'False'
[1.168s] DEBUG:colcon.colcon_core.verb:Building package 'ros_gz_interfaces' with the following arguments: {'ament_cmake_args': None, 'build_base': '/home/jagdeesh/tracker/build/ros_gz_interfaces', 'catkin_cmake_args': None, 'catkin_skip_building_tests': False, 'cmake_args': ['-DCMAKE_BUILD_TYPE=Release'], 'cmake_clean_cache': False, 'cmake_clean_first': False, 'cmake_force_configure': False, 'cmake_target': None, 'cmake_target_skip_unavailable': False, 'install_base': '/home/jagdeesh/tracker/install/ros_gz_interfaces', 'merge_install': False, 'path': '/home/jagdeesh/tracker/src/ros_gz/ros_gz_interfaces', 'symlink_install': False, 'test_result_base': None}
[1.169s] Level 5:colcon.colcon_core.verb:set package 'ros_gz_sim' build argument 'cmake_args' from command line to '['-DCMAKE_BUILD_TYPE=Release']'
[1.169s] Level 5:colcon.colcon_core.verb:set package 'ros_gz_sim' build argument 'cmake_target' from command line to 'None'
[1.169s] Level 5:colcon.colcon_core.verb:set package 'ros_gz_sim' build argument 'cmake_target_skip_unavailable' from command line to 'False'
[1.169s] Level 5:colcon.colcon_core.verb:set package 'ros_gz_sim' build argument 'cmake_clean_cache' from command line to 'False'
[1.169s] Level 5:colcon.colcon_core.verb:set package 'ros_gz_sim' build argument 'cmake_clean_first' from command line to 'False'
[1.169s] Level 5:colcon.colcon_core.verb:set package 'ros_gz_sim' build argument 'cmake_force_configure' from command line to 'False'
[1.169s] Level 5:colcon.colcon_core.verb:set package 'ros_gz_sim' build argument 'ament_cmake_args' from command line to 'None'
[1.169s] Level 5:colcon.colcon_core.verb:set package 'ros_gz_sim' build argument 'catkin_cmake_args' from command line to 'None'
[1.169s] Level 5:colcon.colcon_core.verb:set package 'ros_gz_sim' build argument 'catkin_skip_building_tests' from command line to 'False'
[1.169s] DEBUG:colcon.colcon_core.verb:Building package 'ros_gz_sim' with the following arguments: {'ament_cmake_args': None, 'build_base': '/home/jagdeesh/tracker/build/ros_gz_sim', 'catkin_cmake_args': None, 'catkin_skip_building_tests': False, 'cmake_args': ['-DCMAKE_BUILD_TYPE=Release'], 'cmake_clean_cache': False, 'cmake_clean_first': False, 'cmake_force_configure': False, 'cmake_target': None, 'cmake_target_skip_unavailable': False, 'install_base': '/home/jagdeesh/tracker/install/ros_gz_sim', 'merge_install': False, 'path': '/home/jagdeesh/tracker/src/ros_gz/ros_gz_sim', 'symlink_install': False, 'test_result_base': None}
[1.170s] Level 5:colcon.colcon_core.verb:set package 'aruco_tracker' build argument 'cmake_args' from command line to '['-DCMAKE_BUILD_TYPE=Release']'
[1.170s] Level 5:colcon.colcon_core.verb:set package 'aruco_tracker' build argument 'cmake_target' from command line to 'None'
[1.170s] Level 5:colcon.colcon_core.verb:set package 'aruco_tracker' build argument 'cmake_target_skip_unavailable' from command line to 'False'
[1.170s] Level 5:colcon.colcon_core.verb:set package 'aruco_tracker' build argument 'cmake_clean_cache' from command line to 'False'
[1.170s] Level 5:colcon.colcon_core.verb:set package 'aruco_tracker' build argument 'cmake_clean_first' from command line to 'False'
[1.170s] Level 5:colcon.colcon_core.verb:set package 'aruco_tracker' build argument 'cmake_force_configure' from command line to 'False'
[1.170s] Level 5:colcon.colcon_core.verb:set package 'aruco_tracker' build argument 'ament_cmake_args' from command line to 'None'
[1.170s] Level 5:colcon.colcon_core.verb:set package 'aruco_tracker' build argument 'catkin_cmake_args' from command line to 'None'
[1.170s] Level 5:colcon.colcon_core.verb:set package 'aruco_tracker' build argument 'catkin_skip_building_tests' from command line to 'False'
[1.171s] DEBUG:colcon.colcon_core.verb:Building package 'aruco_tracker' with the following arguments: {'ament_cmake_args': None, 'build_base': '/home/jagdeesh/tracker/build/aruco_tracker', 'catkin_cmake_args': None, 'catkin_skip_building_tests': False, 'cmake_args': ['-DCMAKE_BUILD_TYPE=Release'], 'cmake_clean_cache': False, 'cmake_clean_first': False, 'cmake_force_configure': False, 'cmake_target': None, 'cmake_target_skip_unavailable': False, 'install_base': '/home/jagdeesh/tracker/install/aruco_tracker', 'merge_install': False, 'path': '/home/jagdeesh/tracker/fixed_src/aruco_tracker', 'symlink_install': False, 'test_result_base': None}
[1.171s] Level 5:colcon.colcon_core.verb:set package 'opencv_tests' build argument 'cmake_args' from command line to '['-DCMAKE_BUILD_TYPE=Release']'
[1.171s] Level 5:colcon.colcon_core.verb:set package 'opencv_tests' build argument 'cmake_target' from command line to 'None'
[1.171s] Level 5:colcon.colcon_core.verb:set package 'opencv_tests' build argument 'cmake_target_skip_unavailable' from command line to 'False'
[1.171s] Level 5:colcon.colcon_core.verb:set package 'opencv_tests' build argument 'cmake_clean_cache' from command line to 'False'
[1.172s] Level 5:colcon.colcon_core.verb:set package 'opencv_tests' build argument 'cmake_clean_first' from command line to 'False'
[1.172s] Level 5:colcon.colcon_core.verb:set package 'opencv_tests' build argument 'cmake_force_configure' from command line to 'False'
[1.172s] Level 5:colcon.colcon_core.verb:set package 'opencv_tests' build argument 'ament_cmake_args' from command line to 'None'
[1.172s] Level 5:colcon.colcon_core.verb:set package 'opencv_tests' build argument 'catkin_cmake_args' from command line to 'None'
[1.172s] Level 5:colcon.colcon_core.verb:set package 'opencv_tests' build argument 'catkin_skip_building_tests' from command line to 'False'
[1.172s] DEBUG:colcon.colcon_core.verb:Building package 'opencv_tests' with the following arguments: {'ament_cmake_args': None, 'build_base': '/home/jagdeesh/tracker/build/opencv_tests', 'catkin_cmake_args': None, 'catkin_skip_building_tests': False, 'cmake_args': ['-DCMAKE_BUILD_TYPE=Release'], 'cmake_clean_cache': False, 'cmake_clean_first': False, 'cmake_force_configure': False, 'cmake_target': None, 'cmake_target_skip_unavailable': False, 'install_base': '/home/jagdeesh/tracker/install/opencv_tests', 'merge_install': False, 'path': '/home/jagdeesh/tracker/src/vision_opencv/opencv_tests', 'symlink_install': False, 'test_result_base': None}
[1.173s] Level 5:colcon.colcon_core.verb:set package 'px4_ros2_cpp' build argument 'cmake_args' from command line to '['-DCMAKE_BUILD_TYPE=Release']'
[1.173s] Level 5:colcon.colcon_core.verb:set package 'px4_ros2_cpp' build argument 'cmake_target' from command line to 'None'
[1.173s] Level 5:colcon.colcon_core.verb:set package 'px4_ros2_cpp' build argument 'cmake_target_skip_unavailable' from command line to 'False'
[1.173s] Level 5:colcon.colcon_core.verb:set package 'px4_ros2_cpp' build argument 'cmake_clean_cache' from command line to 'False'
[1.173s] Level 5:colcon.colcon_core.verb:set package 'px4_ros2_cpp' build argument 'cmake_clean_first' from command line to 'False'
[1.173s] Level 5:colcon.colcon_core.verb:set package 'px4_ros2_cpp' build argument 'cmake_force_configure' from command line to 'False'
[1.173s] Level 5:colcon.colcon_core.verb:set package 'px4_ros2_cpp' build argument 'ament_cmake_args' from command line to 'None'
[1.173s] Level 5:colcon.colcon_core.verb:set package 'px4_ros2_cpp' build argument 'catkin_cmake_args' from command line to 'None'
[1.173s] Level 5:colcon.colcon_core.verb:set package 'px4_ros2_cpp' build argument 'catkin_skip_building_tests' from command line to 'False'
[1.173s] DEBUG:colcon.colcon_core.verb:Building package 'px4_ros2_cpp' with the following arguments: {'ament_cmake_args': None, 'build_base': '/home/jagdeesh/tracker/build/px4_ros2_cpp', 'catkin_cmake_args': None, 'catkin_skip_building_tests': False, 'cmake_args': ['-DCMAKE_BUILD_TYPE=Release'], 'cmake_clean_cache': False, 'cmake_clean_first': False, 'cmake_force_configure': False, 'cmake_target': None, 'cmake_target_skip_unavailable': False, 'install_base': '/home/jagdeesh/tracker/install/px4_ros2_cpp', 'merge_install': False, 'path': '/home/jagdeesh/tracker/src/px4-ros2-interface-lib/px4_ros2_cpp', 'symlink_install': False, 'test_result_base': None}
[1.174s] Level 5:colcon.colcon_core.verb:set package 'ros_gz_bridge' build argument 'cmake_args' from command line to '['-DCMAKE_BUILD_TYPE=Release']'
[1.174s] Level 5:colcon.colcon_core.verb:set package 'ros_gz_bridge' build argument 'cmake_target' from command line to 'None'
[1.174s] Level 5:colcon.colcon_core.verb:set package 'ros_gz_bridge' build argument 'cmake_target_skip_unavailable' from command line to 'False'
[1.174s] Level 5:colcon.colcon_core.verb:set package 'ros_gz_bridge' build argument 'cmake_clean_cache' from command line to 'False'
[1.174s] Level 5:colcon.colcon_core.verb:set package 'ros_gz_bridge' build argument 'cmake_clean_first' from command line to 'False'
[1.174s] Level 5:colcon.colcon_core.verb:set package 'ros_gz_bridge' build argument 'cmake_force_configure' from command line to 'False'
[1.174s] Level 5:colcon.colcon_core.verb:set package 'ros_gz_bridge' build argument 'ament_cmake_args' from command line to 'None'
[1.174s] Level 5:colcon.colcon_core.verb:set package 'ros_gz_bridge' build argument 'catkin_cmake_args' from command line to 'None'
[1.174s] Level 5:colcon.colcon_core.verb:set package 'ros_gz_bridge' build argument 'catkin_skip_building_tests' from command line to 'False'
[1.174s] DEBUG:colcon.colcon_core.verb:Building package 'ros_gz_bridge' with the following arguments: {'ament_cmake_args': None, 'build_base': '/home/jagdeesh/tracker/build/ros_gz_bridge', 'catkin_cmake_args': None, 'catkin_skip_building_tests': False, 'cmake_args': ['-DCMAKE_BUILD_TYPE=Release'], 'cmake_clean_cache': False, 'cmake_clean_first': False, 'cmake_force_configure': False, 'cmake_target': None, 'cmake_target_skip_unavailable': False, 'install_base': '/home/jagdeesh/tracker/install/ros_gz_bridge', 'merge_install': False, 'path': '/home/jagdeesh/tracker/src/ros_gz/ros_gz_bridge', 'symlink_install': False, 'test_result_base': None}
[1.175s] Level 5:colcon.colcon_core.verb:set package 'ros_ign_gazebo' build argument 'cmake_args' from command line to '['-DCMAKE_BUILD_TYPE=Release']'
[1.175s] Level 5:colcon.colcon_core.verb:set package 'ros_ign_gazebo' build argument 'cmake_target' from command line to 'None'
[1.175s] Level 5:colcon.colcon_core.verb:set package 'ros_ign_gazebo' build argument 'cmake_target_skip_unavailable' from command line to 'False'
[1.175s] Level 5:colcon.colcon_core.verb:set package 'ros_ign_gazebo' build argument 'cmake_clean_cache' from command line to 'False'
[1.175s] Level 5:colcon.colcon_core.verb:set package 'ros_ign_gazebo' build argument 'cmake_clean_first' from command line to 'False'
[1.175s] Level 5:colcon.colcon_core.verb:set package 'ros_ign_gazebo' build argument 'cmake_force_configure' from command line to 'False'
[1.175s] Level 5:colcon.colcon_core.verb:set package 'ros_ign_gazebo' build argument 'ament_cmake_args' from command line to 'None'
[1.175s] Level 5:colcon.colcon_core.verb:set package 'ros_ign_gazebo' build argument 'catkin_cmake_args' from command line to 'None'
[1.175s] Level 5:colcon.colcon_core.verb:set package 'ros_ign_gazebo' build argument 'catkin_skip_building_tests' from command line to 'False'
[1.175s] DEBUG:colcon.colcon_core.verb:Building package 'ros_ign_gazebo' with the following arguments: {'ament_cmake_args': None, 'build_base': '/home/jagdeesh/tracker/build/ros_ign_gazebo', 'catkin_cmake_args': None, 'catkin_skip_building_tests': False, 'cmake_args': ['-DCMAKE_BUILD_TYPE=Release'], 'cmake_clean_cache': False, 'cmake_clean_first': False, 'cmake_force_configure': False, 'cmake_target': None, 'cmake_target_skip_unavailable': False, 'install_base': '/home/jagdeesh/tracker/install/ros_ign_gazebo', 'merge_install': False, 'path': '/home/jagdeesh/tracker/src/ros_gz/ros_ign_gazebo', 'symlink_install': False, 'test_result_base': None}
[1.176s] Level 5:colcon.colcon_core.verb:set package 'ros_ign_interfaces' build argument 'cmake_args' from command line to '['-DCMAKE_BUILD_TYPE=Release']'
[1.176s] Level 5:colcon.colcon_core.verb:set package 'ros_ign_interfaces' build argument 'cmake_target' from command line to 'None'
[1.176s] Level 5:colcon.colcon_core.verb:set package 'ros_ign_interfaces' build argument 'cmake_target_skip_unavailable' from command line to 'False'
[1.176s] Level 5:colcon.colcon_core.verb:set package 'ros_ign_interfaces' build argument 'cmake_clean_cache' from command line to 'False'
[1.176s] Level 5:colcon.colcon_core.verb:set package 'ros_ign_interfaces' build argument 'cmake_clean_first' from command line to 'False'
[1.176s] Level 5:colcon.colcon_core.verb:set package 'ros_ign_interfaces' build argument 'cmake_force_configure' from command line to 'False'
[1.176s] Level 5:colcon.colcon_core.verb:set package 'ros_ign_interfaces' build argument 'ament_cmake_args' from command line to 'None'
[1.176s] Level 5:colcon.colcon_core.verb:set package 'ros_ign_interfaces' build argument 'catkin_cmake_args' from command line to 'None'
[1.176s] Level 5:colcon.colcon_core.verb:set package 'ros_ign_interfaces' build argument 'catkin_skip_building_tests' from command line to 'False'
[1.176s] DEBUG:colcon.colcon_core.verb:Building package 'ros_ign_interfaces' with the following arguments: {'ament_cmake_args': None, 'build_base': '/home/jagdeesh/tracker/build/ros_ign_interfaces', 'catkin_cmake_args': None, 'catkin_skip_building_tests': False, 'cmake_args': ['-DCMAKE_BUILD_TYPE=Release'], 'cmake_clean_cache': False, 'cmake_clean_first': False, 'cmake_force_configure': False, 'cmake_target': None, 'cmake_target_skip_unavailable': False, 'install_base': '/home/jagdeesh/tracker/install/ros_ign_interfaces', 'merge_install': False, 'path': '/home/jagdeesh/tracker/src/ros_gz/ros_ign_interfaces', 'symlink_install': False, 'test_result_base': None}
[1.177s] Level 5:colcon.colcon_core.verb:set package 'vision_opencv' build argument 'cmake_args' from command line to '['-DCMAKE_BUILD_TYPE=Release']'
[1.177s] Level 5:colcon.colcon_core.verb:set package 'vision_opencv' build argument 'cmake_target' from command line to 'None'
[1.177s] Level 5:colcon.colcon_core.verb:set package 'vision_opencv' build argument 'cmake_target_skip_unavailable' from command line to 'False'
[1.177s] Level 5:colcon.colcon_core.verb:set package 'vision_opencv' build argument 'cmake_clean_cache' from command line to 'False'
[1.177s] Level 5:colcon.colcon_core.verb:set package 'vision_opencv' build argument 'cmake_clean_first' from command line to 'False'
[1.177s] Level 5:colcon.colcon_core.verb:set package 'vision_opencv' build argument 'cmake_force_configure' from command line to 'False'
[1.177s] Level 5:colcon.colcon_core.verb:set package 'vision_opencv' build argument 'ament_cmake_args' from command line to 'None'
[1.177s] Level 5:colcon.colcon_core.verb:set package 'vision_opencv' build argument 'catkin_cmake_args' from command line to 'None'
[1.177s] Level 5:colcon.colcon_core.verb:set package 'vision_opencv' build argument 'catkin_skip_building_tests' from command line to 'False'
[1.177s] DEBUG:colcon.colcon_core.verb:Building package 'vision_opencv' with the following arguments: {'ament_cmake_args': None, 'build_base': '/home/jagdeesh/tracker/build/vision_opencv', 'catkin_cmake_args': None, 'catkin_skip_building_tests': False, 'cmake_args': ['-DCMAKE_BUILD_TYPE=Release'], 'cmake_clean_cache': False, 'cmake_clean_first': False, 'cmake_force_configure': False, 'cmake_target': None, 'cmake_target_skip_unavailable': False, 'install_base': '/home/jagdeesh/tracker/install/vision_opencv', 'merge_install': False, 'path': '/home/jagdeesh/tracker/src/vision_opencv/vision_opencv', 'symlink_install': False, 'test_result_base': None}
[1.178s] Level 5:colcon.colcon_core.verb:set package 'example_executor_with_multiple_modes_cpp' build argument 'cmake_args' from command line to '['-DCMAKE_BUILD_TYPE=Release']'
[1.178s] Level 5:colcon.colcon_core.verb:set package 'example_executor_with_multiple_modes_cpp' build argument 'cmake_target' from command line to 'None'
[1.178s] Level 5:colcon.colcon_core.verb:set package 'example_executor_with_multiple_modes_cpp' build argument 'cmake_target_skip_unavailable' from command line to 'False'
[1.178s] Level 5:colcon.colcon_core.verb:set package 'example_executor_with_multiple_modes_cpp' build argument 'cmake_clean_cache' from command line to 'False'
[1.178s] Level 5:colcon.colcon_core.verb:set package 'example_executor_with_multiple_modes_cpp' build argument 'cmake_clean_first' from command line to 'False'
[1.178s] Level 5:colcon.colcon_core.verb:set package 'example_executor_with_multiple_modes_cpp' build argument 'cmake_force_configure' from command line to 'False'
[1.178s] Level 5:colcon.colcon_core.verb:set package 'example_executor_with_multiple_modes_cpp' build argument 'ament_cmake_args' from command line to 'None'
[1.178s] Level 5:colcon.colcon_core.verb:set package 'example_executor_with_multiple_modes_cpp' build argument 'catkin_cmake_args' from command line to 'None'
[1.178s] Level 5:colcon.colcon_core.verb:set package 'example_executor_with_multiple_modes_cpp' build argument 'catkin_skip_building_tests' from command line to 'False'
[1.178s] DEBUG:colcon.colcon_core.verb:Building package 'example_executor_with_multiple_modes_cpp' with the following arguments: {'ament_cmake_args': None, 'build_base': '/home/jagdeesh/tracker/build/example_executor_with_multiple_modes_cpp', 'catkin_cmake_args': None, 'catkin_skip_building_tests': False, 'cmake_args': ['-DCMAKE_BUILD_TYPE=Release'], 'cmake_clean_cache': False, 'cmake_clean_first': False, 'cmake_force_configure': False, 'cmake_target': None, 'cmake_target_skip_unavailable': False, 'install_base': '/home/jagdeesh/tracker/install/example_executor_with_multiple_modes_cpp', 'merge_install': False, 'path': '/home/jagdeesh/tracker/src/px4-ros2-interface-lib/examples/cpp/modes/executor_with_multiple_modes', 'symlink_install': False, 'test_result_base': None}
[1.178s] Level 5:colcon.colcon_core.verb:set package 'example_global_navigation_cpp' build argument 'cmake_args' from command line to '['-DCMAKE_BUILD_TYPE=Release']'
[1.178s] Level 5:colcon.colcon_core.verb:set package 'example_global_navigation_cpp' build argument 'cmake_target' from command line to 'None'
[1.178s] Level 5:colcon.colcon_core.verb:set package 'example_global_navigation_cpp' build argument 'cmake_target_skip_unavailable' from command line to 'False'
[1.178s] Level 5:colcon.colcon_core.verb:set package 'example_global_navigation_cpp' build argument 'cmake_clean_cache' from command line to 'False'
[1.178s] Level 5:colcon.colcon_core.verb:set package 'example_global_navigation_cpp' build argument 'cmake_clean_first' from command line to 'False'
[1.178s] Level 5:colcon.colcon_core.verb:set package 'example_global_navigation_cpp' build argument 'cmake_force_configure' from command line to 'False'
[1.178s] Level 5:colcon.colcon_core.verb:set package 'example_global_navigation_cpp' build argument 'ament_cmake_args' from command line to 'None'
[1.178s] Level 5:colcon.colcon_core.verb:set package 'example_global_navigation_cpp' build argument 'catkin_cmake_args' from command line to 'None'
[1.179s] Level 5:colcon.colcon_core.verb:set package 'example_global_navigation_cpp' build argument 'catkin_skip_building_tests' from command line to 'False'
[1.179s] DEBUG:colcon.colcon_core.verb:Building package 'example_global_navigation_cpp' with the following arguments: {'ament_cmake_args': None, 'build_base': '/home/jagdeesh/tracker/build/example_global_navigation_cpp', 'catkin_cmake_args': None, 'catkin_skip_building_tests': False, 'cmake_args': ['-DCMAKE_BUILD_TYPE=Release'], 'cmake_clean_cache': False, 'cmake_clean_first': False, 'cmake_force_configure': False, 'cmake_target': None, 'cmake_target_skip_unavailable': False, 'install_base': '/home/jagdeesh/tracker/install/example_global_navigation_cpp', 'merge_install': False, 'path': '/home/jagdeesh/tracker/src/px4-ros2-interface-lib/examples/cpp/navigation/global_navigation', 'symlink_install': False, 'test_result_base': None}
[1.179s] Level 5:colcon.colcon_core.verb:set package 'example_local_navigation_cpp' build argument 'cmake_args' from command line to '['-DCMAKE_BUILD_TYPE=Release']'
[1.179s] Level 5:colcon.colcon_core.verb:set package 'example_local_navigation_cpp' build argument 'cmake_target' from command line to 'None'
[1.179s] Level 5:colcon.colcon_core.verb:set package 'example_local_navigation_cpp' build argument 'cmake_target_skip_unavailable' from command line to 'False'
[1.179s] Level 5:colcon.colcon_core.verb:set package 'example_local_navigation_cpp' build argument 'cmake_clean_cache' from command line to 'False'
[1.179s] Level 5:colcon.colcon_core.verb:set package 'example_local_navigation_cpp' build argument 'cmake_clean_first' from command line to 'False'
[1.179s] Level 5:colcon.colcon_core.verb:set package 'example_local_navigation_cpp' build argument 'cmake_force_configure' from command line to 'False'
[1.179s] Level 5:colcon.colcon_core.verb:set package 'example_local_navigation_cpp' build argument 'ament_cmake_args' from command line to 'None'
[1.179s] Level 5:colcon.colcon_core.verb:set package 'example_local_navigation_cpp' build argument 'catkin_cmake_args' from command line to 'None'
[1.179s] Level 5:colcon.colcon_core.verb:set package 'example_local_navigation_cpp' build argument 'catkin_skip_building_tests' from command line to 'False'
[1.179s] DEBUG:colcon.colcon_core.verb:Building package 'example_local_navigation_cpp' with the following arguments: {'ament_cmake_args': None, 'build_base': '/home/jagdeesh/tracker/build/example_local_navigation_cpp', 'catkin_cmake_args': None, 'catkin_skip_building_tests': False, 'cmake_args': ['-DCMAKE_BUILD_TYPE=Release'], 'cmake_clean_cache': False, 'cmake_clean_first': False, 'cmake_force_configure': False, 'cmake_target': None, 'cmake_target_skip_unavailable': False, 'install_base': '/home/jagdeesh/tracker/install/example_local_navigation_cpp', 'merge_install': False, 'path': '/home/jagdeesh/tracker/src/px4-ros2-interface-lib/examples/cpp/navigation/local_navigation', 'symlink_install': False, 'test_result_base': None}
[1.180s] Level 5:colcon.colcon_core.verb:set package 'example_mode_fw_attitude_cpp' build argument 'cmake_args' from command line to '['-DCMAKE_BUILD_TYPE=Release']'
[1.180s] Level 5:colcon.colcon_core.verb:set package 'example_mode_fw_attitude_cpp' build argument 'cmake_target' from command line to 'None'
[1.180s] Level 5:colcon.colcon_core.verb:set package 'example_mode_fw_attitude_cpp' build argument 'cmake_target_skip_unavailable' from command line to 'False'
[1.180s] Level 5:colcon.colcon_core.verb:set package 'example_mode_fw_attitude_cpp' build argument 'cmake_clean_cache' from command line to 'False'
[1.180s] Level 5:colcon.colcon_core.verb:set package 'example_mode_fw_attitude_cpp' build argument 'cmake_clean_first' from command line to 'False'
[1.180s] Level 5:colcon.colcon_core.verb:set package 'example_mode_fw_attitude_cpp' build argument 'cmake_force_configure' from command line to 'False'
[1.180s] Level 5:colcon.colcon_core.verb:set package 'example_mode_fw_attitude_cpp' build argument 'ament_cmake_args' from command line to 'None'
[1.180s] Level 5:colcon.colcon_core.verb:set package 'example_mode_fw_attitude_cpp' build argument 'catkin_cmake_args' from command line to 'None'
[1.180s] Level 5:colcon.colcon_core.verb:set package 'example_mode_fw_attitude_cpp' build argument 'catkin_skip_building_tests' from command line to 'False'
[1.180s] DEBUG:colcon.colcon_core.verb:Building package 'example_mode_fw_attitude_cpp' with the following arguments: {'ament_cmake_args': None, 'build_base': '/home/jagdeesh/tracker/build/example_mode_fw_attitude_cpp', 'catkin_cmake_args': None, 'catkin_skip_building_tests': False, 'cmake_args': ['-DCMAKE_BUILD_TYPE=Release'], 'cmake_clean_cache': False, 'cmake_clean_first': False, 'cmake_force_configure': False, 'cmake_target': None, 'cmake_target_skip_unavailable': False, 'install_base': '/home/jagdeesh/tracker/install/example_mode_fw_attitude_cpp', 'merge_install': False, 'path': '/home/jagdeesh/tracker/src/px4-ros2-interface-lib/examples/cpp/modes/fw_attitude', 'symlink_install': False, 'test_result_base': None}
[1.181s] Level 5:colcon.colcon_core.verb:set package 'example_mode_goto_cpp' build argument 'cmake_args' from command line to '['-DCMAKE_BUILD_TYPE=Release']'
[1.181s] Level 5:colcon.colcon_core.verb:set package 'example_mode_goto_cpp' build argument 'cmake_target' from command line to 'None'
[1.181s] Level 5:colcon.colcon_core.verb:set package 'example_mode_goto_cpp' build argument 'cmake_target_skip_unavailable' from command line to 'False'
[1.181s] Level 5:colcon.colcon_core.verb:set package 'example_mode_goto_cpp' build argument 'cmake_clean_cache' from command line to 'False'
[1.181s] Level 5:colcon.colcon_core.verb:set package 'example_mode_goto_cpp' build argument 'cmake_clean_first' from command line to 'False'
[1.181s] Level 5:colcon.colcon_core.verb:set package 'example_mode_goto_cpp' build argument 'cmake_force_configure' from command line to 'False'
[1.181s] Level 5:colcon.colcon_core.verb:set package 'example_mode_goto_cpp' build argument 'ament_cmake_args' from command line to 'None'
[1.181s] Level 5:colcon.colcon_core.verb:set package 'example_mode_goto_cpp' build argument 'catkin_cmake_args' from command line to 'None'
[1.181s] Level 5:colcon.colcon_core.verb:set package 'example_mode_goto_cpp' build argument 'catkin_skip_building_tests' from command line to 'False'
[1.181s] DEBUG:colcon.colcon_core.verb:Building package 'example_mode_goto_cpp' with the following arguments: {'ament_cmake_args': None, 'build_base': '/home/jagdeesh/tracker/build/example_mode_goto_cpp', 'catkin_cmake_args': None, 'catkin_skip_building_tests': False, 'cmake_args': ['-DCMAKE_BUILD_TYPE=Release'], 'cmake_clean_cache': False, 'cmake_clean_first': False, 'cmake_force_configure': False, 'cmake_target': None, 'cmake_target_skip_unavailable': False, 'install_base': '/home/jagdeesh/tracker/install/example_mode_goto_cpp', 'merge_install': False, 'path': '/home/jagdeesh/tracker/src/px4-ros2-interface-lib/examples/cpp/modes/goto', 'symlink_install': False, 'test_result_base': None}
[1.182s] Level 5:colcon.colcon_core.verb:set package 'example_mode_goto_global_cpp' build argument 'cmake_args' from command line to '['-DCMAKE_BUILD_TYPE=Release']'
[1.182s] Level 5:colcon.colcon_core.verb:set package 'example_mode_goto_global_cpp' build argument 'cmake_target' from command line to 'None'
[1.182s] Level 5:colcon.colcon_core.verb:set package 'example_mode_goto_global_cpp' build argument 'cmake_target_skip_unavailable' from command line to 'False'
[1.182s] Level 5:colcon.colcon_core.verb:set package 'example_mode_goto_global_cpp' build argument 'cmake_clean_cache' from command line to 'False'
[1.182s] Level 5:colcon.colcon_core.verb:set package 'example_mode_goto_global_cpp' build argument 'cmake_clean_first' from command line to 'False'
[1.182s] Level 5:colcon.colcon_core.verb:set package 'example_mode_goto_global_cpp' build argument 'cmake_force_configure' from command line to 'False'
[1.182s] Level 5:colcon.colcon_core.verb:set package 'example_mode_goto_global_cpp' build argument 'ament_cmake_args' from command line to 'None'
[1.182s] Level 5:colcon.colcon_core.verb:set package 'example_mode_goto_global_cpp' build argument 'catkin_cmake_args' from command line to 'None'
[1.182s] Level 5:colcon.colcon_core.verb:set package 'example_mode_goto_global_cpp' build argument 'catkin_skip_building_tests' from command line to 'False'
[1.182s] DEBUG:colcon.colcon_core.verb:Building package 'example_mode_goto_global_cpp' with the following arguments: {'ament_cmake_args': None, 'build_base': '/home/jagdeesh/tracker/build/example_mode_goto_global_cpp', 'catkin_cmake_args': None, 'catkin_skip_building_tests': False, 'cmake_args': ['-DCMAKE_BUILD_TYPE=Release'], 'cmake_clean_cache': False, 'cmake_clean_first': False, 'cmake_force_configure': False, 'cmake_target': None, 'cmake_target_skip_unavailable': False, 'install_base': '/home/jagdeesh/tracker/install/example_mode_goto_global_cpp', 'merge_install': False, 'path': '/home/jagdeesh/tracker/src/px4-ros2-interface-lib/examples/cpp/modes/goto_global', 'symlink_install': False, 'test_result_base': None}
[1.183s] Level 5:colcon.colcon_core.verb:set package 'example_mode_manual_cpp' build argument 'cmake_args' from command line to '['-DCMAKE_BUILD_TYPE=Release']'
[1.183s] Level 5:colcon.colcon_core.verb:set package 'example_mode_manual_cpp' build argument 'cmake_target' from command line to 'None'
[1.183s] Level 5:colcon.colcon_core.verb:set package 'example_mode_manual_cpp' build argument 'cmake_target_skip_unavailable' from command line to 'False'
[1.183s] Level 5:colcon.colcon_core.verb:set package 'example_mode_manual_cpp' build argument 'cmake_clean_cache' from command line to 'False'
[1.183s] Level 5:colcon.colcon_core.verb:set package 'example_mode_manual_cpp' build argument 'cmake_clean_first' from command line to 'False'
[1.183s] Level 5:colcon.colcon_core.verb:set package 'example_mode_manual_cpp' build argument 'cmake_force_configure' from command line to 'False'
[1.183s] Level 5:colcon.colcon_core.verb:set package 'example_mode_manual_cpp' build argument 'ament_cmake_args' from command line to 'None'
[1.183s] Level 5:colcon.colcon_core.verb:set package 'example_mode_manual_cpp' build argument 'catkin_cmake_args' from command line to 'None'
[1.183s] Level 5:colcon.colcon_core.verb:set package 'example_mode_manual_cpp' build argument 'catkin_skip_building_tests' from command line to 'False'
[1.183s] DEBUG:colcon.colcon_core.verb:Building package 'example_mode_manual_cpp' with the following arguments: {'ament_cmake_args': None, 'build_base': '/home/jagdeesh/tracker/build/example_mode_manual_cpp', 'catkin_cmake_args': None, 'catkin_skip_building_tests': False, 'cmake_args': ['-DCMAKE_BUILD_TYPE=Release'], 'cmake_clean_cache': False, 'cmake_clean_first': False, 'cmake_force_configure': False, 'cmake_target': None, 'cmake_target_skip_unavailable': False, 'install_base': '/home/jagdeesh/tracker/install/example_mode_manual_cpp', 'merge_install': False, 'path': '/home/jagdeesh/tracker/src/px4-ros2-interface-lib/examples/cpp/modes/manual', 'symlink_install': False, 'test_result_base': None}
[1.184s] Level 5:colcon.colcon_core.verb:set package 'example_mode_mission_cpp' build argument 'cmake_args' from command line to '['-DCMAKE_BUILD_TYPE=Release']'
[1.184s] Level 5:colcon.colcon_core.verb:set package 'example_mode_mission_cpp' build argument 'cmake_target' from command line to 'None'
[1.184s] Level 5:colcon.colcon_core.verb:set package 'example_mode_mission_cpp' build argument 'cmake_target_skip_unavailable' from command line to 'False'
[1.184s] Level 5:colcon.colcon_core.verb:set package 'example_mode_mission_cpp' build argument 'cmake_clean_cache' from command line to 'False'
[1.184s] Level 5:colcon.colcon_core.verb:set package 'example_mode_mission_cpp' build argument 'cmake_clean_first' from command line to 'False'
[1.184s] Level 5:colcon.colcon_core.verb:set package 'example_mode_mission_cpp' build argument 'cmake_force_configure' from command line to 'False'
[1.184s] Level 5:colcon.colcon_core.verb:set package 'example_mode_mission_cpp' build argument 'ament_cmake_args' from command line to 'None'
[1.184s] Level 5:colcon.colcon_core.verb:set package 'example_mode_mission_cpp' build argument 'catkin_cmake_args' from command line to 'None'
[1.184s] Level 5:colcon.colcon_core.verb:set package 'example_mode_mission_cpp' build argument 'catkin_skip_building_tests' from command line to 'False'
[1.184s] DEBUG:colcon.colcon_core.verb:Building package 'example_mode_mission_cpp' with the following arguments: {'ament_cmake_args': None, 'build_base': '/home/jagdeesh/tracker/build/example_mode_mission_cpp', 'catkin_cmake_args': None, 'catkin_skip_building_tests': False, 'cmake_args': ['-DCMAKE_BUILD_TYPE=Release'], 'cmake_clean_cache': False, 'cmake_clean_first': False, 'cmake_force_configure': False, 'cmake_target': None, 'cmake_target_skip_unavailable': False, 'install_base': '/home/jagdeesh/tracker/install/example_mode_mission_cpp', 'merge_install': False, 'path': '/home/jagdeesh/tracker/src/px4-ros2-interface-lib/examples/cpp/modes/mission', 'symlink_install': False, 'test_result_base': None}
[1.185s] Level 5:colcon.colcon_core.verb:set package 'example_mode_rtl_replacement_cpp' build argument 'cmake_args' from command line to '['-DCMAKE_BUILD_TYPE=Release']'
[1.185s] Level 5:colcon.colcon_core.verb:set package 'example_mode_rtl_replacement_cpp' build argument 'cmake_target' from command line to 'None'
[1.185s] Level 5:colcon.colcon_core.verb:set package 'example_mode_rtl_replacement_cpp' build argument 'cmake_target_skip_unavailable' from command line to 'False'
[1.185s] Level 5:colcon.colcon_core.verb:set package 'example_mode_rtl_replacement_cpp' build argument 'cmake_clean_cache' from command line to 'False'
[1.185s] Level 5:colcon.colcon_core.verb:set package 'example_mode_rtl_replacement_cpp' build argument 'cmake_clean_first' from command line to 'False'
[1.185s] Level 5:colcon.colcon_core.verb:set package 'example_mode_rtl_replacement_cpp' build argument 'cmake_force_configure' from command line to 'False'
[1.185s] Level 5:colcon.colcon_core.verb:set package 'example_mode_rtl_replacement_cpp' build argument 'ament_cmake_args' from command line to 'None'
[1.185s] Level 5:colcon.colcon_core.verb:set package 'example_mode_rtl_replacement_cpp' build argument 'catkin_cmake_args' from command line to 'None'
[1.185s] Level 5:colcon.colcon_core.verb:set package 'example_mode_rtl_replacement_cpp' build argument 'catkin_skip_building_tests' from command line to 'False'
[1.185s] DEBUG:colcon.colcon_core.verb:Building package 'example_mode_rtl_replacement_cpp' with the following arguments: {'ament_cmake_args': None, 'build_base': '/home/jagdeesh/tracker/build/example_mode_rtl_replacement_cpp', 'catkin_cmake_args': None, 'catkin_skip_building_tests': False, 'cmake_args': ['-DCMAKE_BUILD_TYPE=Release'], 'cmake_clean_cache': False, 'cmake_clean_first': False, 'cmake_force_configure': False, 'cmake_target': None, 'cmake_target_skip_unavailable': False, 'install_base': '/home/jagdeesh/tracker/install/example_mode_rtl_replacement_cpp', 'merge_install': False, 'path': '/home/jagdeesh/tracker/src/px4-ros2-interface-lib/examples/cpp/modes/rtl_replacement', 'symlink_install': False, 'test_result_base': None}
[1.186s] Level 5:colcon.colcon_core.verb:set package 'example_mode_vtol_cpp' build argument 'cmake_args' from command line to '['-DCMAKE_BUILD_TYPE=Release']'
[1.186s] Level 5:colcon.colcon_core.verb:set package 'example_mode_vtol_cpp' build argument 'cmake_target' from command line to 'None'
[1.186s] Level 5:colcon.colcon_core.verb:set package 'example_mode_vtol_cpp' build argument 'cmake_target_skip_unavailable' from command line to 'False'
[1.186s] Level 5:colcon.colcon_core.verb:set package 'example_mode_vtol_cpp' build argument 'cmake_clean_cache' from command line to 'False'
[1.186s] Level 5:colcon.colcon_core.verb:set package 'example_mode_vtol_cpp' build argument 'cmake_clean_first' from command line to 'False'
[1.186s] Level 5:colcon.colcon_core.verb:set package 'example_mode_vtol_cpp' build argument 'cmake_force_configure' from command line to 'False'
[1.186s] Level 5:colcon.colcon_core.verb:set package 'example_mode_vtol_cpp' build argument 'ament_cmake_args' from command line to 'None'
[1.186s] Level 5:colcon.colcon_core.verb:set package 'example_mode_vtol_cpp' build argument 'catkin_cmake_args' from command line to 'None'
[1.186s] Level 5:colcon.colcon_core.verb:set package 'example_mode_vtol_cpp' build argument 'catkin_skip_building_tests' from command line to 'False'
[1.186s] DEBUG:colcon.colcon_core.verb:Building package 'example_mode_vtol_cpp' with the following arguments: {'ament_cmake_args': None, 'build_base': '/home/jagdeesh/tracker/build/example_mode_vtol_cpp', 'catkin_cmake_args': None, 'catkin_skip_building_tests': False, 'cmake_args': ['-DCMAKE_BUILD_TYPE=Release'], 'cmake_clean_cache': False, 'cmake_clean_first': False, 'cmake_force_configure': False, 'cmake_target': None, 'cmake_target_skip_unavailable': False, 'install_base': '/home/jagdeesh/tracker/install/example_mode_vtol_cpp', 'merge_install': False, 'path': '/home/jagdeesh/tracker/src/px4-ros2-interface-lib/examples/cpp/modes/vtol', 'symlink_install': False, 'test_result_base': None}
[1.187s] Level 5:colcon.colcon_core.verb:set package 'example_mode_with_executor_cpp' build argument 'cmake_args' from command line to '['-DCMAKE_BUILD_TYPE=Release']'
[1.187s] Level 5:colcon.colcon_core.verb:set package 'example_mode_with_executor_cpp' build argument 'cmake_target' from command line to 'None'
[1.187s] Level 5:colcon.colcon_core.verb:set package 'example_mode_with_executor_cpp' build argument 'cmake_target_skip_unavailable' from command line to 'False'
[1.187s] Level 5:colcon.colcon_core.verb:set package 'example_mode_with_executor_cpp' build argument 'cmake_clean_cache' from command line to 'False'
[1.187s] Level 5:colcon.colcon_core.verb:set package 'example_mode_with_executor_cpp' build argument 'cmake_clean_first' from command line to 'False'
[1.187s] Level 5:colcon.colcon_core.verb:set package 'example_mode_with_executor_cpp' build argument 'cmake_force_configure' from command line to 'False'
[1.187s] Level 5:colcon.colcon_core.verb:set package 'example_mode_with_executor_cpp' build argument 'ament_cmake_args' from command line to 'None'
[1.187s] Level 5:colcon.colcon_core.verb:set package 'example_mode_with_executor_cpp' build argument 'catkin_cmake_args' from command line to 'None'
[1.187s] Level 5:colcon.colcon_core.verb:set package 'example_mode_with_executor_cpp' build argument 'catkin_skip_building_tests' from command line to 'False'
[1.187s] DEBUG:colcon.colcon_core.verb:Building package 'example_mode_with_executor_cpp' with the following arguments: {'ament_cmake_args': None, 'build_base': '/home/jagdeesh/tracker/build/example_mode_with_executor_cpp', 'catkin_cmake_args': None, 'catkin_skip_building_tests': False, 'cmake_args': ['-DCMAKE_BUILD_TYPE=Release'], 'cmake_clean_cache': False, 'cmake_clean_first': False, 'cmake_force_configure': False, 'cmake_target': None, 'cmake_target_skip_unavailable': False, 'install_base': '/home/jagdeesh/tracker/install/example_mode_with_executor_cpp', 'merge_install': False, 'path': '/home/jagdeesh/tracker/src/px4-ros2-interface-lib/examples/cpp/modes/mode_with_executor', 'symlink_install': False, 'test_result_base': None}
[1.188s] Level 5:colcon.colcon_core.verb:set package 'example_rover_velocity_mode_cpp' build argument 'cmake_args' from command line to '['-DCMAKE_BUILD_TYPE=Release']'
[1.188s] Level 5:colcon.colcon_core.verb:set package 'example_rover_velocity_mode_cpp' build argument 'cmake_target' from command line to 'None'
[1.188s] Level 5:colcon.colcon_core.verb:set package 'example_rover_velocity_mode_cpp' build argument 'cmake_target_skip_unavailable' from command line to 'False'
[1.188s] Level 5:colcon.colcon_core.verb:set package 'example_rover_velocity_mode_cpp' build argument 'cmake_clean_cache' from command line to 'False'
[1.188s] Level 5:colcon.colcon_core.verb:set package 'example_rover_velocity_mode_cpp' build argument 'cmake_clean_first' from command line to 'False'
[1.188s] Level 5:colcon.colcon_core.verb:set package 'example_rover_velocity_mode_cpp' build argument 'cmake_force_configure' from command line to 'False'
[1.188s] Level 5:colcon.colcon_core.verb:set package 'example_rover_velocity_mode_cpp' build argument 'ament_cmake_args' from command line to 'None'
[1.188s] Level 5:colcon.colcon_core.verb:set package 'example_rover_velocity_mode_cpp' build argument 'catkin_cmake_args' from command line to 'None'
[1.188s] Level 5:colcon.colcon_core.verb:set package 'example_rover_velocity_mode_cpp' build argument 'catkin_skip_building_tests' from command line to 'False'
[1.188s] DEBUG:colcon.colcon_core.verb:Building package 'example_rover_velocity_mode_cpp' with the following arguments: {'ament_cmake_args': None, 'build_base': '/home/jagdeesh/tracker/build/example_rover_velocity_mode_cpp', 'catkin_cmake_args': None, 'catkin_skip_building_tests': False, 'cmake_args': ['-DCMAKE_BUILD_TYPE=Release'], 'cmake_clean_cache': False, 'cmake_clean_first': False, 'cmake_force_configure': False, 'cmake_target': None, 'cmake_target_skip_unavailable': False, 'install_base': '/home/jagdeesh/tracker/install/example_rover_velocity_mode_cpp', 'merge_install': False, 'path': '/home/jagdeesh/tracker/src/px4-ros2-interface-lib/examples/cpp/modes/rover_velocity', 'symlink_install': False, 'test_result_base': None}
[1.188s] Level 5:colcon.colcon_core.verb:set package 'precision_land' build argument 'cmake_args' from command line to '['-DCMAKE_BUILD_TYPE=Release']'
[1.188s] Level 5:colcon.colcon_core.verb:set package 'precision_land' build argument 'cmake_target' from command line to 'None'
[1.189s] Level 5:colcon.colcon_core.verb:set package 'precision_land' build argument 'cmake_target_skip_unavailable' from command line to 'False'
[1.189s] Level 5:colcon.colcon_core.verb:set package 'precision_land' build argument 'cmake_clean_cache' from command line to 'False'
[1.189s] Level 5:colcon.colcon_core.verb:set package 'precision_land' build argument 'cmake_clean_first' from command line to 'False'
[1.189s] Level 5:colcon.colcon_core.verb:set package 'precision_land' build argument 'cmake_force_configure' from command line to 'False'
[1.189s] Level 5:colcon.colcon_core.verb:set package 'precision_land' build argument 'ament_cmake_args' from command line to 'None'
[1.189s] Level 5:colcon.colcon_core.verb:set package 'precision_land' build argument 'catkin_cmake_args' from command line to 'None'
[1.189s] Level 5:colcon.colcon_core.verb:set package 'precision_land' build argument 'catkin_skip_building_tests' from command line to 'False'
[1.189s] DEBUG:colcon.colcon_core.verb:Building package 'precision_land' with the following arguments: {'ament_cmake_args': None, 'build_base': '/home/jagdeesh/tracker/build/precision_land', 'catkin_cmake_args': None, 'catkin_skip_building_tests': False, 'cmake_args': ['-DCMAKE_BUILD_TYPE=Release'], 'cmake_clean_cache': False, 'cmake_clean_first': False, 'cmake_force_configure': False, 'cmake_target': None, 'cmake_target_skip_unavailable': False, 'install_base': '/home/jagdeesh/tracker/install/precision_land', 'merge_install': False, 'path': '/home/jagdeesh/tracker/fixed_src/precision_land', 'symlink_install': False, 'test_result_base': None}
[1.189s] Level 5:colcon.colcon_core.verb:set package 'ros_gz_image' build argument 'cmake_args' from command line to '['-DCMAKE_BUILD_TYPE=Release']'
[1.189s] Level 5:colcon.colcon_core.verb:set package 'ros_gz_image' build argument 'cmake_target' from command line to 'None'
[1.189s] Level 5:colcon.colcon_core.verb:set package 'ros_gz_image' build argument 'cmake_target_skip_unavailable' from command line to 'False'
[1.189s] Level 5:colcon.colcon_core.verb:set package 'ros_gz_image' build argument 'cmake_clean_cache' from command line to 'False'
[1.190s] Level 5:colcon.colcon_core.verb:set package 'ros_gz_image' build argument 'cmake_clean_first' from command line to 'False'
[1.190s] Level 5:colcon.colcon_core.verb:set package 'ros_gz_image' build argument 'cmake_force_configure' from command line to 'False'
[1.190s] Level 5:colcon.colcon_core.verb:set package 'ros_gz_image' build argument 'ament_cmake_args' from command line to 'None'
[1.190s] Level 5:colcon.colcon_core.verb:set package 'ros_gz_image' build argument 'catkin_cmake_args' from command line to 'None'
[1.190s] Level 5:colcon.colcon_core.verb:set package 'ros_gz_image' build argument 'catkin_skip_building_tests' from command line to 'False'
[1.190s] DEBUG:colcon.colcon_core.verb:Building package 'ros_gz_image' with the following arguments: {'ament_cmake_args': None, 'build_base': '/home/jagdeesh/tracker/build/ros_gz_image', 'catkin_cmake_args': None, 'catkin_skip_building_tests': False, 'cmake_args': ['-DCMAKE_BUILD_TYPE=Release'], 'cmake_clean_cache': False, 'cmake_clean_first': False, 'cmake_force_configure': False, 'cmake_target': None, 'cmake_target_skip_unavailable': False, 'install_base': '/home/jagdeesh/tracker/install/ros_gz_image', 'merge_install': False, 'path': '/home/jagdeesh/tracker/src/ros_gz/ros_gz_image', 'symlink_install': False, 'test_result_base': None}
[1.190s] Level 5:colcon.colcon_core.verb:set package 'ros_ign_bridge' build argument 'cmake_args' from command line to '['-DCMAKE_BUILD_TYPE=Release']'
[1.190s] Level 5:colcon.colcon_core.verb:set package 'ros_ign_bridge' build argument 'cmake_target' from command line to 'None'
[1.190s] Level 5:colcon.colcon_core.verb:set package 'ros_ign_bridge' build argument 'cmake_target_skip_unavailable' from command line to 'False'
[1.190s] Level 5:colcon.colcon_core.verb:set package 'ros_ign_bridge' build argument 'cmake_clean_cache' from command line to 'False'
[1.190s] Level 5:colcon.colcon_core.verb:set package 'ros_ign_bridge' build argument 'cmake_clean_first' from command line to 'False'
[1.190s] Level 5:colcon.colcon_core.verb:set package 'ros_ign_bridge' build argument 'cmake_force_configure' from command line to 'False'
[1.191s] Level 5:colcon.colcon_core.verb:set package 'ros_ign_bridge' build argument 'ament_cmake_args' from command line to 'None'
[1.191s] Level 5:colcon.colcon_core.verb:set package 'ros_ign_bridge' build argument 'catkin_cmake_args' from command line to 'None'
[1.191s] Level 5:colcon.colcon_core.verb:set package 'ros_ign_bridge' build argument 'catkin_skip_building_tests' from command line to 'False'
[1.191s] DEBUG:colcon.colcon_core.verb:Building package 'ros_ign_bridge' with the following arguments: {'ament_cmake_args': None, 'build_base': '/home/jagdeesh/tracker/build/ros_ign_bridge', 'catkin_cmake_args': None, 'catkin_skip_building_tests': False, 'cmake_args': ['-DCMAKE_BUILD_TYPE=Release'], 'cmake_clean_cache': False, 'cmake_clean_first': False, 'cmake_force_configure': False, 'cmake_target': None, 'cmake_target_skip_unavailable': False, 'install_base': '/home/jagdeesh/tracker/install/ros_ign_bridge', 'merge_install': False, 'path': '/home/jagdeesh/tracker/src/ros_gz/ros_ign_bridge', 'symlink_install': False, 'test_result_base': None}
[1.191s] Level 5:colcon.colcon_core.verb:set package 'test_ros_gz_bridge' build argument 'cmake_args' from command line to '['-DCMAKE_BUILD_TYPE=Release']'
[1.191s] Level 5:colcon.colcon_core.verb:set package 'test_ros_gz_bridge' build argument 'cmake_target' from command line to 'None'
[1.191s] Level 5:colcon.colcon_core.verb:set package 'test_ros_gz_bridge' build argument 'cmake_target_skip_unavailable' from command line to 'False'
[1.191s] Level 5:colcon.colcon_core.verb:set package 'test_ros_gz_bridge' build argument 'cmake_clean_cache' from command line to 'False'
[1.191s] Level 5:colcon.colcon_core.verb:set package 'test_ros_gz_bridge' build argument 'cmake_clean_first' from command line to 'False'
[1.191s] Level 5:colcon.colcon_core.verb:set package 'test_ros_gz_bridge' build argument 'cmake_force_configure' from command line to 'False'
[1.191s] Level 5:colcon.colcon_core.verb:set package 'test_ros_gz_bridge' build argument 'ament_cmake_args' from command line to 'None'
[1.191s] Level 5:colcon.colcon_core.verb:set package 'test_ros_gz_bridge' build argument 'catkin_cmake_args' from command line to 'None'
[1.191s] Level 5:colcon.colcon_core.verb:set package 'test_ros_gz_bridge' build argument 'catkin_skip_building_tests' from command line to 'False'
[1.191s] DEBUG:colcon.colcon_core.verb:Building package 'test_ros_gz_bridge' with the following arguments: {'ament_cmake_args': None, 'build_base': '/home/jagdeesh/tracker/build/test_ros_gz_bridge', 'catkin_cmake_args': None, 'catkin_skip_building_tests': False, 'cmake_args': ['-DCMAKE_BUILD_TYPE=Release'], 'cmake_clean_cache': False, 'cmake_clean_first': False, 'cmake_force_configure': False, 'cmake_target': None, 'cmake_target_skip_unavailable': False, 'install_base': '/home/jagdeesh/tracker/install/test_ros_gz_bridge', 'merge_install': False, 'path': '/home/jagdeesh/tracker/src/ros_gz/test_ros_gz_bridge', 'symlink_install': False, 'test_result_base': None}
[1.192s] Level 5:colcon.colcon_core.verb:set package 'ros_gz_sim_demos' build argument 'cmake_args' from command line to '['-DCMAKE_BUILD_TYPE=Release']'
[1.192s] Level 5:colcon.colcon_core.verb:set package 'ros_gz_sim_demos' build argument 'cmake_target' from command line to 'None'
[1.192s] Level 5:colcon.colcon_core.verb:set package 'ros_gz_sim_demos' build argument 'cmake_target_skip_unavailable' from command line to 'False'
[1.192s] Level 5:colcon.colcon_core.verb:set package 'ros_gz_sim_demos' build argument 'cmake_clean_cache' from command line to 'False'
[1.192s] Level 5:colcon.colcon_core.verb:set package 'ros_gz_sim_demos' build argument 'cmake_clean_first' from command line to 'False'
[1.192s] Level 5:colcon.colcon_core.verb:set package 'ros_gz_sim_demos' build argument 'cmake_force_configure' from command line to 'False'
[1.192s] Level 5:colcon.colcon_core.verb:set package 'ros_gz_sim_demos' build argument 'ament_cmake_args' from command line to 'None'
[1.192s] Level 5:colcon.colcon_core.verb:set package 'ros_gz_sim_demos' build argument 'catkin_cmake_args' from command line to 'None'
[1.192s] Level 5:colcon.colcon_core.verb:set package 'ros_gz_sim_demos' build argument 'catkin_skip_building_tests' from command line to 'False'
[1.192s] DEBUG:colcon.colcon_core.verb:Building package 'ros_gz_sim_demos' with the following arguments: {'ament_cmake_args': None, 'build_base': '/home/jagdeesh/tracker/build/ros_gz_sim_demos', 'catkin_cmake_args': None, 'catkin_skip_building_tests': False, 'cmake_args': ['-DCMAKE_BUILD_TYPE=Release'], 'cmake_clean_cache': False, 'cmake_clean_first': False, 'cmake_force_configure': False, 'cmake_target': None, 'cmake_target_skip_unavailable': False, 'install_base': '/home/jagdeesh/tracker/install/ros_gz_sim_demos', 'merge_install': False, 'path': '/home/jagdeesh/tracker/src/ros_gz/ros_gz_sim_demos', 'symlink_install': False, 'test_result_base': None}
[1.193s] Level 5:colcon.colcon_core.verb:set package 'ros_ign_image' build argument 'cmake_args' from command line to '['-DCMAKE_BUILD_TYPE=Release']'
[1.193s] Level 5:colcon.colcon_core.verb:set package 'ros_ign_image' build argument 'cmake_target' from command line to 'None'
[1.193s] Level 5:colcon.colcon_core.verb:set package 'ros_ign_image' build argument 'cmake_target_skip_unavailable' from command line to 'False'
[1.193s] Level 5:colcon.colcon_core.verb:set package 'ros_ign_image' build argument 'cmake_clean_cache' from command line to 'False'
[1.193s] Level 5:colcon.colcon_core.verb:set package 'ros_ign_image' build argument 'cmake_clean_first' from command line to 'False'
[1.193s] Level 5:colcon.colcon_core.verb:set package 'ros_ign_image' build argument 'cmake_force_configure' from command line to 'False'
[1.193s] Level 5:colcon.colcon_core.verb:set package 'ros_ign_image' build argument 'ament_cmake_args' from command line to 'None'
[1.193s] Level 5:colcon.colcon_core.verb:set package 'ros_ign_image' build argument 'catkin_cmake_args' from command line to 'None'
[1.193s] Level 5:colcon.colcon_core.verb:set package 'ros_ign_image' build argument 'catkin_skip_building_tests' from command line to 'False'
[1.193s] DEBUG:colcon.colcon_core.verb:Building package 'ros_ign_image' with the following arguments: {'ament_cmake_args': None, 'build_base': '/home/jagdeesh/tracker/build/ros_ign_image', 'catkin_cmake_args': None, 'catkin_skip_building_tests': False, 'cmake_args': ['-DCMAKE_BUILD_TYPE=Release'], 'cmake_clean_cache': False, 'cmake_clean_first': False, 'cmake_force_configure': False, 'cmake_target': None, 'cmake_target_skip_unavailable': False, 'install_base': '/home/jagdeesh/tracker/install/ros_ign_image', 'merge_install': False, 'path': '/home/jagdeesh/tracker/src/ros_gz/ros_ign_image', 'symlink_install': False, 'test_result_base': None}
[1.193s] Level 5:colcon.colcon_core.verb:set package 'ros_gz' build argument 'cmake_args' from command line to '['-DCMAKE_BUILD_TYPE=Release']'
[1.193s] Level 5:colcon.colcon_core.verb:set package 'ros_gz' build argument 'cmake_target' from command line to 'None'
[1.193s] Level 5:colcon.colcon_core.verb:set package 'ros_gz' build argument 'cmake_target_skip_unavailable' from command line to 'False'
[1.193s] Level 5:colcon.colcon_core.verb:set package 'ros_gz' build argument 'cmake_clean_cache' from command line to 'False'
[1.193s] Level 5:colcon.colcon_core.verb:set package 'ros_gz' build argument 'cmake_clean_first' from command line to 'False'
[1.193s] Level 5:colcon.colcon_core.verb:set package 'ros_gz' build argument 'cmake_force_configure' from command line to 'False'
[1.194s] Level 5:colcon.colcon_core.verb:set package 'ros_gz' build argument 'ament_cmake_args' from command line to 'None'
[1.194s] Level 5:colcon.colcon_core.verb:set package 'ros_gz' build argument 'catkin_cmake_args' from command line to 'None'
[1.194s] Level 5:colcon.colcon_core.verb:set package 'ros_gz' build argument 'catkin_skip_building_tests' from command line to 'False'
[1.194s] DEBUG:colcon.colcon_core.verb:Building package 'ros_gz' with the following arguments: {'ament_cmake_args': None, 'build_base': '/home/jagdeesh/tracker/build/ros_gz', 'catkin_cmake_args': None, 'catkin_skip_building_tests': False, 'cmake_args': ['-DCMAKE_BUILD_TYPE=Release'], 'cmake_clean_cache': False, 'cmake_clean_first': False, 'cmake_force_configure': False, 'cmake_target': None, 'cmake_target_skip_unavailable': False, 'install_base': '/home/jagdeesh/tracker/install/ros_gz', 'merge_install': False, 'path': '/home/jagdeesh/tracker/src/ros_gz/ros_gz', 'symlink_install': False, 'test_result_base': None}
[1.194s] Level 5:colcon.colcon_core.verb:set package 'ros_ign_gazebo_demos' build argument 'cmake_args' from command line to '['-DCMAKE_BUILD_TYPE=Release']'
[1.194s] Level 5:colcon.colcon_core.verb:set package 'ros_ign_gazebo_demos' build argument 'cmake_target' from command line to 'None'
[1.194s] Level 5:colcon.colcon_core.verb:set package 'ros_ign_gazebo_demos' build argument 'cmake_target_skip_unavailable' from command line to 'False'
[1.194s] Level 5:colcon.colcon_core.verb:set package 'ros_ign_gazebo_demos' build argument 'cmake_clean_cache' from command line to 'False'
[1.194s] Level 5:colcon.colcon_core.verb:set package 'ros_ign_gazebo_demos' build argument 'cmake_clean_first' from command line to 'False'
[1.194s] Level 5:colcon.colcon_core.verb:set package 'ros_ign_gazebo_demos' build argument 'cmake_force_configure' from command line to 'False'
[1.194s] Level 5:colcon.colcon_core.verb:set package 'ros_ign_gazebo_demos' build argument 'ament_cmake_args' from command line to 'None'
[1.194s] Level 5:colcon.colcon_core.verb:set package 'ros_ign_gazebo_demos' build argument 'catkin_cmake_args' from command line to 'None'
[1.194s] Level 5:colcon.colcon_core.verb:set package 'ros_ign_gazebo_demos' build argument 'catkin_skip_building_tests' from command line to 'False'
[1.194s] DEBUG:colcon.colcon_core.verb:Building package 'ros_ign_gazebo_demos' with the following arguments: {'ament_cmake_args': None, 'build_base': '/home/jagdeesh/tracker/build/ros_ign_gazebo_demos', 'catkin_cmake_args': None, 'catkin_skip_building_tests': False, 'cmake_args': ['-DCMAKE_BUILD_TYPE=Release'], 'cmake_clean_cache': False, 'cmake_clean_first': False, 'cmake_force_configure': False, 'cmake_target': None, 'cmake_target_skip_unavailable': False, 'install_base': '/home/jagdeesh/tracker/install/ros_ign_gazebo_demos', 'merge_install': False, 'path': '/home/jagdeesh/tracker/src/ros_gz/ros_ign_gazebo_demos', 'symlink_install': False, 'test_result_base': None}
[1.195s] Level 5:colcon.colcon_core.verb:set package 'ros_ign' build argument 'cmake_args' from command line to '['-DCMAKE_BUILD_TYPE=Release']'
[1.195s] Level 5:colcon.colcon_core.verb:set package 'ros_ign' build argument 'cmake_target' from command line to 'None'
[1.195s] Level 5:colcon.colcon_core.verb:set package 'ros_ign' build argument 'cmake_target_skip_unavailable' from command line to 'False'
[1.195s] Level 5:colcon.colcon_core.verb:set package 'ros_ign' build argument 'cmake_clean_cache' from command line to 'False'
[1.195s] Level 5:colcon.colcon_core.verb:set package 'ros_ign' build argument 'cmake_clean_first' from command line to 'False'
[1.195s] Level 5:colcon.colcon_core.verb:set package 'ros_ign' build argument 'cmake_force_configure' from command line to 'False'
[1.195s] Level 5:colcon.colcon_core.verb:set package 'ros_ign' build argument 'ament_cmake_args' from command line to 'None'
[1.195s] Level 5:colcon.colcon_core.verb:set package 'ros_ign' build argument 'catkin_cmake_args' from command line to 'None'
[1.195s] Level 5:colcon.colcon_core.verb:set package 'ros_ign' build argument 'catkin_skip_building_tests' from command line to 'False'
[1.195s] DEBUG:colcon.colcon_core.verb:Building package 'ros_ign' with the following arguments: {'ament_cmake_args': None, 'build_base': '/home/jagdeesh/tracker/build/ros_ign', 'catkin_cmake_args': None, 'catkin_skip_building_tests': False, 'cmake_args': ['-DCMAKE_BUILD_TYPE=Release'], 'cmake_clean_cache': False, 'cmake_clean_first': False, 'cmake_force_configure': False, 'cmake_target': None, 'cmake_target_skip_unavailable': False, 'install_base': '/home/jagdeesh/tracker/install/ros_ign', 'merge_install': False, 'path': '/home/jagdeesh/tracker/src/ros_gz/ros_ign', 'symlink_install': False, 'test_result_base': None}
[1.195s] INFO:colcon.colcon_core.executor:Executing jobs using 'parallel' executor
[1.197s] DEBUG:colcon.colcon_parallel_executor.executor.parallel:run_until_complete
[1.198s] INFO:colcon.colcon_ros.task.ament_cmake.build:Building ROS package in '/home/jagdeesh/tracker/src/px4_msgs' with build type 'ament_cmake'
[1.198s] INFO:colcon.colcon_cmake.task.cmake.build:Building CMake package in '/home/jagdeesh/tracker/src/px4_msgs'
[1.208s] INFO:colcon.colcon_core.plugin_system:Skipping extension 'colcon_core.shell.bat': Not used on non-Windows systems
[1.208s] INFO:colcon.colcon_core.shell:Skip shell extension 'powershell' for command environment: Not usable outside of PowerShell
[1.208s] DEBUG:colcon.colcon_core.shell:Skip shell extension 'dsv' for command environment
[1.213s] INFO:colcon.colcon_ros.task.ament_cmake.build:Building ROS package in '/home/jagdeesh/tracker/src/ros_gz/ros_gz_interfaces' with build type 'ament_cmake'
[1.214s] INFO:colcon.colcon_cmake.task.cmake.build:Building CMake package in '/home/jagdeesh/tracker/src/ros_gz/ros_gz_interfaces'
[1.214s] INFO:colcon.colcon_core.shell:Skip shell extension 'powershell' for command environment: Not usable outside of PowerShell
[1.214s] DEBUG:colcon.colcon_core.shell:Skip shell extension 'dsv' for command environment
[1.228s] DEBUG:colcon.colcon_core.event_handler.log_command:Invoking command in '/home/jagdeesh/tracker/build/px4_msgs': CMAKE_PREFIX_PATH=/opt/ros/humble /usr/bin/cmake --build /home/jagdeesh/tracker/build/px4_msgs -- -j12 -l12
[1.234s] DEBUG:colcon.colcon_core.event_handler.log_command:Invoking command in '/home/jagdeesh/tracker/build/ros_gz_interfaces': CMAKE_PREFIX_PATH=/opt/ros/humble /usr/bin/cmake --build /home/jagdeesh/tracker/build/ros_gz_interfaces -- -j12 -l12
[2.869s] DEBUG:colcon.colcon_core.event_handler.log_command:Invoked command in '/home/jagdeesh/tracker/build/ros_gz_interfaces' returned '0': CMAKE_PREFIX_PATH=/opt/ros/humble /usr/bin/cmake --build /home/jagdeesh/tracker/build/ros_gz_interfaces -- -j12 -l12
[2.886s] DEBUG:colcon.colcon_core.event_handler.log_command:Invoking command in '/home/jagdeesh/tracker/build/ros_gz_interfaces': CMAKE_PREFIX_PATH=/opt/ros/humble /usr/bin/cmake --install /home/jagdeesh/tracker/build/ros_gz_interfaces
[3.029s] Level 1:colcon.colcon_core.environment:create_environment_scripts_only(ros_gz_interfaces)
[3.030s] DEBUG:colcon.colcon_core.event_handler.log_command:Invoked command in '/home/jagdeesh/tracker/build/ros_gz_interfaces' returned '0': CMAKE_PREFIX_PATH=/opt/ros/humble /usr/bin/cmake --install /home/jagdeesh/tracker/build/ros_gz_interfaces
[3.038s] Level 1:colcon.colcon_core.environment:checking '/home/jagdeesh/tracker/install/ros_gz_interfaces' for CMake module files
[3.041s] Level 1:colcon.colcon_core.environment:checking '/home/jagdeesh/tracker/install/ros_gz_interfaces' for CMake config files
[3.042s] Level 1:colcon.colcon_core.shell:create_environment_hook('ros_gz_interfaces', 'cmake_prefix_path')
[3.042s] INFO:colcon.colcon_core.shell:Creating environment hook '/home/jagdeesh/tracker/install/ros_gz_interfaces/share/ros_gz_interfaces/hook/cmake_prefix_path.ps1'
[3.044s] INFO:colcon.colcon_core.shell:Creating environment descriptor '/home/jagdeesh/tracker/install/ros_gz_interfaces/share/ros_gz_interfaces/hook/cmake_prefix_path.dsv'
[3.045s] INFO:colcon.colcon_core.shell:Creating environment hook '/home/jagdeesh/tracker/install/ros_gz_interfaces/share/ros_gz_interfaces/hook/cmake_prefix_path.sh'
[3.046s] Level 1:colcon.colcon_core.environment:checking '/home/jagdeesh/tracker/install/ros_gz_interfaces/lib'
[3.047s] Level 1:colcon.colcon_core.shell:create_environment_hook('ros_gz_interfaces', 'ld_library_path_lib')
[3.047s] INFO:colcon.colcon_core.shell:Creating environment hook '/home/jagdeesh/tracker/install/ros_gz_interfaces/share/ros_gz_interfaces/hook/ld_library_path_lib.ps1'
[3.048s] INFO:colcon.colcon_core.shell:Creating environment descriptor '/home/jagdeesh/tracker/install/ros_gz_interfaces/share/ros_gz_interfaces/hook/ld_library_path_lib.dsv'
[3.049s] INFO:colcon.colcon_core.shell:Creating environment hook '/home/jagdeesh/tracker/install/ros_gz_interfaces/share/ros_gz_interfaces/hook/ld_library_path_lib.sh'
[3.049s] Level 1:colcon.colcon_core.environment:checking '/home/jagdeesh/tracker/install/ros_gz_interfaces/bin'
[3.049s] Level 1:colcon.colcon_core.environment:checking '/home/jagdeesh/tracker/install/ros_gz_interfaces/lib/pkgconfig/ros_gz_interfaces.pc'
[3.050s] Level 1:colcon.colcon_core.environment:checking '/home/jagdeesh/tracker/install/ros_gz_interfaces/lib/python3.10/site-packages'
[3.051s] Level 1:colcon.colcon_core.environment:checking '/home/jagdeesh/tracker/install/ros_gz_interfaces/bin'
[3.052s] INFO:colcon.colcon_core.shell:Creating package script '/home/jagdeesh/tracker/install/ros_gz_interfaces/share/ros_gz_interfaces/package.ps1'
[3.054s] INFO:colcon.colcon_core.shell:Creating package descriptor '/home/jagdeesh/tracker/install/ros_gz_interfaces/share/ros_gz_interfaces/package.dsv'
[3.055s] INFO:colcon.colcon_core.shell:Creating package script '/home/jagdeesh/tracker/install/ros_gz_interfaces/share/ros_gz_interfaces/package.sh'
[3.056s] INFO:colcon.colcon_core.shell:Creating package script '/home/jagdeesh/tracker/install/ros_gz_interfaces/share/ros_gz_interfaces/package.bash'
[3.058s] INFO:colcon.colcon_core.shell:Creating package script '/home/jagdeesh/tracker/install/ros_gz_interfaces/share/ros_gz_interfaces/package.zsh'
[3.059s] Level 1:colcon.colcon_core.environment:create_file_with_runtime_dependencies(/home/jagdeesh/tracker/install/ros_gz_interfaces/share/colcon-core/packages/ros_gz_interfaces)
[3.061s] Level 1:colcon.colcon_core.environment:create_environment_scripts_only(ros_gz_interfaces)
[3.061s] Level 1:colcon.colcon_core.environment:checking '/home/jagdeesh/tracker/install/ros_gz_interfaces' for CMake module files
[3.062s] Level 1:colcon.colcon_core.environment:checking '/home/jagdeesh/tracker/install/ros_gz_interfaces' for CMake config files
[3.063s] Level 1:colcon.colcon_core.shell:create_environment_hook('ros_gz_interfaces', 'cmake_prefix_path')
[3.063s] INFO:colcon.colcon_core.shell:Creating environment hook '/home/jagdeesh/tracker/install/ros_gz_interfaces/share/ros_gz_interfaces/hook/cmake_prefix_path.ps1'
[3.064s] INFO:colcon.colcon_core.shell:Creating environment descriptor '/home/jagdeesh/tracker/install/ros_gz_interfaces/share/ros_gz_interfaces/hook/cmake_prefix_path.dsv'
[3.065s] INFO:colcon.colcon_core.shell:Creating environment hook '/home/jagdeesh/tracker/install/ros_gz_interfaces/share/ros_gz_interfaces/hook/cmake_prefix_path.sh'
[3.067s] Level 1:colcon.colcon_core.environment:checking '/home/jagdeesh/tracker/install/ros_gz_interfaces/lib'
[3.067s] Level 1:colcon.colcon_core.shell:create_environment_hook('ros_gz_interfaces', 'ld_library_path_lib')
[3.068s] INFO:colcon.colcon_core.shell:Creating environment hook '/home/jagdeesh/tracker/install/ros_gz_interfaces/share/ros_gz_interfaces/hook/ld_library_path_lib.ps1'
[3.069s] INFO:colcon.colcon_core.shell:Creating environment descriptor '/home/jagdeesh/tracker/install/ros_gz_interfaces/share/ros_gz_interfaces/hook/ld_library_path_lib.dsv'
[3.069s] INFO:colcon.colcon_core.shell:Creating environment hook '/home/jagdeesh/tracker/install/ros_gz_interfaces/share/ros_gz_interfaces/hook/ld_library_path_lib.sh'
[3.070s] Level 1:colcon.colcon_core.environment:checking '/home/jagdeesh/tracker/install/ros_gz_interfaces/bin'
[3.070s] Level 1:colcon.colcon_core.environment:checking '/home/jagdeesh/tracker/install/ros_gz_interfaces/lib/pkgconfig/ros_gz_interfaces.pc'
[3.071s] Level 1:colcon.colcon_core.environment:checking '/home/jagdeesh/tracker/install/ros_gz_interfaces/lib/python3.10/site-packages'
[3.071s] Level 1:colcon.colcon_core.environment:checking '/home/jagdeesh/tracker/install/ros_gz_interfaces/bin'
[3.072s] INFO:colcon.colcon_core.shell:Creating package script '/home/jagdeesh/tracker/install/ros_gz_interfaces/share/ros_gz_interfaces/package.ps1'
[3.073s] INFO:colcon.colcon_core.shell:Creating package descriptor '/home/jagdeesh/tracker/install/ros_gz_interfaces/share/ros_gz_interfaces/package.dsv'
[3.074s] INFO:colcon.colcon_core.shell:Creating package script '/home/jagdeesh/tracker/install/ros_gz_interfaces/share/ros_gz_interfaces/package.sh'
[3.075s] INFO:colcon.colcon_core.shell:Creating package script '/home/jagdeesh/tracker/install/ros_gz_interfaces/share/ros_gz_interfaces/package.bash'
[3.076s] INFO:colcon.colcon_core.shell:Creating package script '/home/jagdeesh/tracker/install/ros_gz_interfaces/share/ros_gz_interfaces/package.zsh'
[3.077s] Level 1:colcon.colcon_core.environment:create_file_with_runtime_dependencies(/home/jagdeesh/tracker/install/ros_gz_interfaces/share/colcon-core/packages/ros_gz_interfaces)
[3.077s] INFO:colcon.colcon_ros.task.ament_cmake.build:Building ROS package in '/home/jagdeesh/tracker/src/ros_gz/ros_gz_bridge' with build type 'ament_cmake'
[3.078s] INFO:colcon.colcon_cmake.task.cmake.build:Building CMake package in '/home/jagdeesh/tracker/src/ros_gz/ros_gz_bridge'
[3.078s] INFO:colcon.colcon_core.shell:Skip shell extension 'powershell' for command environment: Not usable outside of PowerShell
[3.078s] DEBUG:colcon.colcon_core.shell:Skip shell extension 'dsv' for command environment
[3.095s] DEBUG:colcon.colcon_core.event_handler.log_command:Invoking command in '/home/jagdeesh/tracker/build/ros_gz_bridge': AMENT_PREFIX_PATH=/home/jagdeesh/tracker/install/ros_gz_interfaces:${AMENT_PREFIX_PATH} CMAKE_PREFIX_PATH=/home/jagdeesh/tracker/install/ros_gz_interfaces:/opt/ros/humble LD_LIBRARY_PATH=/home/jagdeesh/tracker/install/ros_gz_interfaces/lib:${LD_LIBRARY_PATH} PYTHONPATH=/home/jagdeesh/tracker/install/ros_gz_interfaces/local/lib/python3.10/dist-packages:${PYTHONPATH} /usr/bin/cmake --build /home/jagdeesh/tracker/build/ros_gz_bridge -- -j12 -l12
[4.427s] DEBUG:colcon.colcon_core.event_handler.log_command:Invoked command in '/home/jagdeesh/tracker/build/ros_gz_bridge' returned '0': AMENT_PREFIX_PATH=/home/jagdeesh/tracker/install/ros_gz_interfaces:${AMENT_PREFIX_PATH} CMAKE_PREFIX_PATH=/home/jagdeesh/tracker/install/ros_gz_interfaces:/opt/ros/humble LD_LIBRARY_PATH=/home/jagdeesh/tracker/install/ros_gz_interfaces/lib:${LD_LIBRARY_PATH} PYTHONPATH=/home/jagdeesh/tracker/install/ros_gz_interfaces/local/lib/python3.10/dist-packages:${PYTHONPATH} /usr/bin/cmake --build /home/jagdeesh/tracker/build/ros_gz_bridge -- -j12 -l12
[4.432s] DEBUG:colcon.colcon_core.event_handler.log_command:Invoking command in '/home/jagdeesh/tracker/build/ros_gz_bridge': AMENT_PREFIX_PATH=/home/jagdeesh/tracker/install/ros_gz_interfaces:${AMENT_PREFIX_PATH} CMAKE_PREFIX_PATH=/home/jagdeesh/tracker/install/ros_gz_interfaces:/opt/ros/humble LD_LIBRARY_PATH=/home/jagdeesh/tracker/install/ros_gz_interfaces/lib:${LD_LIBRARY_PATH} PYTHONPATH=/home/jagdeesh/tracker/install/ros_gz_interfaces/local/lib/python3.10/dist-packages:${PYTHONPATH} /usr/bin/cmake --install /home/jagdeesh/tracker/build/ros_gz_bridge
[4.460s] Level 1:colcon.colcon_core.environment:create_environment_scripts_only(ros_gz_bridge)
[4.461s] Level 1:colcon.colcon_core.environment:checking '/home/jagdeesh/tracker/install/ros_gz_bridge' for CMake module files
[4.462s] DEBUG:colcon.colcon_core.event_handler.log_command:Invoked command in '/home/jagdeesh/tracker/build/ros_gz_bridge' returned '0': AMENT_PREFIX_PATH=/home/jagdeesh/tracker/install/ros_gz_interfaces:${AMENT_PREFIX_PATH} CMAKE_PREFIX_PATH=/home/jagdeesh/tracker/install/ros_gz_interfaces:/opt/ros/humble LD_LIBRARY_PATH=/home/jagdeesh/tracker/install/ros_gz_interfaces/lib:${LD_LIBRARY_PATH} PYTHONPATH=/home/jagdeesh/tracker/install/ros_gz_interfaces/local/lib/python3.10/dist-packages:${PYTHONPATH} /usr/bin/cmake --install /home/jagdeesh/tracker/build/ros_gz_bridge
[4.463s] Level 1:colcon.colcon_core.environment:checking '/home/jagdeesh/tracker/install/ros_gz_bridge' for CMake config files
[4.464s] Level 1:colcon.colcon_core.shell:create_environment_hook('ros_gz_bridge', 'cmake_prefix_path')
[4.465s] INFO:colcon.colcon_core.shell:Creating environment hook '/home/jagdeesh/tracker/install/ros_gz_bridge/share/ros_gz_bridge/hook/cmake_prefix_path.ps1'
[4.467s] INFO:colcon.colcon_core.shell:Creating environment descriptor '/home/jagdeesh/tracker/install/ros_gz_bridge/share/ros_gz_bridge/hook/cmake_prefix_path.dsv'
[4.467s] INFO:colcon.colcon_core.shell:Creating environment hook '/home/jagdeesh/tracker/install/ros_gz_bridge/share/ros_gz_bridge/hook/cmake_prefix_path.sh'
[4.469s] Level 1:colcon.colcon_core.environment:checking '/home/jagdeesh/tracker/install/ros_gz_bridge/lib'
[4.469s] Level 1:colcon.colcon_core.shell:create_environment_hook('ros_gz_bridge', 'ld_library_path_lib')
[4.470s] INFO:colcon.colcon_core.shell:Creating environment hook '/home/jagdeesh/tracker/install/ros_gz_bridge/share/ros_gz_bridge/hook/ld_library_path_lib.ps1'
[4.471s] INFO:colcon.colcon_core.shell:Creating environment descriptor '/home/jagdeesh/tracker/install/ros_gz_bridge/share/ros_gz_bridge/hook/ld_library_path_lib.dsv'
[4.472s] INFO:colcon.colcon_core.shell:Creating environment hook '/home/jagdeesh/tracker/install/ros_gz_bridge/share/ros_gz_bridge/hook/ld_library_path_lib.sh'
[4.473s] Level 1:colcon.colcon_core.environment:checking '/home/jagdeesh/tracker/install/ros_gz_bridge/bin'
[4.473s] Level 1:colcon.colcon_core.environment:checking '/home/jagdeesh/tracker/install/ros_gz_bridge/lib/pkgconfig/ros_gz_bridge.pc'
[4.473s] Level 1:colcon.colcon_core.environment:checking '/home/jagdeesh/tracker/install/ros_gz_bridge/lib/python3.10/site-packages'
[4.474s] Level 1:colcon.colcon_core.environment:checking '/home/jagdeesh/tracker/install/ros_gz_bridge/bin'
[4.475s] INFO:colcon.colcon_core.shell:Creating package script '/home/jagdeesh/tracker/install/ros_gz_bridge/share/ros_gz_bridge/package.ps1'
[4.476s] INFO:colcon.colcon_core.shell:Creating package descriptor '/home/jagdeesh/tracker/install/ros_gz_bridge/share/ros_gz_bridge/package.dsv'
[4.477s] INFO:colcon.colcon_core.shell:Creating package script '/home/jagdeesh/tracker/install/ros_gz_bridge/share/ros_gz_bridge/package.sh'
[4.478s] INFO:colcon.colcon_core.shell:Creating package script '/home/jagdeesh/tracker/install/ros_gz_bridge/share/ros_gz_bridge/package.bash'
[4.479s] INFO:colcon.colcon_core.shell:Creating package script '/home/jagdeesh/tracker/install/ros_gz_bridge/share/ros_gz_bridge/package.zsh'
[4.479s] Level 1:colcon.colcon_core.environment:create_file_with_runtime_dependencies(/home/jagdeesh/tracker/install/ros_gz_bridge/share/colcon-core/packages/ros_gz_bridge)
[4.481s] Level 1:colcon.colcon_core.environment:create_environment_scripts_only(ros_gz_bridge)
[4.481s] Level 1:colcon.colcon_core.environment:checking '/home/jagdeesh/tracker/install/ros_gz_bridge' for CMake module files
[4.482s] Level 1:colcon.colcon_core.environment:checking '/home/jagdeesh/tracker/install/ros_gz_bridge' for CMake config files
[4.483s] Level 1:colcon.colcon_core.shell:create_environment_hook('ros_gz_bridge', 'cmake_prefix_path')
[4.483s] INFO:colcon.colcon_core.shell:Creating environment hook '/home/jagdeesh/tracker/install/ros_gz_bridge/share/ros_gz_bridge/hook/cmake_prefix_path.ps1'
[4.484s] INFO:colcon.colcon_core.shell:Creating environment descriptor '/home/jagdeesh/tracker/install/ros_gz_bridge/share/ros_gz_bridge/hook/cmake_prefix_path.dsv'
[4.485s] INFO:colcon.colcon_core.shell:Creating environment hook '/home/jagdeesh/tracker/install/ros_gz_bridge/share/ros_gz_bridge/hook/cmake_prefix_path.sh'
[4.486s] Level 1:colcon.colcon_core.environment:checking '/home/jagdeesh/tracker/install/ros_gz_bridge/lib'
[4.486s] Level 1:colcon.colcon_core.shell:create_environment_hook('ros_gz_bridge', 'ld_library_path_lib')
[4.487s] INFO:colcon.colcon_core.shell:Creating environment hook '/home/jagdeesh/tracker/install/ros_gz_bridge/share/ros_gz_bridge/hook/ld_library_path_lib.ps1'
[4.488s] INFO:colcon.colcon_core.shell:Creating environment descriptor '/home/jagdeesh/tracker/install/ros_gz_bridge/share/ros_gz_bridge/hook/ld_library_path_lib.dsv'
[4.488s] INFO:colcon.colcon_core.shell:Creating environment hook '/home/jagdeesh/tracker/install/ros_gz_bridge/share/ros_gz_bridge/hook/ld_library_path_lib.sh'
[4.489s] Level 1:colcon.colcon_core.environment:checking '/home/jagdeesh/tracker/install/ros_gz_bridge/bin'
[4.489s] Level 1:colcon.colcon_core.environment:checking '/home/jagdeesh/tracker/install/ros_gz_bridge/lib/pkgconfig/ros_gz_bridge.pc'
[4.490s] Level 1:colcon.colcon_core.environment:checking '/home/jagdeesh/tracker/install/ros_gz_bridge/lib/python3.10/site-packages'
[4.491s] Level 1:colcon.colcon_core.environment:checking '/home/jagdeesh/tracker/install/ros_gz_bridge/bin'
[4.491s] INFO:colcon.colcon_core.shell:Creating package script '/home/jagdeesh/tracker/install/ros_gz_bridge/share/ros_gz_bridge/package.ps1'
[4.493s] INFO:colcon.colcon_core.shell:Creating package descriptor '/home/jagdeesh/tracker/install/ros_gz_bridge/share/ros_gz_bridge/package.dsv'
[4.494s] INFO:colcon.colcon_core.shell:Creating package script '/home/jagdeesh/tracker/install/ros_gz_bridge/share/ros_gz_bridge/package.sh'
[4.495s] INFO:colcon.colcon_core.shell:Creating package script '/home/jagdeesh/tracker/install/ros_gz_bridge/share/ros_gz_bridge/package.bash'
[4.497s] INFO:colcon.colcon_core.shell:Creating package script '/home/jagdeesh/tracker/install/ros_gz_bridge/share/ros_gz_bridge/package.zsh'
[4.497s] Level 1:colcon.colcon_core.environment:create_file_with_runtime_dependencies(/home/jagdeesh/tracker/install/ros_gz_bridge/share/colcon-core/packages/ros_gz_bridge)
[4.498s] INFO:colcon.colcon_ros.task.ament_cmake.build:Building ROS package in '/home/jagdeesh/tracker/src/ros_gz/ros_gz_sim' with build type 'ament_cmake'
[4.499s] INFO:colcon.colcon_cmake.task.cmake.build:Building CMake package in '/home/jagdeesh/tracker/src/ros_gz/ros_gz_sim'
[4.499s] INFO:colcon.colcon_core.shell:Skip shell extension 'powershell' for command environment: Not usable outside of PowerShell
[4.499s] DEBUG:colcon.colcon_core.shell:Skip shell extension 'dsv' for command environment
[4.513s] DEBUG:colcon.colcon_core.event_handler.log_command:Invoking command in '/home/jagdeesh/tracker/build/ros_gz_sim': CMAKE_PREFIX_PATH=/opt/ros/humble /usr/bin/cmake --build /home/jagdeesh/tracker/build/ros_gz_sim -- -j12 -l12
[4.828s] DEBUG:colcon.colcon_core.event_handler.log_command:Invoked command in '/home/jagdeesh/tracker/build/ros_gz_sim' returned '0': CMAKE_PREFIX_PATH=/opt/ros/humble /usr/bin/cmake --build /home/jagdeesh/tracker/build/ros_gz_sim -- -j12 -l12
[4.831s] DEBUG:colcon.colcon_core.event_handler.log_command:Invoking command in '/home/jagdeesh/tracker/build/ros_gz_sim': CMAKE_PREFIX_PATH=/opt/ros/humble /usr/bin/cmake --install /home/jagdeesh/tracker/build/ros_gz_sim
[4.848s] Level 1:colcon.colcon_core.environment:create_environment_scripts_only(ros_gz_sim)
[4.848s] Level 1:colcon.colcon_core.environment:checking '/home/jagdeesh/tracker/install/ros_gz_sim' for CMake module files
[4.849s] DEBUG:colcon.colcon_core.event_handler.log_command:Invoked command in '/home/jagdeesh/tracker/build/ros_gz_sim' returned '0': CMAKE_PREFIX_PATH=/opt/ros/humble /usr/bin/cmake --install /home/jagdeesh/tracker/build/ros_gz_sim
[4.849s] Level 1:colcon.colcon_core.environment:checking '/home/jagdeesh/tracker/install/ros_gz_sim' for CMake config files
[4.850s] Level 1:colcon.colcon_core.shell:create_environment_hook('ros_gz_sim', 'cmake_prefix_path')
[4.850s] INFO:colcon.colcon_core.shell:Creating environment hook '/home/jagdeesh/tracker/install/ros_gz_sim/share/ros_gz_sim/hook/cmake_prefix_path.ps1'
[4.851s] INFO:colcon.colcon_core.shell:Creating environment descriptor '/home/jagdeesh/tracker/install/ros_gz_sim/share/ros_gz_sim/hook/cmake_prefix_path.dsv'
[4.852s] INFO:colcon.colcon_core.shell:Creating environment hook '/home/jagdeesh/tracker/install/ros_gz_sim/share/ros_gz_sim/hook/cmake_prefix_path.sh'
[4.853s] Level 1:colcon.colcon_core.environment:checking '/home/jagdeesh/tracker/install/ros_gz_sim/lib'
[4.853s] Level 1:colcon.colcon_core.shell:create_environment_hook('ros_gz_sim', 'ld_library_path_lib')
[4.854s] INFO:colcon.colcon_core.shell:Creating environment hook '/home/jagdeesh/tracker/install/ros_gz_sim/share/ros_gz_sim/hook/ld_library_path_lib.ps1'
[4.855s] INFO:colcon.colcon_core.shell:Creating environment descriptor '/home/jagdeesh/tracker/install/ros_gz_sim/share/ros_gz_sim/hook/ld_library_path_lib.dsv'
[4.856s] INFO:colcon.colcon_core.shell:Creating environment hook '/home/jagdeesh/tracker/install/ros_gz_sim/share/ros_gz_sim/hook/ld_library_path_lib.sh'
[4.856s] Level 1:colcon.colcon_core.environment:checking '/home/jagdeesh/tracker/install/ros_gz_sim/bin'
[4.856s] Level 1:colcon.colcon_core.environment:checking '/home/jagdeesh/tracker/install/ros_gz_sim/lib/pkgconfig/ros_gz_sim.pc'
[4.857s] Level 1:colcon.colcon_core.environment:checking '/home/jagdeesh/tracker/install/ros_gz_sim/lib/python3.10/site-packages'
[4.857s] Level 1:colcon.colcon_core.environment:checking '/home/jagdeesh/tracker/install/ros_gz_sim/bin'
[4.858s] INFO:colcon.colcon_core.shell:Creating package script '/home/jagdeesh/tracker/install/ros_gz_sim/share/ros_gz_sim/package.ps1'
[4.859s] INFO:colcon.colcon_core.shell:Creating package descriptor '/home/jagdeesh/tracker/install/ros_gz_sim/share/ros_gz_sim/package.dsv'
[4.860s] INFO:colcon.colcon_core.shell:Creating package script '/home/jagdeesh/tracker/install/ros_gz_sim/share/ros_gz_sim/package.sh'
[4.861s] INFO:colcon.colcon_core.shell:Creating package script '/home/jagdeesh/tracker/install/ros_gz_sim/share/ros_gz_sim/package.bash'
[4.862s] INFO:colcon.colcon_core.shell:Creating package script '/home/jagdeesh/tracker/install/ros_gz_sim/share/ros_gz_sim/package.zsh'
[4.862s] Level 1:colcon.colcon_core.environment:create_file_with_runtime_dependencies(/home/jagdeesh/tracker/install/ros_gz_sim/share/colcon-core/packages/ros_gz_sim)
[4.863s] Level 1:colcon.colcon_core.environment:create_environment_scripts_only(ros_gz_sim)
[4.864s] Level 1:colcon.colcon_core.environment:checking '/home/jagdeesh/tracker/install/ros_gz_sim' for CMake module files
[4.865s] Level 1:colcon.colcon_core.environment:checking '/home/jagdeesh/tracker/install/ros_gz_sim' for CMake config files
[4.865s] Level 1:colcon.colcon_core.shell:create_environment_hook('ros_gz_sim', 'cmake_prefix_path')
[4.865s] INFO:colcon.colcon_core.shell:Creating environment hook '/home/jagdeesh/tracker/install/ros_gz_sim/share/ros_gz_sim/hook/cmake_prefix_path.ps1'
[4.866s] INFO:colcon.colcon_core.shell:Creating environment descriptor '/home/jagdeesh/tracker/install/ros_gz_sim/share/ros_gz_sim/hook/cmake_prefix_path.dsv'
[4.867s] INFO:colcon.colcon_core.shell:Creating environment hook '/home/jagdeesh/tracker/install/ros_gz_sim/share/ros_gz_sim/hook/cmake_prefix_path.sh'
[4.868s] Level 1:colcon.colcon_core.environment:checking '/home/jagdeesh/tracker/install/ros_gz_sim/lib'
[4.868s] Level 1:colcon.colcon_core.shell:create_environment_hook('ros_gz_sim', 'ld_library_path_lib')
[4.868s] INFO:colcon.colcon_core.shell:Creating environment hook '/home/jagdeesh/tracker/install/ros_gz_sim/share/ros_gz_sim/hook/ld_library_path_lib.ps1'
[4.869s] INFO:colcon.colcon_core.shell:Creating environment descriptor '/home/jagdeesh/tracker/install/ros_gz_sim/share/ros_gz_sim/hook/ld_library_path_lib.dsv'
[4.869s] INFO:colcon.colcon_core.shell:Creating environment hook '/home/jagdeesh/tracker/install/ros_gz_sim/share/ros_gz_sim/hook/ld_library_path_lib.sh'
[4.870s] Level 1:colcon.colcon_core.environment:checking '/home/jagdeesh/tracker/install/ros_gz_sim/bin'
[4.870s] Level 1:colcon.colcon_core.environment:checking '/home/jagdeesh/tracker/install/ros_gz_sim/lib/pkgconfig/ros_gz_sim.pc'
[4.871s] Level 1:colcon.colcon_core.environment:checking '/home/jagdeesh/tracker/install/ros_gz_sim/lib/python3.10/site-packages'
[4.871s] Level 1:colcon.colcon_core.environment:checking '/home/jagdeesh/tracker/install/ros_gz_sim/bin'
[4.872s] INFO:colcon.colcon_core.shell:Creating package script '/home/jagdeesh/tracker/install/ros_gz_sim/share/ros_gz_sim/package.ps1'
[4.872s] INFO:colcon.colcon_core.shell:Creating package descriptor '/home/jagdeesh/tracker/install/ros_gz_sim/share/ros_gz_sim/package.dsv'
[4.873s] INFO:colcon.colcon_core.shell:Creating package script '/home/jagdeesh/tracker/install/ros_gz_sim/share/ros_gz_sim/package.sh'
[4.874s] INFO:colcon.colcon_core.shell:Creating package script '/home/jagdeesh/tracker/install/ros_gz_sim/share/ros_gz_sim/package.bash'
[4.875s] INFO:colcon.colcon_core.shell:Creating package script '/home/jagdeesh/tracker/install/ros_gz_sim/share/ros_gz_sim/package.zsh'
[4.875s] Level 1:colcon.colcon_core.environment:create_file_with_runtime_dependencies(/home/jagdeesh/tracker/install/ros_gz_sim/share/colcon-core/packages/ros_gz_sim)
[4.876s] INFO:colcon.colcon_ros.task.ament_cmake.build:Building ROS package in '/home/jagdeesh/tracker/src/ros_gz/ros_gz_image' with build type 'ament_cmake'
[4.876s] INFO:colcon.colcon_cmake.task.cmake.build:Building CMake package in '/home/jagdeesh/tracker/src/ros_gz/ros_gz_image'
[4.877s] INFO:colcon.colcon_core.shell:Skip shell extension 'powershell' for command environment: Not usable outside of PowerShell
[4.877s] DEBUG:colcon.colcon_core.shell:Skip shell extension 'dsv' for command environment
[4.895s] DEBUG:colcon.colcon_core.event_handler.log_command:Invoking command in '/home/jagdeesh/tracker/build/ros_gz_image': AMENT_PREFIX_PATH=/home/jagdeesh/tracker/install/ros_gz_bridge:/home/jagdeesh/tracker/install/ros_gz_interfaces:${AMENT_PREFIX_PATH} CMAKE_PREFIX_PATH=/home/jagdeesh/tracker/install/ros_gz_bridge:/home/jagdeesh/tracker/install/ros_gz_interfaces:/opt/ros/humble LD_LIBRARY_PATH=/home/jagdeesh/tracker/install/ros_gz_bridge/lib:/home/jagdeesh/tracker/install/ros_gz_interfaces/lib:${LD_LIBRARY_PATH} PYTHONPATH=/home/jagdeesh/tracker/install/ros_gz_interfaces/local/lib/python3.10/dist-packages:${PYTHONPATH} /usr/bin/cmake --build /home/jagdeesh/tracker/build/ros_gz_image -- -j12 -l12
[5.023s] DEBUG:colcon.colcon_core.event_handler.log_command:Invoked command in '/home/jagdeesh/tracker/build/ros_gz_image' returned '0': AMENT_PREFIX_PATH=/home/jagdeesh/tracker/install/ros_gz_bridge:/home/jagdeesh/tracker/install/ros_gz_interfaces:${AMENT_PREFIX_PATH} CMAKE_PREFIX_PATH=/home/jagdeesh/tracker/install/ros_gz_bridge:/home/jagdeesh/tracker/install/ros_gz_interfaces:/opt/ros/humble LD_LIBRARY_PATH=/home/jagdeesh/tracker/install/ros_gz_bridge/lib:/home/jagdeesh/tracker/install/ros_gz_interfaces/lib:${LD_LIBRARY_PATH} PYTHONPATH=/home/jagdeesh/tracker/install/ros_gz_interfaces/local/lib/python3.10/dist-packages:${PYTHONPATH} /usr/bin/cmake --build /home/jagdeesh/tracker/build/ros_gz_image -- -j12 -l12
[5.026s] DEBUG:colcon.colcon_core.event_handler.log_command:Invoking command in '/home/jagdeesh/tracker/build/ros_gz_image': AMENT_PREFIX_PATH=/home/jagdeesh/tracker/install/ros_gz_bridge:/home/jagdeesh/tracker/install/ros_gz_interfaces:${AMENT_PREFIX_PATH} CMAKE_PREFIX_PATH=/home/jagdeesh/tracker/install/ros_gz_bridge:/home/jagdeesh/tracker/install/ros_gz_interfaces:/opt/ros/humble LD_LIBRARY_PATH=/home/jagdeesh/tracker/install/ros_gz_bridge/lib:/home/jagdeesh/tracker/install/ros_gz_interfaces/lib:${LD_LIBRARY_PATH} PYTHONPATH=/home/jagdeesh/tracker/install/ros_gz_interfaces/local/lib/python3.10/dist-packages:${PYTHONPATH} /usr/bin/cmake --install /home/jagdeesh/tracker/build/ros_gz_image
[5.041s] Level 1:colcon.colcon_core.environment:create_environment_scripts_only(ros_gz_image)
[5.042s] Level 1:colcon.colcon_core.environment:checking '/home/jagdeesh/tracker/install/ros_gz_image' for CMake module files
[5.043s] DEBUG:colcon.colcon_core.event_handler.log_command:Invoked command in '/home/jagdeesh/tracker/build/ros_gz_image' returned '0': AMENT_PREFIX_PATH=/home/jagdeesh/tracker/install/ros_gz_bridge:/home/jagdeesh/tracker/install/ros_gz_interfaces:${AMENT_PREFIX_PATH} CMAKE_PREFIX_PATH=/home/jagdeesh/tracker/install/ros_gz_bridge:/home/jagdeesh/tracker/install/ros_gz_interfaces:/opt/ros/humble LD_LIBRARY_PATH=/home/jagdeesh/tracker/install/ros_gz_bridge/lib:/home/jagdeesh/tracker/install/ros_gz_interfaces/lib:${LD_LIBRARY_PATH} PYTHONPATH=/home/jagdeesh/tracker/install/ros_gz_interfaces/local/lib/python3.10/dist-packages:${PYTHONPATH} /usr/bin/cmake --install /home/jagdeesh/tracker/build/ros_gz_image
[5.043s] Level 1:colcon.colcon_core.environment:checking '/home/jagdeesh/tracker/install/ros_gz_image' for CMake config files
[5.044s] Level 1:colcon.colcon_core.shell:create_environment_hook('ros_gz_image', 'cmake_prefix_path')
[5.044s] INFO:colcon.colcon_core.shell:Creating environment hook '/home/jagdeesh/tracker/install/ros_gz_image/share/ros_gz_image/hook/cmake_prefix_path.ps1'
[5.045s] INFO:colcon.colcon_core.shell:Creating environment descriptor '/home/jagdeesh/tracker/install/ros_gz_image/share/ros_gz_image/hook/cmake_prefix_path.dsv'
[5.046s] INFO:colcon.colcon_core.shell:Creating environment hook '/home/jagdeesh/tracker/install/ros_gz_image/share/ros_gz_image/hook/cmake_prefix_path.sh'
[5.047s] Level 1:colcon.colcon_core.environment:checking '/home/jagdeesh/tracker/install/ros_gz_image/lib'
[5.047s] Level 1:colcon.colcon_core.environment:checking '/home/jagdeesh/tracker/install/ros_gz_image/bin'
[5.047s] Level 1:colcon.colcon_core.environment:checking '/home/jagdeesh/tracker/install/ros_gz_image/lib/pkgconfig/ros_gz_image.pc'
[5.048s] Level 1:colcon.colcon_core.environment:checking '/home/jagdeesh/tracker/install/ros_gz_image/lib/python3.10/site-packages'
[5.048s] Level 1:colcon.colcon_core.environment:checking '/home/jagdeesh/tracker/install/ros_gz_image/bin'
[5.049s] INFO:colcon.colcon_core.shell:Creating package script '/home/jagdeesh/tracker/install/ros_gz_image/share/ros_gz_image/package.ps1'
[5.050s] INFO:colcon.colcon_core.shell:Creating package descriptor '/home/jagdeesh/tracker/install/ros_gz_image/share/ros_gz_image/package.dsv'
[5.051s] INFO:colcon.colcon_core.shell:Creating package script '/home/jagdeesh/tracker/install/ros_gz_image/share/ros_gz_image/package.sh'
[5.052s] INFO:colcon.colcon_core.shell:Creating package script '/home/jagdeesh/tracker/install/ros_gz_image/share/ros_gz_image/package.bash'
[5.053s] INFO:colcon.colcon_core.shell:Creating package script '/home/jagdeesh/tracker/install/ros_gz_image/share/ros_gz_image/package.zsh'
[5.053s] Level 1:colcon.colcon_core.environment:create_file_with_runtime_dependencies(/home/jagdeesh/tracker/install/ros_gz_image/share/colcon-core/packages/ros_gz_image)
[5.054s] Level 1:colcon.colcon_core.environment:create_environment_scripts_only(ros_gz_image)
[5.055s] Level 1:colcon.colcon_core.environment:checking '/home/jagdeesh/tracker/install/ros_gz_image' for CMake module files
[5.055s] Level 1:colcon.colcon_core.environment:checking '/home/jagdeesh/tracker/install/ros_gz_image' for CMake config files
[5.056s] Level 1:colcon.colcon_core.shell:create_environment_hook('ros_gz_image', 'cmake_prefix_path')
[5.056s] INFO:colcon.colcon_core.shell:Creating environment hook '/home/jagdeesh/tracker/install/ros_gz_image/share/ros_gz_image/hook/cmake_prefix_path.ps1'
[5.057s] INFO:colcon.colcon_core.shell:Creating environment descriptor '/home/jagdeesh/tracker/install/ros_gz_image/share/ros_gz_image/hook/cmake_prefix_path.dsv'
[5.057s] INFO:colcon.colcon_core.shell:Creating environment hook '/home/jagdeesh/tracker/install/ros_gz_image/share/ros_gz_image/hook/cmake_prefix_path.sh'
[5.058s] Level 1:colcon.colcon_core.environment:checking '/home/jagdeesh/tracker/install/ros_gz_image/lib'
[5.058s] Level 1:colcon.colcon_core.environment:checking '/home/jagdeesh/tracker/install/ros_gz_image/bin'
[5.058s] Level 1:colcon.colcon_core.environment:checking '/home/jagdeesh/tracker/install/ros_gz_image/lib/pkgconfig/ros_gz_image.pc'
[5.059s] Level 1:colcon.colcon_core.environment:checking '/home/jagdeesh/tracker/install/ros_gz_image/lib/python3.10/site-packages'
[5.059s] Level 1:colcon.colcon_core.environment:checking '/home/jagdeesh/tracker/install/ros_gz_image/bin'
[5.060s] INFO:colcon.colcon_core.shell:Creating package script '/home/jagdeesh/tracker/install/ros_gz_image/share/ros_gz_image/package.ps1'
[5.061s] INFO:colcon.colcon_core.shell:Creating package descriptor '/home/jagdeesh/tracker/install/ros_gz_image/share/ros_gz_image/package.dsv'
[5.062s] INFO:colcon.colcon_core.shell:Creating package script '/home/jagdeesh/tracker/install/ros_gz_image/share/ros_gz_image/package.sh'
[5.062s] INFO:colcon.colcon_core.shell:Creating package script '/home/jagdeesh/tracker/install/ros_gz_image/share/ros_gz_image/package.bash'
[5.063s] INFO:colcon.colcon_core.shell:Creating package script '/home/jagdeesh/tracker/install/ros_gz_image/share/ros_gz_image/package.zsh'
[5.064s] Level 1:colcon.colcon_core.environment:create_file_with_runtime_dependencies(/home/jagdeesh/tracker/install/ros_gz_image/share/colcon-core/packages/ros_gz_image)
[5.065s] INFO:colcon.colcon_ros.task.ament_cmake.build:Building ROS package in '/home/jagdeesh/tracker/src/vision_opencv/cv_bridge' with build type 'ament_cmake'
[5.065s] INFO:colcon.colcon_cmake.task.cmake.build:Building CMake package in '/home/jagdeesh/tracker/src/vision_opencv/cv_bridge'
[5.066s] INFO:colcon.colcon_core.shell:Skip shell extension 'powershell' for command environment: Not usable outside of PowerShell
[5.066s] DEBUG:colcon.colcon_core.shell:Skip shell extension 'dsv' for command environment
[5.078s] DEBUG:colcon.colcon_core.event_handler.log_command:Invoking command in '/home/jagdeesh/tracker/build/cv_bridge': CMAKE_PREFIX_PATH=/opt/ros/humble /usr/bin/cmake --build /home/jagdeesh/tracker/build/cv_bridge -- -j12 -l12
[5.848s] DEBUG:colcon.colcon_core.event_handler.log_command:Invoked command in '/home/jagdeesh/tracker/build/cv_bridge' returned '0': CMAKE_PREFIX_PATH=/opt/ros/humble /usr/bin/cmake --build /home/jagdeesh/tracker/build/cv_bridge -- -j12 -l12
[5.850s] DEBUG:colcon.colcon_core.event_handler.log_command:Invoking command in '/home/jagdeesh/tracker/build/cv_bridge': CMAKE_PREFIX_PATH=/opt/ros/humble /usr/bin/cmake --install /home/jagdeesh/tracker/build/cv_bridge
[5.927s] Level 1:colcon.colcon_core.environment:create_environment_scripts_only(cv_bridge)
[5.928s] Level 1:colcon.colcon_core.environment:checking '/home/jagdeesh/tracker/install/cv_bridge' for CMake module files
[5.928s] DEBUG:colcon.colcon_core.event_handler.log_command:Invoked command in '/home/jagdeesh/tracker/build/cv_bridge' returned '0': CMAKE_PREFIX_PATH=/opt/ros/humble /usr/bin/cmake --install /home/jagdeesh/tracker/build/cv_bridge
[5.929s] Level 1:colcon.colcon_core.environment:checking '/home/jagdeesh/tracker/install/cv_bridge' for CMake config files
[5.929s] Level 1:colcon.colcon_core.shell:create_environment_hook('cv_bridge', 'cmake_prefix_path')
[5.930s] INFO:colcon.colcon_core.shell:Creating environment hook '/home/jagdeesh/tracker/install/cv_bridge/share/cv_bridge/hook/cmake_prefix_path.ps1'
[5.931s] INFO:colcon.colcon_core.shell:Creating environment descriptor '/home/jagdeesh/tracker/install/cv_bridge/share/cv_bridge/hook/cmake_prefix_path.dsv'
[5.931s] INFO:colcon.colcon_core.shell:Creating environment hook '/home/jagdeesh/tracker/install/cv_bridge/share/cv_bridge/hook/cmake_prefix_path.sh'
[5.932s] Level 1:colcon.colcon_core.environment:checking '/home/jagdeesh/tracker/install/cv_bridge/lib'
[5.933s] Level 1:colcon.colcon_core.shell:create_environment_hook('cv_bridge', 'ld_library_path_lib')
[5.933s] INFO:colcon.colcon_core.shell:Creating environment hook '/home/jagdeesh/tracker/install/cv_bridge/share/cv_bridge/hook/ld_library_path_lib.ps1'
[5.934s] INFO:colcon.colcon_core.shell:Creating environment descriptor '/home/jagdeesh/tracker/install/cv_bridge/share/cv_bridge/hook/ld_library_path_lib.dsv'
[5.934s] INFO:colcon.colcon_core.shell:Creating environment hook '/home/jagdeesh/tracker/install/cv_bridge/share/cv_bridge/hook/ld_library_path_lib.sh'
[5.935s] Level 1:colcon.colcon_core.environment:checking '/home/jagdeesh/tracker/install/cv_bridge/bin'
[5.935s] Level 1:colcon.colcon_core.environment:checking '/home/jagdeesh/tracker/install/cv_bridge/lib/pkgconfig/cv_bridge.pc'
[5.936s] Level 1:colcon.colcon_core.environment:checking '/home/jagdeesh/tracker/install/cv_bridge/lib/python3.10/site-packages'
[5.936s] Level 1:colcon.colcon_core.environment:checking '/home/jagdeesh/tracker/install/cv_bridge/bin'
[5.937s] INFO:colcon.colcon_core.shell:Creating package script '/home/jagdeesh/tracker/install/cv_bridge/share/cv_bridge/package.ps1'
[5.938s] INFO:colcon.colcon_core.shell:Creating package descriptor '/home/jagdeesh/tracker/install/cv_bridge/share/cv_bridge/package.dsv'
[5.939s] INFO:colcon.colcon_core.shell:Creating package script '/home/jagdeesh/tracker/install/cv_bridge/share/cv_bridge/package.sh'
[5.940s] INFO:colcon.colcon_core.shell:Creating package script '/home/jagdeesh/tracker/install/cv_bridge/share/cv_bridge/package.bash'
[5.941s] INFO:colcon.colcon_core.shell:Creating package script '/home/jagdeesh/tracker/install/cv_bridge/share/cv_bridge/package.zsh'
[5.941s] Level 1:colcon.colcon_core.environment:create_file_with_runtime_dependencies(/home/jagdeesh/tracker/install/cv_bridge/share/colcon-core/packages/cv_bridge)
[5.942s] Level 1:colcon.colcon_core.environment:create_environment_scripts_only(cv_bridge)
[5.943s] Level 1:colcon.colcon_core.environment:checking '/home/jagdeesh/tracker/install/cv_bridge' for CMake module files
[5.943s] Level 1:colcon.colcon_core.environment:checking '/home/jagdeesh/tracker/install/cv_bridge' for CMake config files
[5.944s] Level 1:colcon.colcon_core.shell:create_environment_hook('cv_bridge', 'cmake_prefix_path')
[5.944s] INFO:colcon.colcon_core.shell:Creating environment hook '/home/jagdeesh/tracker/install/cv_bridge/share/cv_bridge/hook/cmake_prefix_path.ps1'
[5.945s] INFO:colcon.colcon_core.shell:Creating environment descriptor '/home/jagdeesh/tracker/install/cv_bridge/share/cv_bridge/hook/cmake_prefix_path.dsv'
[5.946s] INFO:colcon.colcon_core.shell:Creating environment hook '/home/jagdeesh/tracker/install/cv_bridge/share/cv_bridge/hook/cmake_prefix_path.sh'
[5.947s] Level 1:colcon.colcon_core.environment:checking '/home/jagdeesh/tracker/install/cv_bridge/lib'
[5.947s] Level 1:colcon.colcon_core.shell:create_environment_hook('cv_bridge', 'ld_library_path_lib')
[5.947s] INFO:colcon.colcon_core.shell:Creating environment hook '/home/jagdeesh/tracker/install/cv_bridge/share/cv_bridge/hook/ld_library_path_lib.ps1'
[5.948s] INFO:colcon.colcon_core.shell:Creating environment descriptor '/home/jagdeesh/tracker/install/cv_bridge/share/cv_bridge/hook/ld_library_path_lib.dsv'
[5.949s] INFO:colcon.colcon_core.shell:Creating environment hook '/home/jagdeesh/tracker/install/cv_bridge/share/cv_bridge/hook/ld_library_path_lib.sh'
[5.949s] Level 1:colcon.colcon_core.environment:checking '/home/jagdeesh/tracker/install/cv_bridge/bin'
[5.949s] Level 1:colcon.colcon_core.environment:checking '/home/jagdeesh/tracker/install/cv_bridge/lib/pkgconfig/cv_bridge.pc'
[5.950s] Level 1:colcon.colcon_core.environment:checking '/home/jagdeesh/tracker/install/cv_bridge/lib/python3.10/site-packages'
[5.950s] Level 1:colcon.colcon_core.environment:checking '/home/jagdeesh/tracker/install/cv_bridge/bin'
[5.951s] INFO:colcon.colcon_core.shell:Creating package script '/home/jagdeesh/tracker/install/cv_bridge/share/cv_bridge/package.ps1'
[5.952s] INFO:colcon.colcon_core.shell:Creating package descriptor '/home/jagdeesh/tracker/install/cv_bridge/share/cv_bridge/package.dsv'
[5.953s] INFO:colcon.colcon_core.shell:Creating package script '/home/jagdeesh/tracker/install/cv_bridge/share/cv_bridge/package.sh'
[5.954s] INFO:colcon.colcon_core.shell:Creating package script '/home/jagdeesh/tracker/install/cv_bridge/share/cv_bridge/package.bash'
[5.954s] INFO:colcon.colcon_core.shell:Creating package script '/home/jagdeesh/tracker/install/cv_bridge/share/cv_bridge/package.zsh'
[5.955s] Level 1:colcon.colcon_core.environment:create_file_with_runtime_dependencies(/home/jagdeesh/tracker/install/cv_bridge/share/colcon-core/packages/cv_bridge)
[5.956s] INFO:colcon.colcon_ros.task.ament_cmake.build:Building ROS package in '/home/jagdeesh/tracker/src/ros_gz/ros_gz_sim_demos' with build type 'ament_cmake'
[5.956s] INFO:colcon.colcon_cmake.task.cmake.build:Building CMake package in '/home/jagdeesh/tracker/src/ros_gz/ros_gz_sim_demos'
[5.957s] INFO:colcon.colcon_core.shell:Skip shell extension 'powershell' for command environment: Not usable outside of PowerShell
[5.957s] DEBUG:colcon.colcon_core.shell:Skip shell extension 'dsv' for command environment
[5.982s] DEBUG:colcon.colcon_core.event_handler.log_command:Invoking command in '/home/jagdeesh/tracker/build/ros_gz_sim_demos': AMENT_PREFIX_PATH=/home/jagdeesh/tracker/install/ros_gz_image:/home/jagdeesh/tracker/install/ros_gz_bridge:/home/jagdeesh/tracker/install/ros_gz_sim:/home/jagdeesh/tracker/install/ros_gz_interfaces:${AMENT_PREFIX_PATH} CMAKE_PREFIX_PATH=/home/jagdeesh/tracker/install/ros_gz_image:/home/jagdeesh/tracker/install/ros_gz_bridge:/home/jagdeesh/tracker/install/ros_gz_sim:/home/jagdeesh/tracker/install/ros_gz_interfaces:/opt/ros/humble LD_LIBRARY_PATH=/home/jagdeesh/tracker/install/ros_gz_bridge/lib:/home/jagdeesh/tracker/install/ros_gz_sim/lib:/home/jagdeesh/tracker/install/ros_gz_interfaces/lib:${LD_LIBRARY_PATH} PYTHONPATH=/home/jagdeesh/tracker/install/ros_gz_interfaces/local/lib/python3.10/dist-packages:${PYTHONPATH} /usr/bin/cmake --build /home/jagdeesh/tracker/build/ros_gz_sim_demos -- -j12 -l12
[6.041s] DEBUG:colcon.colcon_core.event_handler.log_command:Invoked command in '/home/jagdeesh/tracker/build/ros_gz_sim_demos' returned '0': AMENT_PREFIX_PATH=/home/jagdeesh/tracker/install/ros_gz_image:/home/jagdeesh/tracker/install/ros_gz_bridge:/home/jagdeesh/tracker/install/ros_gz_sim:/home/jagdeesh/tracker/install/ros_gz_interfaces:${AMENT_PREFIX_PATH} CMAKE_PREFIX_PATH=/home/jagdeesh/tracker/install/ros_gz_image:/home/jagdeesh/tracker/install/ros_gz_bridge:/home/jagdeesh/tracker/install/ros_gz_sim:/home/jagdeesh/tracker/install/ros_gz_interfaces:/opt/ros/humble LD_LIBRARY_PATH=/home/jagdeesh/tracker/install/ros_gz_bridge/lib:/home/jagdeesh/tracker/install/ros_gz_sim/lib:/home/jagdeesh/tracker/install/ros_gz_interfaces/lib:${LD_LIBRARY_PATH} PYTHONPATH=/home/jagdeesh/tracker/install/ros_gz_interfaces/local/lib/python3.10/dist-packages:${PYTHONPATH} /usr/bin/cmake --build /home/jagdeesh/tracker/build/ros_gz_sim_demos -- -j12 -l12
[6.044s] DEBUG:colcon.colcon_core.event_handler.log_command:Invoking command in '/home/jagdeesh/tracker/build/ros_gz_sim_demos': AMENT_PREFIX_PATH=/home/jagdeesh/tracker/install/ros_gz_image:/home/jagdeesh/tracker/install/ros_gz_bridge:/home/jagdeesh/tracker/install/ros_gz_sim:/home/jagdeesh/tracker/install/ros_gz_interfaces:${AMENT_PREFIX_PATH} CMAKE_PREFIX_PATH=/home/jagdeesh/tracker/install/ros_gz_image:/home/jagdeesh/tracker/install/ros_gz_bridge:/home/jagdeesh/tracker/install/ros_gz_sim:/home/jagdeesh/tracker/install/ros_gz_interfaces:/opt/ros/humble LD_LIBRARY_PATH=/home/jagdeesh/tracker/install/ros_gz_bridge/lib:/home/jagdeesh/tracker/install/ros_gz_sim/lib:/home/jagdeesh/tracker/install/ros_gz_interfaces/lib:${LD_LIBRARY_PATH} PYTHONPATH=/home/jagdeesh/tracker/install/ros_gz_interfaces/local/lib/python3.10/dist-packages:${PYTHONPATH} /usr/bin/cmake --install /home/jagdeesh/tracker/build/ros_gz_sim_demos
[6.065s] Level 1:colcon.colcon_core.environment:create_environment_scripts_only(ros_gz_sim_demos)
[6.066s] Level 1:colcon.colcon_core.environment:checking '/home/jagdeesh/tracker/install/ros_gz_sim_demos' for CMake module files
[6.067s] Level 1:colcon.colcon_core.environment:checking '/home/jagdeesh/tracker/install/ros_gz_sim_demos' for CMake config files
[6.067s] Level 1:colcon.colcon_core.shell:create_environment_hook('ros_gz_sim_demos', 'cmake_prefix_path')
[6.068s] INFO:colcon.colcon_core.shell:Creating environment hook '/home/jagdeesh/tracker/install/ros_gz_sim_demos/share/ros_gz_sim_demos/hook/cmake_prefix_path.ps1'
[6.068s] DEBUG:colcon.colcon_core.event_handler.log_command:Invoked command in '/home/jagdeesh/tracker/build/ros_gz_sim_demos' returned '0': AMENT_PREFIX_PATH=/home/jagdeesh/tracker/install/ros_gz_image:/home/jagdeesh/tracker/install/ros_gz_bridge:/home/jagdeesh/tracker/install/ros_gz_sim:/home/jagdeesh/tracker/install/ros_gz_interfaces:${AMENT_PREFIX_PATH} CMAKE_PREFIX_PATH=/home/jagdeesh/tracker/install/ros_gz_image:/home/jagdeesh/tracker/install/ros_gz_bridge:/home/jagdeesh/tracker/install/ros_gz_sim:/home/jagdeesh/tracker/install/ros_gz_interfaces:/opt/ros/humble LD_LIBRARY_PATH=/home/jagdeesh/tracker/install/ros_gz_bridge/lib:/home/jagdeesh/tracker/install/ros_gz_sim/lib:/home/jagdeesh/tracker/install/ros_gz_interfaces/lib:${LD_LIBRARY_PATH} PYTHONPATH=/home/jagdeesh/tracker/install/ros_gz_interfaces/local/lib/python3.10/dist-packages:${PYTHONPATH} /usr/bin/cmake --install /home/jagdeesh/tracker/build/ros_gz_sim_demos
[6.069s] INFO:colcon.colcon_core.shell:Creating environment descriptor '/home/jagdeesh/tracker/install/ros_gz_sim_demos/share/ros_gz_sim_demos/hook/cmake_prefix_path.dsv'
[6.070s] INFO:colcon.colcon_core.shell:Creating environment hook '/home/jagdeesh/tracker/install/ros_gz_sim_demos/share/ros_gz_sim_demos/hook/cmake_prefix_path.sh'
[6.071s] Level 1:colcon.colcon_core.environment:checking '/home/jagdeesh/tracker/install/ros_gz_sim_demos/bin'
[6.071s] Level 1:colcon.colcon_core.environment:checking '/home/jagdeesh/tracker/install/ros_gz_sim_demos/lib/pkgconfig/ros_gz_sim_demos.pc'
[6.072s] Level 1:colcon.colcon_core.environment:checking '/home/jagdeesh/tracker/install/ros_gz_sim_demos/lib/python3.10/site-packages'
[6.072s] Level 1:colcon.colcon_core.environment:checking '/home/jagdeesh/tracker/install/ros_gz_sim_demos/bin'
[6.073s] INFO:colcon.colcon_core.shell:Creating package script '/home/jagdeesh/tracker/install/ros_gz_sim_demos/share/ros_gz_sim_demos/package.ps1'
[6.074s] INFO:colcon.colcon_core.shell:Creating package descriptor '/home/jagdeesh/tracker/install/ros_gz_sim_demos/share/ros_gz_sim_demos/package.dsv'
[6.074s] INFO:colcon.colcon_core.shell:Creating package script '/home/jagdeesh/tracker/install/ros_gz_sim_demos/share/ros_gz_sim_demos/package.sh'
[6.075s] INFO:colcon.colcon_core.shell:Creating package script '/home/jagdeesh/tracker/install/ros_gz_sim_demos/share/ros_gz_sim_demos/package.bash'
[6.076s] INFO:colcon.colcon_core.shell:Creating package script '/home/jagdeesh/tracker/install/ros_gz_sim_demos/share/ros_gz_sim_demos/package.zsh'
[6.076s] Level 1:colcon.colcon_core.environment:create_file_with_runtime_dependencies(/home/jagdeesh/tracker/install/ros_gz_sim_demos/share/colcon-core/packages/ros_gz_sim_demos)
[6.077s] Level 1:colcon.colcon_core.environment:create_environment_scripts_only(ros_gz_sim_demos)
[6.078s] Level 1:colcon.colcon_core.environment:checking '/home/jagdeesh/tracker/install/ros_gz_sim_demos' for CMake module files
[6.078s] Level 1:colcon.colcon_core.environment:checking '/home/jagdeesh/tracker/install/ros_gz_sim_demos' for CMake config files
[6.079s] Level 1:colcon.colcon_core.shell:create_environment_hook('ros_gz_sim_demos', 'cmake_prefix_path')
[6.080s] INFO:colcon.colcon_core.shell:Creating environment hook '/home/jagdeesh/tracker/install/ros_gz_sim_demos/share/ros_gz_sim_demos/hook/cmake_prefix_path.ps1'
[6.080s] INFO:colcon.colcon_core.shell:Creating environment descriptor '/home/jagdeesh/tracker/install/ros_gz_sim_demos/share/ros_gz_sim_demos/hook/cmake_prefix_path.dsv'
[6.081s] INFO:colcon.colcon_core.shell:Creating environment hook '/home/jagdeesh/tracker/install/ros_gz_sim_demos/share/ros_gz_sim_demos/hook/cmake_prefix_path.sh'
[6.082s] Level 1:colcon.colcon_core.environment:checking '/home/jagdeesh/tracker/install/ros_gz_sim_demos/bin'
[6.082s] Level 1:colcon.colcon_core.environment:checking '/home/jagdeesh/tracker/install/ros_gz_sim_demos/lib/pkgconfig/ros_gz_sim_demos.pc'
[6.082s] Level 1:colcon.colcon_core.environment:checking '/home/jagdeesh/tracker/install/ros_gz_sim_demos/lib/python3.10/site-packages'
[6.083s] Level 1:colcon.colcon_core.environment:checking '/home/jagdeesh/tracker/install/ros_gz_sim_demos/bin'
[6.084s] INFO:colcon.colcon_core.shell:Creating package script '/home/jagdeesh/tracker/install/ros_gz_sim_demos/share/ros_gz_sim_demos/package.ps1'
[6.085s] INFO:colcon.colcon_core.shell:Creating package descriptor '/home/jagdeesh/tracker/install/ros_gz_sim_demos/share/ros_gz_sim_demos/package.dsv'
[6.086s] INFO:colcon.colcon_core.shell:Creating package script '/home/jagdeesh/tracker/install/ros_gz_sim_demos/share/ros_gz_sim_demos/package.sh'
[6.086s] INFO:colcon.colcon_core.shell:Creating package script '/home/jagdeesh/tracker/install/ros_gz_sim_demos/share/ros_gz_sim_demos/package.bash'
[6.087s] INFO:colcon.colcon_core.shell:Creating package script '/home/jagdeesh/tracker/install/ros_gz_sim_demos/share/ros_gz_sim_demos/package.zsh'
[6.088s] Level 1:colcon.colcon_core.environment:create_file_with_runtime_dependencies(/home/jagdeesh/tracker/install/ros_gz_sim_demos/share/colcon-core/packages/ros_gz_sim_demos)
[6.089s] INFO:colcon.colcon_ros.task.ament_cmake.build:Building ROS package in '/home/jagdeesh/tracker/src/vision_opencv/image_geometry' with build type 'ament_cmake'
[6.089s] INFO:colcon.colcon_cmake.task.cmake.build:Building CMake package in '/home/jagdeesh/tracker/src/vision_opencv/image_geometry'
[6.090s] INFO:colcon.colcon_core.shell:Skip shell extension 'powershell' for command environment: Not usable outside of PowerShell
[6.090s] DEBUG:colcon.colcon_core.shell:Skip shell extension 'dsv' for command environment
[6.102s] DEBUG:colcon.colcon_core.event_handler.log_command:Invoking command in '/home/jagdeesh/tracker/build/image_geometry': CMAKE_PREFIX_PATH=/opt/ros/humble /usr/bin/cmake --build /home/jagdeesh/tracker/build/image_geometry -- -j12 -l12
[6.670s] DEBUG:colcon.colcon_core.event_handler.log_command:Invoked command in '/home/jagdeesh/tracker/build/px4_msgs' returned '0': CMAKE_PREFIX_PATH=/opt/ros/humble /usr/bin/cmake --build /home/jagdeesh/tracker/build/px4_msgs -- -j12 -l12
[6.673s] DEBUG:colcon.colcon_core.event_handler.log_command:Invoking command in '/home/jagdeesh/tracker/build/px4_msgs': CMAKE_PREFIX_PATH=/opt/ros/humble /usr/bin/cmake --install /home/jagdeesh/tracker/build/px4_msgs
[7.345s] Level 1:colcon.colcon_core.environment:create_environment_scripts_only(image_geometry)
[7.346s] Level 1:colcon.colcon_core.environment:checking '/home/jagdeesh/tracker/install/image_geometry' for CMake module files
[7.357s] Level 1:colcon.colcon_core.environment:checking '/home/jagdeesh/tracker/install/image_geometry' for CMake config files
[7.357s] Level 1:colcon.colcon_core.shell:create_environment_hook('image_geometry', 'cmake_prefix_path')
[7.358s] INFO:colcon.colcon_core.shell:Creating environment hook '/home/jagdeesh/tracker/install/image_geometry/share/image_geometry/hook/cmake_prefix_path.ps1'
[7.360s] INFO:colcon.colcon_core.shell:Creating environment descriptor '/home/jagdeesh/tracker/install/image_geometry/share/image_geometry/hook/cmake_prefix_path.dsv'
[7.361s] INFO:colcon.colcon_core.shell:Creating environment hook '/home/jagdeesh/tracker/install/image_geometry/share/image_geometry/hook/cmake_prefix_path.sh'
[7.366s] Level 1:colcon.colcon_core.environment:checking '/home/jagdeesh/tracker/install/image_geometry/lib'
[7.366s] Level 1:colcon.colcon_core.shell:create_environment_hook('image_geometry', 'ld_library_path_lib')
[7.367s] INFO:colcon.colcon_core.shell:Creating environment hook '/home/jagdeesh/tracker/install/image_geometry/share/image_geometry/hook/ld_library_path_lib.ps1'
[7.368s] INFO:colcon.colcon_core.shell:Creating environment descriptor '/home/jagdeesh/tracker/install/image_geometry/share/image_geometry/hook/ld_library_path_lib.dsv'
[7.372s] INFO:colcon.colcon_core.shell:Creating environment hook '/home/jagdeesh/tracker/install/image_geometry/share/image_geometry/hook/ld_library_path_lib.sh'
[7.373s] Level 1:colcon.colcon_core.environment:checking '/home/jagdeesh/tracker/install/image_geometry/bin'
[7.374s] Level 1:colcon.colcon_core.environment:checking '/home/jagdeesh/tracker/install/image_geometry/lib/pkgconfig/image_geometry.pc'
[7.374s] Level 1:colcon.colcon_core.environment:checking '/home/jagdeesh/tracker/install/image_geometry/lib/python3.10/site-packages'
[7.375s] Level 1:colcon.colcon_core.environment:checking '/home/jagdeesh/tracker/install/image_geometry/bin'
[7.376s] INFO:colcon.colcon_core.shell:Creating package script '/home/jagdeesh/tracker/install/image_geometry/share/image_geometry/package.ps1'
[7.381s] INFO:colcon.colcon_core.shell:Creating package descriptor '/home/jagdeesh/tracker/install/image_geometry/share/image_geometry/package.dsv'
[7.386s] INFO:colcon.colcon_core.shell:Creating package script '/home/jagdeesh/tracker/install/image_geometry/share/image_geometry/package.sh'
[7.387s] INFO:colcon.colcon_core.shell:Creating package script '/home/jagdeesh/tracker/install/image_geometry/share/image_geometry/package.bash'
[7.388s] INFO:colcon.colcon_core.shell:Creating package script '/home/jagdeesh/tracker/install/image_geometry/share/image_geometry/package.zsh'
[7.393s] Level 1:colcon.colcon_core.environment:create_file_with_runtime_dependencies(/home/jagdeesh/tracker/install/image_geometry/share/colcon-core/packages/image_geometry)
[7.395s] Level 1:colcon.colcon_core.environment:create_environment_scripts_only(image_geometry)
[7.395s] Level 1:colcon.colcon_core.environment:checking '/home/jagdeesh/tracker/install/image_geometry' for CMake module files
[7.396s] Level 1:colcon.colcon_core.environment:checking '/home/jagdeesh/tracker/install/image_geometry' for CMake config files
[7.397s] Level 1:colcon.colcon_core.shell:create_environment_hook('image_geometry', 'cmake_prefix_path')
[7.397s] INFO:colcon.colcon_core.shell:Creating environment hook '/home/jagdeesh/tracker/install/image_geometry/share/image_geometry/hook/cmake_prefix_path.ps1'
[7.401s] INFO:colcon.colcon_core.shell:Creating environment descriptor '/home/jagdeesh/tracker/install/image_geometry/share/image_geometry/hook/cmake_prefix_path.dsv'
[7.402s] INFO:colcon.colcon_core.shell:Creating environment hook '/home/jagdeesh/tracker/install/image_geometry/share/image_geometry/hook/cmake_prefix_path.sh'
[7.406s] Level 1:colcon.colcon_core.environment:checking '/home/jagdeesh/tracker/install/image_geometry/lib'
[7.406s] Level 1:colcon.colcon_core.shell:create_environment_hook('image_geometry', 'ld_library_path_lib')
[7.407s] INFO:colcon.colcon_core.shell:Creating environment hook '/home/jagdeesh/tracker/install/image_geometry/share/image_geometry/hook/ld_library_path_lib.ps1'
[7.415s] INFO:colcon.colcon_core.shell:Creating environment descriptor '/home/jagdeesh/tracker/install/image_geometry/share/image_geometry/hook/ld_library_path_lib.dsv'
[7.416s] INFO:colcon.colcon_core.shell:Creating environment hook '/home/jagdeesh/tracker/install/image_geometry/share/image_geometry/hook/ld_library_path_lib.sh'
[7.417s] Level 1:colcon.colcon_core.environment:checking '/home/jagdeesh/tracker/install/image_geometry/bin'
[7.418s] Level 1:colcon.colcon_core.environment:checking '/home/jagdeesh/tracker/install/image_geometry/lib/pkgconfig/image_geometry.pc'
[7.422s] Level 1:colcon.colcon_core.environment:checking '/home/jagdeesh/tracker/install/image_geometry/lib/python3.10/site-packages'
[7.423s] Level 1:colcon.colcon_core.environment:checking '/home/jagdeesh/tracker/install/image_geometry/bin'
[7.424s] INFO:colcon.colcon_core.shell:Creating package script '/home/jagdeesh/tracker/install/image_geometry/share/image_geometry/package.ps1'
[7.425s] INFO:colcon.colcon_core.shell:Creating package descriptor '/home/jagdeesh/tracker/install/image_geometry/share/image_geometry/package.dsv'
[7.430s] INFO:colcon.colcon_core.shell:Creating package script '/home/jagdeesh/tracker/install/image_geometry/share/image_geometry/package.sh'
[7.433s] INFO:colcon.colcon_core.shell:Creating package script '/home/jagdeesh/tracker/install/image_geometry/share/image_geometry/package.bash'
[7.441s] INFO:colcon.colcon_core.shell:Creating package script '/home/jagdeesh/tracker/install/image_geometry/share/image_geometry/package.zsh'
[7.444s] Level 1:colcon.colcon_core.environment:create_file_with_runtime_dependencies(/home/jagdeesh/tracker/install/image_geometry/share/colcon-core/packages/image_geometry)
[7.445s] INFO:colcon.colcon_ros.task.ament_cmake.build:Building ROS package in '/home/jagdeesh/tracker/src/ros_gz/ros_ign_gazebo' with build type 'ament_cmake'
[7.445s] INFO:colcon.colcon_cmake.task.cmake.build:Building CMake package in '/home/jagdeesh/tracker/src/ros_gz/ros_ign_gazebo'
[7.446s] INFO:colcon.colcon_core.shell:Skip shell extension 'powershell' for command environment: Not usable outside of PowerShell
[7.446s] DEBUG:colcon.colcon_core.shell:Skip shell extension 'dsv' for command environment
[7.540s] DEBUG:colcon.colcon_core.event_handler.log_command:Invoked command in '/home/jagdeesh/tracker/build/image_geometry' returned '0': CMAKE_PREFIX_PATH=/opt/ros/humble /usr/bin/cmake --build /home/jagdeesh/tracker/build/image_geometry -- -j12 -l12
[7.541s] DEBUG:colcon.colcon_core.event_handler.log_command:Invoking command in '/home/jagdeesh/tracker/build/image_geometry': CMAKE_PREFIX_PATH=/opt/ros/humble /usr/bin/cmake --install /home/jagdeesh/tracker/build/image_geometry
[7.554s] DEBUG:colcon.colcon_core.event_handler.log_command:Invoked command in '/home/jagdeesh/tracker/build/image_geometry' returned '0': CMAKE_PREFIX_PATH=/opt/ros/humble /usr/bin/cmake --install /home/jagdeesh/tracker/build/image_geometry
[7.574s] DEBUG:colcon.colcon_core.event_handler.log_command:Invoking command in '/home/jagdeesh/tracker/build/ros_ign_gazebo': AMENT_PREFIX_PATH=/home/jagdeesh/tracker/install/ros_gz_sim:${AMENT_PREFIX_PATH} CMAKE_PREFIX_PATH=/home/jagdeesh/tracker/install/ros_gz_sim:/opt/ros/humble LD_LIBRARY_PATH=/home/jagdeesh/tracker/install/ros_gz_sim/lib:${LD_LIBRARY_PATH} /usr/bin/cmake --build /home/jagdeesh/tracker/build/ros_ign_gazebo -- -j12 -l12
[7.613s] DEBUG:colcon.colcon_core.event_handler.log_command:Invoked command in '/home/jagdeesh/tracker/build/ros_ign_gazebo' returned '0': AMENT_PREFIX_PATH=/home/jagdeesh/tracker/install/ros_gz_sim:${AMENT_PREFIX_PATH} CMAKE_PREFIX_PATH=/home/jagdeesh/tracker/install/ros_gz_sim:/opt/ros/humble LD_LIBRARY_PATH=/home/jagdeesh/tracker/install/ros_gz_sim/lib:${LD_LIBRARY_PATH} /usr/bin/cmake --build /home/jagdeesh/tracker/build/ros_ign_gazebo -- -j12 -l12
[7.616s] DEBUG:colcon.colcon_core.event_handler.log_command:Invoking command in '/home/jagdeesh/tracker/build/ros_ign_gazebo': AMENT_PREFIX_PATH=/home/jagdeesh/tracker/install/ros_gz_sim:${AMENT_PREFIX_PATH} CMAKE_PREFIX_PATH=/home/jagdeesh/tracker/install/ros_gz_sim:/opt/ros/humble LD_LIBRARY_PATH=/home/jagdeesh/tracker/install/ros_gz_sim/lib:${LD_LIBRARY_PATH} /usr/bin/cmake --install /home/jagdeesh/tracker/build/ros_ign_gazebo
[7.639s] Level 1:colcon.colcon_core.environment:create_environment_scripts_only(ros_ign_gazebo)
[7.639s] Level 1:colcon.colcon_core.environment:checking '/home/jagdeesh/tracker/install/ros_ign_gazebo' for CMake module files
[7.640s] DEBUG:colcon.colcon_core.event_handler.log_command:Invoked command in '/home/jagdeesh/tracker/build/ros_ign_gazebo' returned '0': AMENT_PREFIX_PATH=/home/jagdeesh/tracker/install/ros_gz_sim:${AMENT_PREFIX_PATH} CMAKE_PREFIX_PATH=/home/jagdeesh/tracker/install/ros_gz_sim:/opt/ros/humble LD_LIBRARY_PATH=/home/jagdeesh/tracker/install/ros_gz_sim/lib:${LD_LIBRARY_PATH} /usr/bin/cmake --install /home/jagdeesh/tracker/build/ros_ign_gazebo
[7.641s] Level 1:colcon.colcon_core.environment:checking '/home/jagdeesh/tracker/install/ros_ign_gazebo' for CMake config files
[7.642s] Level 1:colcon.colcon_core.shell:create_environment_hook('ros_ign_gazebo', 'cmake_prefix_path')
[7.642s] INFO:colcon.colcon_core.shell:Creating environment hook '/home/jagdeesh/tracker/install/ros_ign_gazebo/share/ros_ign_gazebo/hook/cmake_prefix_path.ps1'
[7.644s] INFO:colcon.colcon_core.shell:Creating environment descriptor '/home/jagdeesh/tracker/install/ros_ign_gazebo/share/ros_ign_gazebo/hook/cmake_prefix_path.dsv'
[7.645s] INFO:colcon.colcon_core.shell:Creating environment hook '/home/jagdeesh/tracker/install/ros_ign_gazebo/share/ros_ign_gazebo/hook/cmake_prefix_path.sh'
[7.646s] Level 1:colcon.colcon_core.environment:checking '/home/jagdeesh/tracker/install/ros_ign_gazebo/lib'
[7.646s] Level 1:colcon.colcon_core.environment:checking '/home/jagdeesh/tracker/install/ros_ign_gazebo/bin'
[7.646s] Level 1:colcon.colcon_core.environment:checking '/home/jagdeesh/tracker/install/ros_ign_gazebo/lib/pkgconfig/ros_ign_gazebo.pc'
[7.647s] Level 1:colcon.colcon_core.environment:checking '/home/jagdeesh/tracker/install/ros_ign_gazebo/lib/python3.10/site-packages'
[7.648s] Level 1:colcon.colcon_core.environment:checking '/home/jagdeesh/tracker/install/ros_ign_gazebo/bin'
[7.648s] INFO:colcon.colcon_core.shell:Creating package script '/home/jagdeesh/tracker/install/ros_ign_gazebo/share/ros_ign_gazebo/package.ps1'
[7.649s] INFO:colcon.colcon_core.shell:Creating package descriptor '/home/jagdeesh/tracker/install/ros_ign_gazebo/share/ros_ign_gazebo/package.dsv'
[7.651s] INFO:colcon.colcon_core.shell:Creating package script '/home/jagdeesh/tracker/install/ros_ign_gazebo/share/ros_ign_gazebo/package.sh'
[7.652s] INFO:colcon.colcon_core.shell:Creating package script '/home/jagdeesh/tracker/install/ros_ign_gazebo/share/ros_ign_gazebo/package.bash'
[7.652s] INFO:colcon.colcon_core.shell:Creating package script '/home/jagdeesh/tracker/install/ros_ign_gazebo/share/ros_ign_gazebo/package.zsh'
[7.653s] Level 1:colcon.colcon_core.environment:create_file_with_runtime_dependencies(/home/jagdeesh/tracker/install/ros_ign_gazebo/share/colcon-core/packages/ros_ign_gazebo)
[7.654s] Level 1:colcon.colcon_core.environment:create_environment_scripts_only(ros_ign_gazebo)
[7.655s] Level 1:colcon.colcon_core.environment:checking '/home/jagdeesh/tracker/install/ros_ign_gazebo' for CMake module files
[7.656s] Level 1:colcon.colcon_core.environment:checking '/home/jagdeesh/tracker/install/ros_ign_gazebo' for CMake config files
[7.656s] Level 1:colcon.colcon_core.shell:create_environment_hook('ros_ign_gazebo', 'cmake_prefix_path')
[7.657s] INFO:colcon.colcon_core.shell:Creating environment hook '/home/jagdeesh/tracker/install/ros_ign_gazebo/share/ros_ign_gazebo/hook/cmake_prefix_path.ps1'
[7.658s] INFO:colcon.colcon_core.shell:Creating environment descriptor '/home/jagdeesh/tracker/install/ros_ign_gazebo/share/ros_ign_gazebo/hook/cmake_prefix_path.dsv'
[7.659s] INFO:colcon.colcon_core.shell:Creating environment hook '/home/jagdeesh/tracker/install/ros_ign_gazebo/share/ros_ign_gazebo/hook/cmake_prefix_path.sh'
[7.660s] Level 1:colcon.colcon_core.environment:checking '/home/jagdeesh/tracker/install/ros_ign_gazebo/lib'
[7.660s] Level 1:colcon.colcon_core.environment:checking '/home/jagdeesh/tracker/install/ros_ign_gazebo/bin'
[7.660s] Level 1:colcon.colcon_core.environment:checking '/home/jagdeesh/tracker/install/ros_ign_gazebo/lib/pkgconfig/ros_ign_gazebo.pc'
[7.661s] Level 1:colcon.colcon_core.environment:checking '/home/jagdeesh/tracker/install/ros_ign_gazebo/lib/python3.10/site-packages'
[7.662s] Level 1:colcon.colcon_core.environment:checking '/home/jagdeesh/tracker/install/ros_ign_gazebo/bin'
[7.662s] INFO:colcon.colcon_core.shell:Creating package script '/home/jagdeesh/tracker/install/ros_ign_gazebo/share/ros_ign_gazebo/package.ps1'
[7.664s] INFO:colcon.colcon_core.shell:Creating package descriptor '/home/jagdeesh/tracker/install/ros_ign_gazebo/share/ros_ign_gazebo/package.dsv'
[7.666s] INFO:colcon.colcon_core.shell:Creating package script '/home/jagdeesh/tracker/install/ros_ign_gazebo/share/ros_ign_gazebo/package.sh'
[7.667s] INFO:colcon.colcon_core.shell:Creating package script '/home/jagdeesh/tracker/install/ros_ign_gazebo/share/ros_ign_gazebo/package.bash'
[7.668s] INFO:colcon.colcon_core.shell:Creating package script '/home/jagdeesh/tracker/install/ros_ign_gazebo/share/ros_ign_gazebo/package.zsh'
[7.669s] Level 1:colcon.colcon_core.environment:create_file_with_runtime_dependencies(/home/jagdeesh/tracker/install/ros_ign_gazebo/share/colcon-core/packages/ros_ign_gazebo)
[7.670s] INFO:colcon.colcon_ros.task.ament_cmake.build:Building ROS package in '/home/jagdeesh/tracker/src/ros_gz/ros_ign_bridge' with build type 'ament_cmake'
[7.670s] INFO:colcon.colcon_cmake.task.cmake.build:Building CMake package in '/home/jagdeesh/tracker/src/ros_gz/ros_ign_bridge'
[7.671s] INFO:colcon.colcon_core.shell:Skip shell extension 'powershell' for command environment: Not usable outside of PowerShell
[7.671s] DEBUG:colcon.colcon_core.shell:Skip shell extension 'dsv' for command environment
[7.683s] Level 1:colcon.colcon_core.environment:create_environment_scripts_only(px4_msgs)
[7.684s] Level 1:colcon.colcon_core.environment:checking '/home/jagdeesh/tracker/install/px4_msgs' for CMake module files
[7.685s] Level 1:colcon.colcon_core.environment:checking '/home/jagdeesh/tracker/install/px4_msgs' for CMake config files
[7.687s] Level 1:colcon.colcon_core.shell:create_environment_hook('px4_msgs', 'cmake_prefix_path')
[7.688s] INFO:colcon.colcon_core.shell:Creating environment hook '/home/jagdeesh/tracker/install/px4_msgs/share/px4_msgs/hook/cmake_prefix_path.ps1'
[7.689s] DEBUG:colcon.colcon_core.event_handler.log_command:Invoked command in '/home/jagdeesh/tracker/build/px4_msgs' returned '0': CMAKE_PREFIX_PATH=/opt/ros/humble /usr/bin/cmake --install /home/jagdeesh/tracker/build/px4_msgs
[7.690s] INFO:colcon.colcon_core.shell:Creating environment descriptor '/home/jagdeesh/tracker/install/px4_msgs/share/px4_msgs/hook/cmake_prefix_path.dsv'
[7.690s] INFO:colcon.colcon_core.shell:Creating environment hook '/home/jagdeesh/tracker/install/px4_msgs/share/px4_msgs/hook/cmake_prefix_path.sh'
[7.692s] Level 1:colcon.colcon_core.environment:checking '/home/jagdeesh/tracker/install/px4_msgs/lib'
[7.692s] Level 1:colcon.colcon_core.shell:create_environment_hook('px4_msgs', 'ld_library_path_lib')
[7.692s] INFO:colcon.colcon_core.shell:Creating environment hook '/home/jagdeesh/tracker/install/px4_msgs/share/px4_msgs/hook/ld_library_path_lib.ps1'
[7.693s] INFO:colcon.colcon_core.shell:Creating environment descriptor '/home/jagdeesh/tracker/install/px4_msgs/share/px4_msgs/hook/ld_library_path_lib.dsv'
[7.694s] INFO:colcon.colcon_core.shell:Creating environment hook '/home/jagdeesh/tracker/install/px4_msgs/share/px4_msgs/hook/ld_library_path_lib.sh'
[7.695s] Level 1:colcon.colcon_core.environment:checking '/home/jagdeesh/tracker/install/px4_msgs/bin'
[7.695s] Level 1:colcon.colcon_core.environment:checking '/home/jagdeesh/tracker/install/px4_msgs/lib/pkgconfig/px4_msgs.pc'
[7.695s] Level 1:colcon.colcon_core.environment:checking '/home/jagdeesh/tracker/install/px4_msgs/lib/python3.10/site-packages'
[7.696s] Level 1:colcon.colcon_core.environment:checking '/home/jagdeesh/tracker/install/px4_msgs/bin'
[7.697s] INFO:colcon.colcon_core.shell:Creating package script '/home/jagdeesh/tracker/install/px4_msgs/share/px4_msgs/package.ps1'
[7.698s] INFO:colcon.colcon_core.shell:Creating package descriptor '/home/jagdeesh/tracker/install/px4_msgs/share/px4_msgs/package.dsv'
[7.699s] INFO:colcon.colcon_core.shell:Creating package script '/home/jagdeesh/tracker/install/px4_msgs/share/px4_msgs/package.sh'
[7.700s] INFO:colcon.colcon_core.shell:Creating package script '/home/jagdeesh/tracker/install/px4_msgs/share/px4_msgs/package.bash'
[7.701s] INFO:colcon.colcon_core.shell:Creating package script '/home/jagdeesh/tracker/install/px4_msgs/share/px4_msgs/package.zsh'
[7.701s] Level 1:colcon.colcon_core.environment:create_file_with_runtime_dependencies(/home/jagdeesh/tracker/install/px4_msgs/share/colcon-core/packages/px4_msgs)
[7.703s] Level 1:colcon.colcon_core.environment:create_environment_scripts_only(px4_msgs)
[7.703s] Level 1:colcon.colcon_core.environment:checking '/home/jagdeesh/tracker/install/px4_msgs' for CMake module files
[7.704s] Level 1:colcon.colcon_core.environment:checking '/home/jagdeesh/tracker/install/px4_msgs' for CMake config files
[7.705s] Level 1:colcon.colcon_core.shell:create_environment_hook('px4_msgs', 'cmake_prefix_path')
[7.707s] INFO:colcon.colcon_core.shell:Creating environment hook '/home/jagdeesh/tracker/install/px4_msgs/share/px4_msgs/hook/cmake_prefix_path.ps1'
[7.708s] INFO:colcon.colcon_core.shell:Creating environment descriptor '/home/jagdeesh/tracker/install/px4_msgs/share/px4_msgs/hook/cmake_prefix_path.dsv'
[7.709s] INFO:colcon.colcon_core.shell:Creating environment hook '/home/jagdeesh/tracker/install/px4_msgs/share/px4_msgs/hook/cmake_prefix_path.sh'
[7.711s] Level 1:colcon.colcon_core.environment:checking '/home/jagdeesh/tracker/install/px4_msgs/lib'
[7.711s] Level 1:colcon.colcon_core.shell:create_environment_hook('px4_msgs', 'ld_library_path_lib')
[7.712s] INFO:colcon.colcon_core.shell:Creating environment hook '/home/jagdeesh/tracker/install/px4_msgs/share/px4_msgs/hook/ld_library_path_lib.ps1'
[7.713s] INFO:colcon.colcon_core.shell:Creating environment descriptor '/home/jagdeesh/tracker/install/px4_msgs/share/px4_msgs/hook/ld_library_path_lib.dsv'
[7.714s] INFO:colcon.colcon_core.shell:Creating environment hook '/home/jagdeesh/tracker/install/px4_msgs/share/px4_msgs/hook/ld_library_path_lib.sh'
[7.715s] Level 1:colcon.colcon_core.environment:checking '/home/jagdeesh/tracker/install/px4_msgs/bin'
[7.715s] Level 1:colcon.colcon_core.environment:checking '/home/jagdeesh/tracker/install/px4_msgs/lib/pkgconfig/px4_msgs.pc'
[7.715s] Level 1:colcon.colcon_core.environment:checking '/home/jagdeesh/tracker/install/px4_msgs/lib/python3.10/site-packages'
[7.716s] Level 1:colcon.colcon_core.environment:checking '/home/jagdeesh/tracker/install/px4_msgs/bin'
[7.717s] INFO:colcon.colcon_core.shell:Creating package script '/home/jagdeesh/tracker/install/px4_msgs/share/px4_msgs/package.ps1'
[7.718s] INFO:colcon.colcon_core.shell:Creating package descriptor '/home/jagdeesh/tracker/install/px4_msgs/share/px4_msgs/package.dsv'
[7.719s] INFO:colcon.colcon_core.shell:Creating package script '/home/jagdeesh/tracker/install/px4_msgs/share/px4_msgs/package.sh'
[7.721s] INFO:colcon.colcon_core.shell:Creating package script '/home/jagdeesh/tracker/install/px4_msgs/share/px4_msgs/package.bash'
[7.722s] INFO:colcon.colcon_core.shell:Creating package script '/home/jagdeesh/tracker/install/px4_msgs/share/px4_msgs/package.zsh'
[7.723s] Level 1:colcon.colcon_core.environment:create_file_with_runtime_dependencies(/home/jagdeesh/tracker/install/px4_msgs/share/colcon-core/packages/px4_msgs)
[7.725s] INFO:colcon.colcon_ros.task.ament_cmake.build:Building ROS package in '/home/jagdeesh/tracker/src/px4-ros2-interface-lib/px4_ros2_cpp' with build type 'ament_cmake'
[7.725s] INFO:colcon.colcon_cmake.task.cmake.build:Building CMake package in '/home/jagdeesh/tracker/src/px4-ros2-interface-lib/px4_ros2_cpp'
[7.726s] INFO:colcon.colcon_core.shell:Skip shell extension 'powershell' for command environment: Not usable outside of PowerShell
[7.726s] DEBUG:colcon.colcon_core.shell:Skip shell extension 'dsv' for command environment
[7.739s] DEBUG:colcon.colcon_core.event_handler.log_command:Invoking command in '/home/jagdeesh/tracker/build/ros_ign_bridge': AMENT_PREFIX_PATH=/home/jagdeesh/tracker/install/ros_gz_bridge:/home/jagdeesh/tracker/install/ros_gz_interfaces:${AMENT_PREFIX_PATH} CMAKE_PREFIX_PATH=/home/jagdeesh/tracker/install/ros_gz_bridge:/home/jagdeesh/tracker/install/ros_gz_interfaces:/opt/ros/humble LD_LIBRARY_PATH=/home/jagdeesh/tracker/install/ros_gz_bridge/lib:/home/jagdeesh/tracker/install/ros_gz_interfaces/lib:${LD_LIBRARY_PATH} PYTHONPATH=/home/jagdeesh/tracker/install/ros_gz_interfaces/local/lib/python3.10/dist-packages:${PYTHONPATH} /usr/bin/cmake --build /home/jagdeesh/tracker/build/ros_ign_bridge -- -j12 -l12
[7.746s] DEBUG:colcon.colcon_core.event_handler.log_command:Invoking command in '/home/jagdeesh/tracker/build/px4_ros2_cpp': AMENT_PREFIX_PATH=/home/jagdeesh/tracker/install/px4_msgs:${AMENT_PREFIX_PATH} CMAKE_PREFIX_PATH=/home/jagdeesh/tracker/install/px4_msgs:/opt/ros/humble LD_LIBRARY_PATH=/home/jagdeesh/tracker/install/px4_msgs/lib:${LD_LIBRARY_PATH} PYTHONPATH=/home/jagdeesh/tracker/install/px4_msgs/local/lib/python3.10/dist-packages:${PYTHONPATH} /usr/bin/cmake --build /home/jagdeesh/tracker/build/px4_ros2_cpp -- -j12 -l12
[7.915s] DEBUG:colcon.colcon_core.event_handler.log_command:Invoked command in '/home/jagdeesh/tracker/build/ros_ign_bridge' returned '0': AMENT_PREFIX_PATH=/home/jagdeesh/tracker/install/ros_gz_bridge:/home/jagdeesh/tracker/install/ros_gz_interfaces:${AMENT_PREFIX_PATH} CMAKE_PREFIX_PATH=/home/jagdeesh/tracker/install/ros_gz_bridge:/home/jagdeesh/tracker/install/ros_gz_interfaces:/opt/ros/humble LD_LIBRARY_PATH=/home/jagdeesh/tracker/install/ros_gz_bridge/lib:/home/jagdeesh/tracker/install/ros_gz_interfaces/lib:${LD_LIBRARY_PATH} PYTHONPATH=/home/jagdeesh/tracker/install/ros_gz_interfaces/local/lib/python3.10/dist-packages:${PYTHONPATH} /usr/bin/cmake --build /home/jagdeesh/tracker/build/ros_ign_bridge -- -j12 -l12
[7.920s] DEBUG:colcon.colcon_core.event_handler.log_command:Invoking command in '/home/jagdeesh/tracker/build/ros_ign_bridge': AMENT_PREFIX_PATH=/home/jagdeesh/tracker/install/ros_gz_bridge:/home/jagdeesh/tracker/install/ros_gz_interfaces:${AMENT_PREFIX_PATH} CMAKE_PREFIX_PATH=/home/jagdeesh/tracker/install/ros_gz_bridge:/home/jagdeesh/tracker/install/ros_gz_interfaces:/opt/ros/humble LD_LIBRARY_PATH=/home/jagdeesh/tracker/install/ros_gz_bridge/lib:/home/jagdeesh/tracker/install/ros_gz_interfaces/lib:${LD_LIBRARY_PATH} PYTHONPATH=/home/jagdeesh/tracker/install/ros_gz_interfaces/local/lib/python3.10/dist-packages:${PYTHONPATH} /usr/bin/cmake --install /home/jagdeesh/tracker/build/ros_ign_bridge
[7.942s] Level 1:colcon.colcon_core.environment:create_environment_scripts_only(ros_ign_bridge)
[7.943s] Level 1:colcon.colcon_core.environment:checking '/home/jagdeesh/tracker/install/ros_ign_bridge' for CMake module files
[7.943s] DEBUG:colcon.colcon_core.event_handler.log_command:Invoked command in '/home/jagdeesh/tracker/build/ros_ign_bridge' returned '0': AMENT_PREFIX_PATH=/home/jagdeesh/tracker/install/ros_gz_bridge:/home/jagdeesh/tracker/install/ros_gz_interfaces:${AMENT_PREFIX_PATH} CMAKE_PREFIX_PATH=/home/jagdeesh/tracker/install/ros_gz_bridge:/home/jagdeesh/tracker/install/ros_gz_interfaces:/opt/ros/humble LD_LIBRARY_PATH=/home/jagdeesh/tracker/install/ros_gz_bridge/lib:/home/jagdeesh/tracker/install/ros_gz_interfaces/lib:${LD_LIBRARY_PATH} PYTHONPATH=/home/jagdeesh/tracker/install/ros_gz_interfaces/local/lib/python3.10/dist-packages:${PYTHONPATH} /usr/bin/cmake --install /home/jagdeesh/tracker/build/ros_ign_bridge
[7.944s] Level 1:colcon.colcon_core.environment:checking '/home/jagdeesh/tracker/install/ros_ign_bridge' for CMake config files
[7.944s] Level 1:colcon.colcon_core.shell:create_environment_hook('ros_ign_bridge', 'cmake_prefix_path')
[7.945s] INFO:colcon.colcon_core.shell:Creating environment hook '/home/jagdeesh/tracker/install/ros_ign_bridge/share/ros_ign_bridge/hook/cmake_prefix_path.ps1'
[7.946s] INFO:colcon.colcon_core.shell:Creating environment descriptor '/home/jagdeesh/tracker/install/ros_ign_bridge/share/ros_ign_bridge/hook/cmake_prefix_path.dsv'
[7.946s] INFO:colcon.colcon_core.shell:Creating environment hook '/home/jagdeesh/tracker/install/ros_ign_bridge/share/ros_ign_bridge/hook/cmake_prefix_path.sh'
[7.947s] Level 1:colcon.colcon_core.environment:checking '/home/jagdeesh/tracker/install/ros_ign_bridge/lib'
[7.947s] Level 1:colcon.colcon_core.environment:checking '/home/jagdeesh/tracker/install/ros_ign_bridge/bin'
[7.947s] Level 1:colcon.colcon_core.environment:checking '/home/jagdeesh/tracker/install/ros_ign_bridge/lib/pkgconfig/ros_ign_bridge.pc'
[7.948s] Level 1:colcon.colcon_core.environment:checking '/home/jagdeesh/tracker/install/ros_ign_bridge/lib/python3.10/site-packages'
[7.948s] Level 1:colcon.colcon_core.environment:checking '/home/jagdeesh/tracker/install/ros_ign_bridge/bin'
[7.949s] INFO:colcon.colcon_core.shell:Creating package script '/home/jagdeesh/tracker/install/ros_ign_bridge/share/ros_ign_bridge/package.ps1'
[7.950s] INFO:colcon.colcon_core.shell:Creating package descriptor '/home/jagdeesh/tracker/install/ros_ign_bridge/share/ros_ign_bridge/package.dsv'
[7.950s] INFO:colcon.colcon_core.shell:Creating package script '/home/jagdeesh/tracker/install/ros_ign_bridge/share/ros_ign_bridge/package.sh'
[7.951s] INFO:colcon.colcon_core.shell:Creating package script '/home/jagdeesh/tracker/install/ros_ign_bridge/share/ros_ign_bridge/package.bash'
[7.951s] INFO:colcon.colcon_core.shell:Creating package script '/home/jagdeesh/tracker/install/ros_ign_bridge/share/ros_ign_bridge/package.zsh'
[7.952s] Level 1:colcon.colcon_core.environment:create_file_with_runtime_dependencies(/home/jagdeesh/tracker/install/ros_ign_bridge/share/colcon-core/packages/ros_ign_bridge)
[7.953s] Level 1:colcon.colcon_core.environment:create_environment_scripts_only(ros_ign_bridge)
[7.953s] Level 1:colcon.colcon_core.environment:checking '/home/jagdeesh/tracker/install/ros_ign_bridge' for CMake module files
[7.954s] Level 1:colcon.colcon_core.environment:checking '/home/jagdeesh/tracker/install/ros_ign_bridge' for CMake config files
[7.955s] Level 1:colcon.colcon_core.shell:create_environment_hook('ros_ign_bridge', 'cmake_prefix_path')
[7.955s] INFO:colcon.colcon_core.shell:Creating environment hook '/home/jagdeesh/tracker/install/ros_ign_bridge/share/ros_ign_bridge/hook/cmake_prefix_path.ps1'
[7.956s] INFO:colcon.colcon_core.shell:Creating environment descriptor '/home/jagdeesh/tracker/install/ros_ign_bridge/share/ros_ign_bridge/hook/cmake_prefix_path.dsv'
[7.957s] INFO:colcon.colcon_core.shell:Creating environment hook '/home/jagdeesh/tracker/install/ros_ign_bridge/share/ros_ign_bridge/hook/cmake_prefix_path.sh'
[7.957s] Level 1:colcon.colcon_core.environment:checking '/home/jagdeesh/tracker/install/ros_ign_bridge/lib'
[7.958s] Level 1:colcon.colcon_core.environment:checking '/home/jagdeesh/tracker/install/ros_ign_bridge/bin'
[7.958s] Level 1:colcon.colcon_core.environment:checking '/home/jagdeesh/tracker/install/ros_ign_bridge/lib/pkgconfig/ros_ign_bridge.pc'
[7.958s] Level 1:colcon.colcon_core.environment:checking '/home/jagdeesh/tracker/install/ros_ign_bridge/lib/python3.10/site-packages'
[7.958s] Level 1:colcon.colcon_core.environment:checking '/home/jagdeesh/tracker/install/ros_ign_bridge/bin'
[7.959s] INFO:colcon.colcon_core.shell:Creating package script '/home/jagdeesh/tracker/install/ros_ign_bridge/share/ros_ign_bridge/package.ps1'
[7.960s] INFO:colcon.colcon_core.shell:Creating package descriptor '/home/jagdeesh/tracker/install/ros_ign_bridge/share/ros_ign_bridge/package.dsv'
[7.961s] INFO:colcon.colcon_core.shell:Creating package script '/home/jagdeesh/tracker/install/ros_ign_bridge/share/ros_ign_bridge/package.sh'
[7.961s] INFO:colcon.colcon_core.shell:Creating package script '/home/jagdeesh/tracker/install/ros_ign_bridge/share/ros_ign_bridge/package.bash'
[7.962s] INFO:colcon.colcon_core.shell:Creating package script '/home/jagdeesh/tracker/install/ros_ign_bridge/share/ros_ign_bridge/package.zsh'
[7.963s] Level 1:colcon.colcon_core.environment:create_file_with_runtime_dependencies(/home/jagdeesh/tracker/install/ros_ign_bridge/share/colcon-core/packages/ros_ign_bridge)
[7.963s] INFO:colcon.colcon_ros.task.ament_cmake.build:Building ROS package in '/home/jagdeesh/tracker/src/ros_gz/ros_ign_image' with build type 'ament_cmake'
[7.963s] INFO:colcon.colcon_cmake.task.cmake.build:Building CMake package in '/home/jagdeesh/tracker/src/ros_gz/ros_ign_image'
[7.964s] INFO:colcon.colcon_core.shell:Skip shell extension 'powershell' for command environment: Not usable outside of PowerShell
[7.964s] DEBUG:colcon.colcon_core.shell:Skip shell extension 'dsv' for command environment
[7.987s] DEBUG:colcon.colcon_core.event_handler.log_command:Invoking command in '/home/jagdeesh/tracker/build/ros_ign_image': AMENT_PREFIX_PATH=/home/jagdeesh/tracker/install/ros_gz_image:/home/jagdeesh/tracker/install/ros_gz_bridge:/home/jagdeesh/tracker/install/ros_gz_interfaces:${AMENT_PREFIX_PATH} CMAKE_PREFIX_PATH=/home/jagdeesh/tracker/install/ros_gz_image:/home/jagdeesh/tracker/install/ros_gz_bridge:/home/jagdeesh/tracker/install/ros_gz_interfaces:/opt/ros/humble LD_LIBRARY_PATH=/home/jagdeesh/tracker/install/ros_gz_bridge/lib:/home/jagdeesh/tracker/install/ros_gz_interfaces/lib:${LD_LIBRARY_PATH} PYTHONPATH=/home/jagdeesh/tracker/install/ros_gz_interfaces/local/lib/python3.10/dist-packages:${PYTHONPATH} /usr/bin/cmake --build /home/jagdeesh/tracker/build/ros_ign_image -- -j12 -l12
[8.096s] DEBUG:colcon.colcon_core.event_handler.log_command:Invoked command in '/home/jagdeesh/tracker/build/ros_ign_image' returned '0': AMENT_PREFIX_PATH=/home/jagdeesh/tracker/install/ros_gz_image:/home/jagdeesh/tracker/install/ros_gz_bridge:/home/jagdeesh/tracker/install/ros_gz_interfaces:${AMENT_PREFIX_PATH} CMAKE_PREFIX_PATH=/home/jagdeesh/tracker/install/ros_gz_image:/home/jagdeesh/tracker/install/ros_gz_bridge:/home/jagdeesh/tracker/install/ros_gz_interfaces:/opt/ros/humble LD_LIBRARY_PATH=/home/jagdeesh/tracker/install/ros_gz_bridge/lib:/home/jagdeesh/tracker/install/ros_gz_interfaces/lib:${LD_LIBRARY_PATH} PYTHONPATH=/home/jagdeesh/tracker/install/ros_gz_interfaces/local/lib/python3.10/dist-packages:${PYTHONPATH} /usr/bin/cmake --build /home/jagdeesh/tracker/build/ros_ign_image -- -j12 -l12
[8.101s] DEBUG:colcon.colcon_core.event_handler.log_command:Invoking command in '/home/jagdeesh/tracker/build/ros_ign_image': AMENT_PREFIX_PATH=/home/jagdeesh/tracker/install/ros_gz_image:/home/jagdeesh/tracker/install/ros_gz_bridge:/home/jagdeesh/tracker/install/ros_gz_interfaces:${AMENT_PREFIX_PATH} CMAKE_PREFIX_PATH=/home/jagdeesh/tracker/install/ros_gz_image:/home/jagdeesh/tracker/install/ros_gz_bridge:/home/jagdeesh/tracker/install/ros_gz_interfaces:/opt/ros/humble LD_LIBRARY_PATH=/home/jagdeesh/tracker/install/ros_gz_bridge/lib:/home/jagdeesh/tracker/install/ros_gz_interfaces/lib:${LD_LIBRARY_PATH} PYTHONPATH=/home/jagdeesh/tracker/install/ros_gz_interfaces/local/lib/python3.10/dist-packages:${PYTHONPATH} /usr/bin/cmake --install /home/jagdeesh/tracker/build/ros_ign_image
[8.119s] Level 1:colcon.colcon_core.environment:create_environment_scripts_only(ros_ign_image)
[8.120s] Level 1:colcon.colcon_core.environment:checking '/home/jagdeesh/tracker/install/ros_ign_image' for CMake module files
[8.121s] DEBUG:colcon.colcon_core.event_handler.log_command:Invoked command in '/home/jagdeesh/tracker/build/ros_ign_image' returned '0': AMENT_PREFIX_PATH=/home/jagdeesh/tracker/install/ros_gz_image:/home/jagdeesh/tracker/install/ros_gz_bridge:/home/jagdeesh/tracker/install/ros_gz_interfaces:${AMENT_PREFIX_PATH} CMAKE_PREFIX_PATH=/home/jagdeesh/tracker/install/ros_gz_image:/home/jagdeesh/tracker/install/ros_gz_bridge:/home/jagdeesh/tracker/install/ros_gz_interfaces:/opt/ros/humble LD_LIBRARY_PATH=/home/jagdeesh/tracker/install/ros_gz_bridge/lib:/home/jagdeesh/tracker/install/ros_gz_interfaces/lib:${LD_LIBRARY_PATH} PYTHONPATH=/home/jagdeesh/tracker/install/ros_gz_interfaces/local/lib/python3.10/dist-packages:${PYTHONPATH} /usr/bin/cmake --install /home/jagdeesh/tracker/build/ros_ign_image
[8.121s] Level 1:colcon.colcon_core.environment:checking '/home/jagdeesh/tracker/install/ros_ign_image' for CMake config files
[8.122s] Level 1:colcon.colcon_core.shell:create_environment_hook('ros_ign_image', 'cmake_prefix_path')
[8.122s] INFO:colcon.colcon_core.shell:Creating environment hook '/home/jagdeesh/tracker/install/ros_ign_image/share/ros_ign_image/hook/cmake_prefix_path.ps1'
[8.123s] INFO:colcon.colcon_core.shell:Creating environment descriptor '/home/jagdeesh/tracker/install/ros_ign_image/share/ros_ign_image/hook/cmake_prefix_path.dsv'
[8.124s] INFO:colcon.colcon_core.shell:Creating environment hook '/home/jagdeesh/tracker/install/ros_ign_image/share/ros_ign_image/hook/cmake_prefix_path.sh'
[8.125s] Level 1:colcon.colcon_core.environment:checking '/home/jagdeesh/tracker/install/ros_ign_image/lib'
[8.125s] Level 1:colcon.colcon_core.environment:checking '/home/jagdeesh/tracker/install/ros_ign_image/bin'
[8.125s] Level 1:colcon.colcon_core.environment:checking '/home/jagdeesh/tracker/install/ros_ign_image/lib/pkgconfig/ros_ign_image.pc'
[8.126s] Level 1:colcon.colcon_core.environment:checking '/home/jagdeesh/tracker/install/ros_ign_image/lib/python3.10/site-packages'
[8.126s] Level 1:colcon.colcon_core.environment:checking '/home/jagdeesh/tracker/install/ros_ign_image/bin'
[8.127s] INFO:colcon.colcon_core.shell:Creating package script '/home/jagdeesh/tracker/install/ros_ign_image/share/ros_ign_image/package.ps1'
[8.128s] INFO:colcon.colcon_core.shell:Creating package descriptor '/home/jagdeesh/tracker/install/ros_ign_image/share/ros_ign_image/package.dsv'
[8.128s] INFO:colcon.colcon_core.shell:Creating package script '/home/jagdeesh/tracker/install/ros_ign_image/share/ros_ign_image/package.sh'
[8.129s] INFO:colcon.colcon_core.shell:Creating package script '/home/jagdeesh/tracker/install/ros_ign_image/share/ros_ign_image/package.bash'
[8.129s] INFO:colcon.colcon_core.shell:Creating package script '/home/jagdeesh/tracker/install/ros_ign_image/share/ros_ign_image/package.zsh'
[8.130s] Level 1:colcon.colcon_core.environment:create_file_with_runtime_dependencies(/home/jagdeesh/tracker/install/ros_ign_image/share/colcon-core/packages/ros_ign_image)
[8.131s] Level 1:colcon.colcon_core.environment:create_environment_scripts_only(ros_ign_image)
[8.131s] Level 1:colcon.colcon_core.environment:checking '/home/jagdeesh/tracker/install/ros_ign_image' for CMake module files
[8.131s] Level 1:colcon.colcon_core.environment:checking '/home/jagdeesh/tracker/install/ros_ign_image' for CMake config files
[8.132s] Level 1:colcon.colcon_core.shell:create_environment_hook('ros_ign_image', 'cmake_prefix_path')
[8.132s] INFO:colcon.colcon_core.shell:Creating environment hook '/home/jagdeesh/tracker/install/ros_ign_image/share/ros_ign_image/hook/cmake_prefix_path.ps1'
[8.133s] INFO:colcon.colcon_core.shell:Creating environment descriptor '/home/jagdeesh/tracker/install/ros_ign_image/share/ros_ign_image/hook/cmake_prefix_path.dsv'
[8.133s] INFO:colcon.colcon_core.shell:Creating environment hook '/home/jagdeesh/tracker/install/ros_ign_image/share/ros_ign_image/hook/cmake_prefix_path.sh'
[8.134s] Level 1:colcon.colcon_core.environment:checking '/home/jagdeesh/tracker/install/ros_ign_image/lib'
[8.134s] Level 1:colcon.colcon_core.environment:checking '/home/jagdeesh/tracker/install/ros_ign_image/bin'
[8.134s] Level 1:colcon.colcon_core.environment:checking '/home/jagdeesh/tracker/install/ros_ign_image/lib/pkgconfig/ros_ign_image.pc'
[8.134s] Level 1:colcon.colcon_core.environment:checking '/home/jagdeesh/tracker/install/ros_ign_image/lib/python3.10/site-packages'
[8.135s] Level 1:colcon.colcon_core.environment:checking '/home/jagdeesh/tracker/install/ros_ign_image/bin'
[8.135s] INFO:colcon.colcon_core.shell:Creating package script '/home/jagdeesh/tracker/install/ros_ign_image/share/ros_ign_image/package.ps1'
[8.136s] INFO:colcon.colcon_core.shell:Creating package descriptor '/home/jagdeesh/tracker/install/ros_ign_image/share/ros_ign_image/package.dsv'
[8.137s] INFO:colcon.colcon_core.shell:Creating package script '/home/jagdeesh/tracker/install/ros_ign_image/share/ros_ign_image/package.sh'
[8.138s] INFO:colcon.colcon_core.shell:Creating package script '/home/jagdeesh/tracker/install/ros_ign_image/share/ros_ign_image/package.bash'
[8.139s] INFO:colcon.colcon_core.shell:Creating package script '/home/jagdeesh/tracker/install/ros_ign_image/share/ros_ign_image/package.zsh'
[8.140s] Level 1:colcon.colcon_core.environment:create_file_with_runtime_dependencies(/home/jagdeesh/tracker/install/ros_ign_image/share/colcon-core/packages/ros_ign_image)
[8.141s] INFO:colcon.colcon_ros.task.ament_cmake.build:Building ROS package in '/home/jagdeesh/tracker/src/ros_gz/ros_gz' with build type 'ament_cmake'
[8.141s] INFO:colcon.colcon_cmake.task.cmake.build:Building CMake package in '/home/jagdeesh/tracker/src/ros_gz/ros_gz'
[8.141s] INFO:colcon.colcon_core.shell:Skip shell extension 'powershell' for command environment: Not usable outside of PowerShell
[8.142s] DEBUG:colcon.colcon_core.shell:Skip shell extension 'dsv' for command environment
[8.166s] DEBUG:colcon.colcon_core.event_handler.log_command:Invoking command in '/home/jagdeesh/tracker/build/ros_gz': AMENT_PREFIX_PATH=/home/jagdeesh/tracker/install/ros_gz_sim_demos:/home/jagdeesh/tracker/install/ros_gz_image:/home/jagdeesh/tracker/install/ros_gz_bridge:/home/jagdeesh/tracker/install/ros_gz_sim:/home/jagdeesh/tracker/install/ros_gz_interfaces:${AMENT_PREFIX_PATH} CMAKE_PREFIX_PATH=/home/jagdeesh/tracker/install/ros_gz_sim_demos:/home/jagdeesh/tracker/install/ros_gz_image:/home/jagdeesh/tracker/install/ros_gz_bridge:/home/jagdeesh/tracker/install/ros_gz_sim:/home/jagdeesh/tracker/install/ros_gz_interfaces:/opt/ros/humble LD_LIBRARY_PATH=/home/jagdeesh/tracker/install/ros_gz_bridge/lib:/home/jagdeesh/tracker/install/ros_gz_sim/lib:/home/jagdeesh/tracker/install/ros_gz_interfaces/lib:${LD_LIBRARY_PATH} PYTHONPATH=/home/jagdeesh/tracker/install/ros_gz_interfaces/local/lib/python3.10/dist-packages:${PYTHONPATH} /usr/bin/cmake --build /home/jagdeesh/tracker/build/ros_gz -- -j12 -l12
[8.229s] DEBUG:colcon.colcon_core.event_handler.log_command:Invoked command in '/home/jagdeesh/tracker/build/ros_gz' returned '0': AMENT_PREFIX_PATH=/home/jagdeesh/tracker/install/ros_gz_sim_demos:/home/jagdeesh/tracker/install/ros_gz_image:/home/jagdeesh/tracker/install/ros_gz_bridge:/home/jagdeesh/tracker/install/ros_gz_sim:/home/jagdeesh/tracker/install/ros_gz_interfaces:${AMENT_PREFIX_PATH} CMAKE_PREFIX_PATH=/home/jagdeesh/tracker/install/ros_gz_sim_demos:/home/jagdeesh/tracker/install/ros_gz_image:/home/jagdeesh/tracker/install/ros_gz_bridge:/home/jagdeesh/tracker/install/ros_gz_sim:/home/jagdeesh/tracker/install/ros_gz_interfaces:/opt/ros/humble LD_LIBRARY_PATH=/home/jagdeesh/tracker/install/ros_gz_bridge/lib:/home/jagdeesh/tracker/install/ros_gz_sim/lib:/home/jagdeesh/tracker/install/ros_gz_interfaces/lib:${LD_LIBRARY_PATH} PYTHONPATH=/home/jagdeesh/tracker/install/ros_gz_interfaces/local/lib/python3.10/dist-packages:${PYTHONPATH} /usr/bin/cmake --build /home/jagdeesh/tracker/build/ros_gz -- -j12 -l12
[8.232s] DEBUG:colcon.colcon_core.event_handler.log_command:Invoking command in '/home/jagdeesh/tracker/build/ros_gz': AMENT_PREFIX_PATH=/home/jagdeesh/tracker/install/ros_gz_sim_demos:/home/jagdeesh/tracker/install/ros_gz_image:/home/jagdeesh/tracker/install/ros_gz_bridge:/home/jagdeesh/tracker/install/ros_gz_sim:/home/jagdeesh/tracker/install/ros_gz_interfaces:${AMENT_PREFIX_PATH} CMAKE_PREFIX_PATH=/home/jagdeesh/tracker/install/ros_gz_sim_demos:/home/jagdeesh/tracker/install/ros_gz_image:/home/jagdeesh/tracker/install/ros_gz_bridge:/home/jagdeesh/tracker/install/ros_gz_sim:/home/jagdeesh/tracker/install/ros_gz_interfaces:/opt/ros/humble LD_LIBRARY_PATH=/home/jagdeesh/tracker/install/ros_gz_bridge/lib:/home/jagdeesh/tracker/install/ros_gz_sim/lib:/home/jagdeesh/tracker/install/ros_gz_interfaces/lib:${LD_LIBRARY_PATH} PYTHONPATH=/home/jagdeesh/tracker/install/ros_gz_interfaces/local/lib/python3.10/dist-packages:${PYTHONPATH} /usr/bin/cmake --install /home/jagdeesh/tracker/build/ros_gz
[8.250s] Level 1:colcon.colcon_core.environment:create_environment_scripts_only(ros_gz)
[8.250s] Level 1:colcon.colcon_core.environment:checking '/home/jagdeesh/tracker/install/ros_gz' for CMake module files
[8.251s] DEBUG:colcon.colcon_core.event_handler.log_command:Invoked command in '/home/jagdeesh/tracker/build/ros_gz' returned '0': AMENT_PREFIX_PATH=/home/jagdeesh/tracker/install/ros_gz_sim_demos:/home/jagdeesh/tracker/install/ros_gz_image:/home/jagdeesh/tracker/install/ros_gz_bridge:/home/jagdeesh/tracker/install/ros_gz_sim:/home/jagdeesh/tracker/install/ros_gz_interfaces:${AMENT_PREFIX_PATH} CMAKE_PREFIX_PATH=/home/jagdeesh/tracker/install/ros_gz_sim_demos:/home/jagdeesh/tracker/install/ros_gz_image:/home/jagdeesh/tracker/install/ros_gz_bridge:/home/jagdeesh/tracker/install/ros_gz_sim:/home/jagdeesh/tracker/install/ros_gz_interfaces:/opt/ros/humble LD_LIBRARY_PATH=/home/jagdeesh/tracker/install/ros_gz_bridge/lib:/home/jagdeesh/tracker/install/ros_gz_sim/lib:/home/jagdeesh/tracker/install/ros_gz_interfaces/lib:${LD_LIBRARY_PATH} PYTHONPATH=/home/jagdeesh/tracker/install/ros_gz_interfaces/local/lib/python3.10/dist-packages:${PYTHONPATH} /usr/bin/cmake --install /home/jagdeesh/tracker/build/ros_gz
[8.253s] Level 1:colcon.colcon_core.environment:checking '/home/jagdeesh/tracker/install/ros_gz' for CMake config files
[8.253s] Level 1:colcon.colcon_core.shell:create_environment_hook('ros_gz', 'cmake_prefix_path')
[8.254s] INFO:colcon.colcon_core.shell:Creating environment hook '/home/jagdeesh/tracker/install/ros_gz/share/ros_gz/hook/cmake_prefix_path.ps1'
[8.255s] INFO:colcon.colcon_core.shell:Creating environment descriptor '/home/jagdeesh/tracker/install/ros_gz/share/ros_gz/hook/cmake_prefix_path.dsv'
[8.256s] INFO:colcon.colcon_core.shell:Creating environment hook '/home/jagdeesh/tracker/install/ros_gz/share/ros_gz/hook/cmake_prefix_path.sh'
[8.257s] Level 1:colcon.colcon_core.environment:checking '/home/jagdeesh/tracker/install/ros_gz/bin'
[8.257s] Level 1:colcon.colcon_core.environment:checking '/home/jagdeesh/tracker/install/ros_gz/lib/pkgconfig/ros_gz.pc'
[8.257s] Level 1:colcon.colcon_core.environment:checking '/home/jagdeesh/tracker/install/ros_gz/lib/python3.10/site-packages'
[8.258s] Level 1:colcon.colcon_core.environment:checking '/home/jagdeesh/tracker/install/ros_gz/bin'
[8.259s] INFO:colcon.colcon_core.shell:Creating package script '/home/jagdeesh/tracker/install/ros_gz/share/ros_gz/package.ps1'
[8.259s] INFO:colcon.colcon_core.shell:Creating package descriptor '/home/jagdeesh/tracker/install/ros_gz/share/ros_gz/package.dsv'
[8.260s] INFO:colcon.colcon_core.shell:Creating package script '/home/jagdeesh/tracker/install/ros_gz/share/ros_gz/package.sh'
[8.261s] INFO:colcon.colcon_core.shell:Creating package script '/home/jagdeesh/tracker/install/ros_gz/share/ros_gz/package.bash'
[8.262s] INFO:colcon.colcon_core.shell:Creating package script '/home/jagdeesh/tracker/install/ros_gz/share/ros_gz/package.zsh'
[8.262s] Level 1:colcon.colcon_core.environment:create_file_with_runtime_dependencies(/home/jagdeesh/tracker/install/ros_gz/share/colcon-core/packages/ros_gz)
[8.263s] Level 1:colcon.colcon_core.environment:create_environment_scripts_only(ros_gz)
[8.264s] Level 1:colcon.colcon_core.environment:checking '/home/jagdeesh/tracker/install/ros_gz' for CMake module files
[8.265s] Level 1:colcon.colcon_core.environment:checking '/home/jagdeesh/tracker/install/ros_gz' for CMake config files
[8.265s] Level 1:colcon.colcon_core.shell:create_environment_hook('ros_gz', 'cmake_prefix_path')
[8.265s] INFO:colcon.colcon_core.shell:Creating environment hook '/home/jagdeesh/tracker/install/ros_gz/share/ros_gz/hook/cmake_prefix_path.ps1'
[8.266s] INFO:colcon.colcon_core.shell:Creating environment descriptor '/home/jagdeesh/tracker/install/ros_gz/share/ros_gz/hook/cmake_prefix_path.dsv'
[8.267s] INFO:colcon.colcon_core.shell:Creating environment hook '/home/jagdeesh/tracker/install/ros_gz/share/ros_gz/hook/cmake_prefix_path.sh'
[8.268s] Level 1:colcon.colcon_core.environment:checking '/home/jagdeesh/tracker/install/ros_gz/bin'
[8.268s] Level 1:colcon.colcon_core.environment:checking '/home/jagdeesh/tracker/install/ros_gz/lib/pkgconfig/ros_gz.pc'
[8.268s] Level 1:colcon.colcon_core.environment:checking '/home/jagdeesh/tracker/install/ros_gz/lib/python3.10/site-packages'
[8.269s] Level 1:colcon.colcon_core.environment:checking '/home/jagdeesh/tracker/install/ros_gz/bin'
[8.269s] INFO:colcon.colcon_core.shell:Creating package script '/home/jagdeesh/tracker/install/ros_gz/share/ros_gz/package.ps1'
[8.270s] INFO:colcon.colcon_core.shell:Creating package descriptor '/home/jagdeesh/tracker/install/ros_gz/share/ros_gz/package.dsv'
[8.271s] INFO:colcon.colcon_core.shell:Creating package script '/home/jagdeesh/tracker/install/ros_gz/share/ros_gz/package.sh'
[8.272s] INFO:colcon.colcon_core.shell:Creating package script '/home/jagdeesh/tracker/install/ros_gz/share/ros_gz/package.bash'
[8.273s] INFO:colcon.colcon_core.shell:Creating package script '/home/jagdeesh/tracker/install/ros_gz/share/ros_gz/package.zsh'
[8.274s] Level 1:colcon.colcon_core.environment:create_file_with_runtime_dependencies(/home/jagdeesh/tracker/install/ros_gz/share/colcon-core/packages/ros_gz)
[8.274s] INFO:colcon.colcon_ros.task.ament_cmake.build:Building ROS package in '/home/jagdeesh/tracker/src/ros_gz/ros_ign_gazebo_demos' with build type 'ament_cmake'
[8.275s] INFO:colcon.colcon_cmake.task.cmake.build:Building CMake package in '/home/jagdeesh/tracker/src/ros_gz/ros_ign_gazebo_demos'
[8.275s] INFO:colcon.colcon_core.shell:Skip shell extension 'powershell' for command environment: Not usable outside of PowerShell
[8.275s] DEBUG:colcon.colcon_core.shell:Skip shell extension 'dsv' for command environment
[8.299s] DEBUG:colcon.colcon_core.event_handler.log_command:Invoking command in '/home/jagdeesh/tracker/build/ros_ign_gazebo_demos': AMENT_PREFIX_PATH=/home/jagdeesh/tracker/install/ros_gz_sim_demos:/home/jagdeesh/tracker/install/ros_gz_image:/home/jagdeesh/tracker/install/ros_gz_bridge:/home/jagdeesh/tracker/install/ros_gz_sim:/home/jagdeesh/tracker/install/ros_gz_interfaces:${AMENT_PREFIX_PATH} CMAKE_PREFIX_PATH=/home/jagdeesh/tracker/install/ros_gz_sim_demos:/home/jagdeesh/tracker/install/ros_gz_image:/home/jagdeesh/tracker/install/ros_gz_bridge:/home/jagdeesh/tracker/install/ros_gz_sim:/home/jagdeesh/tracker/install/ros_gz_interfaces:/opt/ros/humble LD_LIBRARY_PATH=/home/jagdeesh/tracker/install/ros_gz_bridge/lib:/home/jagdeesh/tracker/install/ros_gz_sim/lib:/home/jagdeesh/tracker/install/ros_gz_interfaces/lib:${LD_LIBRARY_PATH} PYTHONPATH=/home/jagdeesh/tracker/install/ros_gz_interfaces/local/lib/python3.10/dist-packages:${PYTHONPATH} /usr/bin/cmake --build /home/jagdeesh/tracker/build/ros_ign_gazebo_demos -- -j12 -l12
[8.366s] DEBUG:colcon.colcon_core.event_handler.log_command:Invoked command in '/home/jagdeesh/tracker/build/ros_ign_gazebo_demos' returned '0': AMENT_PREFIX_PATH=/home/jagdeesh/tracker/install/ros_gz_sim_demos:/home/jagdeesh/tracker/install/ros_gz_image:/home/jagdeesh/tracker/install/ros_gz_bridge:/home/jagdeesh/tracker/install/ros_gz_sim:/home/jagdeesh/tracker/install/ros_gz_interfaces:${AMENT_PREFIX_PATH} CMAKE_PREFIX_PATH=/home/jagdeesh/tracker/install/ros_gz_sim_demos:/home/jagdeesh/tracker/install/ros_gz_image:/home/jagdeesh/tracker/install/ros_gz_bridge:/home/jagdeesh/tracker/install/ros_gz_sim:/home/jagdeesh/tracker/install/ros_gz_interfaces:/opt/ros/humble LD_LIBRARY_PATH=/home/jagdeesh/tracker/install/ros_gz_bridge/lib:/home/jagdeesh/tracker/install/ros_gz_sim/lib:/home/jagdeesh/tracker/install/ros_gz_interfaces/lib:${LD_LIBRARY_PATH} PYTHONPATH=/home/jagdeesh/tracker/install/ros_gz_interfaces/local/lib/python3.10/dist-packages:${PYTHONPATH} /usr/bin/cmake --build /home/jagdeesh/tracker/build/ros_ign_gazebo_demos -- -j12 -l12
[8.368s] DEBUG:colcon.colcon_core.event_handler.log_command:Invoking command in '/home/jagdeesh/tracker/build/ros_ign_gazebo_demos': AMENT_PREFIX_PATH=/home/jagdeesh/tracker/install/ros_gz_sim_demos:/home/jagdeesh/tracker/install/ros_gz_image:/home/jagdeesh/tracker/install/ros_gz_bridge:/home/jagdeesh/tracker/install/ros_gz_sim:/home/jagdeesh/tracker/install/ros_gz_interfaces:${AMENT_PREFIX_PATH} CMAKE_PREFIX_PATH=/home/jagdeesh/tracker/install/ros_gz_sim_demos:/home/jagdeesh/tracker/install/ros_gz_image:/home/jagdeesh/tracker/install/ros_gz_bridge:/home/jagdeesh/tracker/install/ros_gz_sim:/home/jagdeesh/tracker/install/ros_gz_interfaces:/opt/ros/humble LD_LIBRARY_PATH=/home/jagdeesh/tracker/install/ros_gz_bridge/lib:/home/jagdeesh/tracker/install/ros_gz_sim/lib:/home/jagdeesh/tracker/install/ros_gz_interfaces/lib:${LD_LIBRARY_PATH} PYTHONPATH=/home/jagdeesh/tracker/install/ros_gz_interfaces/local/lib/python3.10/dist-packages:${PYTHONPATH} /usr/bin/cmake --install /home/jagdeesh/tracker/build/ros_ign_gazebo_demos
[8.389s] Level 1:colcon.colcon_core.environment:create_environment_scripts_only(ros_ign_gazebo_demos)
[8.390s] Level 1:colcon.colcon_core.environment:checking '/home/jagdeesh/tracker/install/ros_ign_gazebo_demos' for CMake module files
[8.390s] DEBUG:colcon.colcon_core.event_handler.log_command:Invoked command in '/home/jagdeesh/tracker/build/ros_ign_gazebo_demos' returned '0': AMENT_PREFIX_PATH=/home/jagdeesh/tracker/install/ros_gz_sim_demos:/home/jagdeesh/tracker/install/ros_gz_image:/home/jagdeesh/tracker/install/ros_gz_bridge:/home/jagdeesh/tracker/install/ros_gz_sim:/home/jagdeesh/tracker/install/ros_gz_interfaces:${AMENT_PREFIX_PATH} CMAKE_PREFIX_PATH=/home/jagdeesh/tracker/install/ros_gz_sim_demos:/home/jagdeesh/tracker/install/ros_gz_image:/home/jagdeesh/tracker/install/ros_gz_bridge:/home/jagdeesh/tracker/install/ros_gz_sim:/home/jagdeesh/tracker/install/ros_gz_interfaces:/opt/ros/humble LD_LIBRARY_PATH=/home/jagdeesh/tracker/install/ros_gz_bridge/lib:/home/jagdeesh/tracker/install/ros_gz_sim/lib:/home/jagdeesh/tracker/install/ros_gz_interfaces/lib:${LD_LIBRARY_PATH} PYTHONPATH=/home/jagdeesh/tracker/install/ros_gz_interfaces/local/lib/python3.10/dist-packages:${PYTHONPATH} /usr/bin/cmake --install /home/jagdeesh/tracker/build/ros_ign_gazebo_demos
[8.391s] Level 1:colcon.colcon_core.environment:checking '/home/jagdeesh/tracker/install/ros_ign_gazebo_demos' for CMake config files
[8.391s] Level 1:colcon.colcon_core.shell:create_environment_hook('ros_ign_gazebo_demos', 'cmake_prefix_path')
[8.392s] INFO:colcon.colcon_core.shell:Creating environment hook '/home/jagdeesh/tracker/install/ros_ign_gazebo_demos/share/ros_ign_gazebo_demos/hook/cmake_prefix_path.ps1'
[8.393s] INFO:colcon.colcon_core.shell:Creating environment descriptor '/home/jagdeesh/tracker/install/ros_ign_gazebo_demos/share/ros_ign_gazebo_demos/hook/cmake_prefix_path.dsv'
[8.394s] INFO:colcon.colcon_core.shell:Creating environment hook '/home/jagdeesh/tracker/install/ros_ign_gazebo_demos/share/ros_ign_gazebo_demos/hook/cmake_prefix_path.sh'
[8.395s] Level 1:colcon.colcon_core.environment:checking '/home/jagdeesh/tracker/install/ros_ign_gazebo_demos/bin'
[8.395s] Level 1:colcon.colcon_core.environment:checking '/home/jagdeesh/tracker/install/ros_ign_gazebo_demos/lib/pkgconfig/ros_ign_gazebo_demos.pc'
[8.395s] Level 1:colcon.colcon_core.environment:checking '/home/jagdeesh/tracker/install/ros_ign_gazebo_demos/lib/python3.10/site-packages'
[8.396s] Level 1:colcon.colcon_core.environment:checking '/home/jagdeesh/tracker/install/ros_ign_gazebo_demos/bin'
[8.396s] INFO:colcon.colcon_core.shell:Creating package script '/home/jagdeesh/tracker/install/ros_ign_gazebo_demos/share/ros_ign_gazebo_demos/package.ps1'
[8.397s] INFO:colcon.colcon_core.shell:Creating package descriptor '/home/jagdeesh/tracker/install/ros_ign_gazebo_demos/share/ros_ign_gazebo_demos/package.dsv'
[8.398s] INFO:colcon.colcon_core.shell:Creating package script '/home/jagdeesh/tracker/install/ros_ign_gazebo_demos/share/ros_ign_gazebo_demos/package.sh'
[8.399s] INFO:colcon.colcon_core.shell:Creating package script '/home/jagdeesh/tracker/install/ros_ign_gazebo_demos/share/ros_ign_gazebo_demos/package.bash'
[8.400s] INFO:colcon.colcon_core.shell:Creating package script '/home/jagdeesh/tracker/install/ros_ign_gazebo_demos/share/ros_ign_gazebo_demos/package.zsh'
[8.400s] Level 1:colcon.colcon_core.environment:create_file_with_runtime_dependencies(/home/jagdeesh/tracker/install/ros_ign_gazebo_demos/share/colcon-core/packages/ros_ign_gazebo_demos)
[8.401s] Level 1:colcon.colcon_core.environment:create_environment_scripts_only(ros_ign_gazebo_demos)
[8.402s] Level 1:colcon.colcon_core.environment:checking '/home/jagdeesh/tracker/install/ros_ign_gazebo_demos' for CMake module files
[8.403s] Level 1:colcon.colcon_core.environment:checking '/home/jagdeesh/tracker/install/ros_ign_gazebo_demos' for CMake config files
[8.403s] Level 1:colcon.colcon_core.shell:create_environment_hook('ros_ign_gazebo_demos', 'cmake_prefix_path')
[8.404s] INFO:colcon.colcon_core.shell:Creating environment hook '/home/jagdeesh/tracker/install/ros_ign_gazebo_demos/share/ros_ign_gazebo_demos/hook/cmake_prefix_path.ps1'
[8.404s] INFO:colcon.colcon_core.shell:Creating environment descriptor '/home/jagdeesh/tracker/install/ros_ign_gazebo_demos/share/ros_ign_gazebo_demos/hook/cmake_prefix_path.dsv'
[8.405s] INFO:colcon.colcon_core.shell:Creating environment hook '/home/jagdeesh/tracker/install/ros_ign_gazebo_demos/share/ros_ign_gazebo_demos/hook/cmake_prefix_path.sh'
[8.406s] Level 1:colcon.colcon_core.environment:checking '/home/jagdeesh/tracker/install/ros_ign_gazebo_demos/bin'
[8.406s] Level 1:colcon.colcon_core.environment:checking '/home/jagdeesh/tracker/install/ros_ign_gazebo_demos/lib/pkgconfig/ros_ign_gazebo_demos.pc'
[8.407s] Level 1:colcon.colcon_core.environment:checking '/home/jagdeesh/tracker/install/ros_ign_gazebo_demos/lib/python3.10/site-packages'
[8.408s] Level 1:colcon.colcon_core.environment:checking '/home/jagdeesh/tracker/install/ros_ign_gazebo_demos/bin'
[8.408s] INFO:colcon.colcon_core.shell:Creating package script '/home/jagdeesh/tracker/install/ros_ign_gazebo_demos/share/ros_ign_gazebo_demos/package.ps1'
[8.410s] INFO:colcon.colcon_core.shell:Creating package descriptor '/home/jagdeesh/tracker/install/ros_ign_gazebo_demos/share/ros_ign_gazebo_demos/package.dsv'
[8.411s] INFO:colcon.colcon_core.shell:Creating package script '/home/jagdeesh/tracker/install/ros_ign_gazebo_demos/share/ros_ign_gazebo_demos/package.sh'
[8.412s] INFO:colcon.colcon_core.shell:Creating package script '/home/jagdeesh/tracker/install/ros_ign_gazebo_demos/share/ros_ign_gazebo_demos/package.bash'
[8.413s] INFO:colcon.colcon_core.shell:Creating package script '/home/jagdeesh/tracker/install/ros_ign_gazebo_demos/share/ros_ign_gazebo_demos/package.zsh'
[8.413s] Level 1:colcon.colcon_core.environment:create_file_with_runtime_dependencies(/home/jagdeesh/tracker/install/ros_ign_gazebo_demos/share/colcon-core/packages/ros_ign_gazebo_demos)
[8.415s] INFO:colcon.colcon_ros.task.ament_cmake.build:Building ROS package in '/home/jagdeesh/tracker/fixed_src/aruco_tracker' with build type 'ament_cmake'
[8.415s] INFO:colcon.colcon_cmake.task.cmake.build:Building CMake package in '/home/jagdeesh/tracker/fixed_src/aruco_tracker'
[8.415s] INFO:colcon.colcon_core.shell:Skip shell extension 'powershell' for command environment: Not usable outside of PowerShell
[8.415s] DEBUG:colcon.colcon_core.shell:Skip shell extension 'dsv' for command environment
[8.433s] DEBUG:colcon.colcon_core.event_handler.log_command:Invoking command in '/home/jagdeesh/tracker/build/aruco_tracker': AMENT_PREFIX_PATH=/home/jagdeesh/tracker/install/px4_msgs:/home/jagdeesh/tracker/install/cv_bridge:${AMENT_PREFIX_PATH} CMAKE_PREFIX_PATH=/home/jagdeesh/tracker/install/px4_msgs:/home/jagdeesh/tracker/install/cv_bridge:/opt/ros/humble LD_LIBRARY_PATH=/home/jagdeesh/tracker/install/px4_msgs/lib:/home/jagdeesh/tracker/install/cv_bridge/lib:${LD_LIBRARY_PATH} PYTHONPATH=/home/jagdeesh/tracker/install/px4_msgs/local/lib/python3.10/dist-packages:/home/jagdeesh/tracker/install/cv_bridge/local/lib/python3.10/dist-packages:${PYTHONPATH} /usr/bin/cmake /home/jagdeesh/tracker/fixed_src/aruco_tracker -DCMAKE_BUILD_TYPE=Release -DCMAKE_INSTALL_PREFIX=/home/jagdeesh/tracker/install/aruco_tracker
[8.583s] DEBUG:colcon.colcon_core.event_handler.log_command:Invoked command in '/home/jagdeesh/tracker/build/px4_ros2_cpp' returned '0': AMENT_PREFIX_PATH=/home/jagdeesh/tracker/install/px4_msgs:${AMENT_PREFIX_PATH} CMAKE_PREFIX_PATH=/home/jagdeesh/tracker/install/px4_msgs:/opt/ros/humble LD_LIBRARY_PATH=/home/jagdeesh/tracker/install/px4_msgs/lib:${LD_LIBRARY_PATH} PYTHONPATH=/home/jagdeesh/tracker/install/px4_msgs/local/lib/python3.10/dist-packages:${PYTHONPATH} /usr/bin/cmake --build /home/jagdeesh/tracker/build/px4_ros2_cpp -- -j12 -l12
[8.587s] DEBUG:colcon.colcon_core.event_handler.log_command:Invoking command in '/home/jagdeesh/tracker/build/px4_ros2_cpp': AMENT_PREFIX_PATH=/home/jagdeesh/tracker/install/px4_msgs:${AMENT_PREFIX_PATH} CMAKE_PREFIX_PATH=/home/jagdeesh/tracker/install/px4_msgs:/opt/ros/humble LD_LIBRARY_PATH=/home/jagdeesh/tracker/install/px4_msgs/lib:${LD_LIBRARY_PATH} PYTHONPATH=/home/jagdeesh/tracker/install/px4_msgs/local/lib/python3.10/dist-packages:${PYTHONPATH} /usr/bin/cmake --install /home/jagdeesh/tracker/build/px4_ros2_cpp
[8.613s] Level 1:colcon.colcon_core.environment:create_environment_scripts_only(px4_ros2_cpp)
[8.614s] Level 1:colcon.colcon_core.environment:checking '/home/jagdeesh/tracker/install/px4_ros2_cpp' for CMake module files
[8.619s] DEBUG:colcon.colcon_core.event_handler.log_command:Invoked command in '/home/jagdeesh/tracker/build/px4_ros2_cpp' returned '0': AMENT_PREFIX_PATH=/home/jagdeesh/tracker/install/px4_msgs:${AMENT_PREFIX_PATH} CMAKE_PREFIX_PATH=/home/jagdeesh/tracker/install/px4_msgs:/opt/ros/humble LD_LIBRARY_PATH=/home/jagdeesh/tracker/install/px4_msgs/lib:${LD_LIBRARY_PATH} PYTHONPATH=/home/jagdeesh/tracker/install/px4_msgs/local/lib/python3.10/dist-packages:${PYTHONPATH} /usr/bin/cmake --install /home/jagdeesh/tracker/build/px4_ros2_cpp
[8.620s] Level 1:colcon.colcon_core.environment:checking '/home/jagdeesh/tracker/install/px4_ros2_cpp' for CMake config files
[8.620s] Level 1:colcon.colcon_core.shell:create_environment_hook('px4_ros2_cpp', 'cmake_prefix_path')
[8.620s] INFO:colcon.colcon_core.shell:Creating environment hook '/home/jagdeesh/tracker/install/px4_ros2_cpp/share/px4_ros2_cpp/hook/cmake_prefix_path.ps1'
[8.621s] INFO:colcon.colcon_core.shell:Creating environment descriptor '/home/jagdeesh/tracker/install/px4_ros2_cpp/share/px4_ros2_cpp/hook/cmake_prefix_path.dsv'
[8.622s] INFO:colcon.colcon_core.shell:Creating environment hook '/home/jagdeesh/tracker/install/px4_ros2_cpp/share/px4_ros2_cpp/hook/cmake_prefix_path.sh'
[8.623s] Level 1:colcon.colcon_core.environment:checking '/home/jagdeesh/tracker/install/px4_ros2_cpp/lib'
[8.623s] Level 1:colcon.colcon_core.shell:create_environment_hook('px4_ros2_cpp', 'ld_library_path_lib')
[8.624s] INFO:colcon.colcon_core.shell:Creating environment hook '/home/jagdeesh/tracker/install/px4_ros2_cpp/share/px4_ros2_cpp/hook/ld_library_path_lib.ps1'
[8.624s] INFO:colcon.colcon_core.shell:Creating environment descriptor '/home/jagdeesh/tracker/install/px4_ros2_cpp/share/px4_ros2_cpp/hook/ld_library_path_lib.dsv'
[8.625s] INFO:colcon.colcon_core.shell:Creating environment hook '/home/jagdeesh/tracker/install/px4_ros2_cpp/share/px4_ros2_cpp/hook/ld_library_path_lib.sh'
[8.625s] Level 1:colcon.colcon_core.environment:checking '/home/jagdeesh/tracker/install/px4_ros2_cpp/bin'
[8.625s] Level 1:colcon.colcon_core.environment:checking '/home/jagdeesh/tracker/install/px4_ros2_cpp/lib/pkgconfig/px4_ros2_cpp.pc'
[8.626s] Level 1:colcon.colcon_core.environment:checking '/home/jagdeesh/tracker/install/px4_ros2_cpp/lib/python3.10/site-packages'
[8.626s] Level 1:colcon.colcon_core.environment:checking '/home/jagdeesh/tracker/install/px4_ros2_cpp/bin'
[8.627s] INFO:colcon.colcon_core.shell:Creating package script '/home/jagdeesh/tracker/install/px4_ros2_cpp/share/px4_ros2_cpp/package.ps1'
[8.628s] INFO:colcon.colcon_core.shell:Creating package descriptor '/home/jagdeesh/tracker/install/px4_ros2_cpp/share/px4_ros2_cpp/package.dsv'
[8.629s] INFO:colcon.colcon_core.shell:Creating package script '/home/jagdeesh/tracker/install/px4_ros2_cpp/share/px4_ros2_cpp/package.sh'
[8.630s] INFO:colcon.colcon_core.shell:Creating package script '/home/jagdeesh/tracker/install/px4_ros2_cpp/share/px4_ros2_cpp/package.bash'
[8.631s] INFO:colcon.colcon_core.shell:Creating package script '/home/jagdeesh/tracker/install/px4_ros2_cpp/share/px4_ros2_cpp/package.zsh'
[8.631s] Level 1:colcon.colcon_core.environment:create_file_with_runtime_dependencies(/home/jagdeesh/tracker/install/px4_ros2_cpp/share/colcon-core/packages/px4_ros2_cpp)
[8.633s] Level 1:colcon.colcon_core.environment:create_environment_scripts_only(px4_ros2_cpp)
[8.633s] Level 1:colcon.colcon_core.environment:checking '/home/jagdeesh/tracker/install/px4_ros2_cpp' for CMake module files
[8.634s] Level 1:colcon.colcon_core.environment:checking '/home/jagdeesh/tracker/install/px4_ros2_cpp' for CMake config files
[8.635s] Level 1:colcon.colcon_core.shell:create_environment_hook('px4_ros2_cpp', 'cmake_prefix_path')
[8.635s] INFO:colcon.colcon_core.shell:Creating environment hook '/home/jagdeesh/tracker/install/px4_ros2_cpp/share/px4_ros2_cpp/hook/cmake_prefix_path.ps1'
[8.636s] INFO:colcon.colcon_core.shell:Creating environment descriptor '/home/jagdeesh/tracker/install/px4_ros2_cpp/share/px4_ros2_cpp/hook/cmake_prefix_path.dsv'
[8.638s] INFO:colcon.colcon_core.shell:Creating environment hook '/home/jagdeesh/tracker/install/px4_ros2_cpp/share/px4_ros2_cpp/hook/cmake_prefix_path.sh'
[8.639s] Level 1:colcon.colcon_core.environment:checking '/home/jagdeesh/tracker/install/px4_ros2_cpp/lib'
[8.640s] Level 1:colcon.colcon_core.shell:create_environment_hook('px4_ros2_cpp', 'ld_library_path_lib')
[8.640s] INFO:colcon.colcon_core.shell:Creating environment hook '/home/jagdeesh/tracker/install/px4_ros2_cpp/share/px4_ros2_cpp/hook/ld_library_path_lib.ps1'
[8.641s] INFO:colcon.colcon_core.shell:Creating environment descriptor '/home/jagdeesh/tracker/install/px4_ros2_cpp/share/px4_ros2_cpp/hook/ld_library_path_lib.dsv'
[8.642s] INFO:colcon.colcon_core.shell:Creating environment hook '/home/jagdeesh/tracker/install/px4_ros2_cpp/share/px4_ros2_cpp/hook/ld_library_path_lib.sh'
[8.643s] Level 1:colcon.colcon_core.environment:checking '/home/jagdeesh/tracker/install/px4_ros2_cpp/bin'
[8.643s] Level 1:colcon.colcon_core.environment:checking '/home/jagdeesh/tracker/install/px4_ros2_cpp/lib/pkgconfig/px4_ros2_cpp.pc'
[8.644s] Level 1:colcon.colcon_core.environment:checking '/home/jagdeesh/tracker/install/px4_ros2_cpp/lib/python3.10/site-packages'
[8.644s] Level 1:colcon.colcon_core.environment:checking '/home/jagdeesh/tracker/install/px4_ros2_cpp/bin'
[8.645s] INFO:colcon.colcon_core.shell:Creating package script '/home/jagdeesh/tracker/install/px4_ros2_cpp/share/px4_ros2_cpp/package.ps1'
[8.646s] INFO:colcon.colcon_core.shell:Creating package descriptor '/home/jagdeesh/tracker/install/px4_ros2_cpp/share/px4_ros2_cpp/package.dsv'
[8.646s] INFO:colcon.colcon_core.shell:Creating package script '/home/jagdeesh/tracker/install/px4_ros2_cpp/share/px4_ros2_cpp/package.sh'
[8.647s] INFO:colcon.colcon_core.shell:Creating package script '/home/jagdeesh/tracker/install/px4_ros2_cpp/share/px4_ros2_cpp/package.bash'
[8.648s] INFO:colcon.colcon_core.shell:Creating package script '/home/jagdeesh/tracker/install/px4_ros2_cpp/share/px4_ros2_cpp/package.zsh'
[8.648s] Level 1:colcon.colcon_core.environment:create_file_with_runtime_dependencies(/home/jagdeesh/tracker/install/px4_ros2_cpp/share/colcon-core/packages/px4_ros2_cpp)
[8.649s] INFO:colcon.colcon_ros.task.ament_python.build:Building ROS package in '/home/jagdeesh/tracker/src/vision_opencv/opencv_tests' with build type 'ament_python'
[8.649s] Level 1:colcon.colcon_core.shell:create_environment_hook('opencv_tests', 'ament_prefix_path')
[8.649s] INFO:colcon.colcon_core.shell:Creating environment hook '/home/jagdeesh/tracker/install/opencv_tests/share/opencv_tests/hook/ament_prefix_path.ps1'
[8.651s] INFO:colcon.colcon_core.shell:Creating environment descriptor '/home/jagdeesh/tracker/install/opencv_tests/share/opencv_tests/hook/ament_prefix_path.dsv'
[8.652s] INFO:colcon.colcon_core.shell:Creating environment hook '/home/jagdeesh/tracker/install/opencv_tests/share/opencv_tests/hook/ament_prefix_path.sh'
[8.653s] INFO:colcon.colcon_core.shell:Skip shell extension 'powershell' for command environment: Not usable outside of PowerShell
[8.654s] DEBUG:colcon.colcon_core.shell:Skip shell extension 'dsv' for command environment
[9.197s] INFO:colcon.colcon_core.task.python.build:Building Python package in '/home/jagdeesh/tracker/src/vision_opencv/opencv_tests'
[9.197s] INFO:colcon.colcon_core.shell:Skip shell extension 'powershell' for command environment: Not usable outside of PowerShell
[9.198s] DEBUG:colcon.colcon_core.shell:Skip shell extension 'dsv' for command environment
[9.444s] DEBUG:colcon.colcon_core.event_handler.log_command:Invoked command in '/home/jagdeesh/tracker/build/aruco_tracker' returned '0': AMENT_PREFIX_PATH=/home/jagdeesh/tracker/install/px4_msgs:/home/jagdeesh/tracker/install/cv_bridge:${AMENT_PREFIX_PATH} CMAKE_PREFIX_PATH=/home/jagdeesh/tracker/install/px4_msgs:/home/jagdeesh/tracker/install/cv_bridge:/opt/ros/humble LD_LIBRARY_PATH=/home/jagdeesh/tracker/install/px4_msgs/lib:/home/jagdeesh/tracker/install/cv_bridge/lib:${LD_LIBRARY_PATH} PYTHONPATH=/home/jagdeesh/tracker/install/px4_msgs/local/lib/python3.10/dist-packages:/home/jagdeesh/tracker/install/cv_bridge/local/lib/python3.10/dist-packages:${PYTHONPATH} /usr/bin/cmake /home/jagdeesh/tracker/fixed_src/aruco_tracker -DCMAKE_BUILD_TYPE=Release -DCMAKE_INSTALL_PREFIX=/home/jagdeesh/tracker/install/aruco_tracker
[9.446s] DEBUG:colcon.colcon_core.event_handler.log_command:Invoking command in '/home/jagdeesh/tracker/build/aruco_tracker': AMENT_PREFIX_PATH=/home/jagdeesh/tracker/install/px4_msgs:/home/jagdeesh/tracker/install/cv_bridge:${AMENT_PREFIX_PATH} CMAKE_PREFIX_PATH=/home/jagdeesh/tracker/install/px4_msgs:/home/jagdeesh/tracker/install/cv_bridge:/opt/ros/humble LD_LIBRARY_PATH=/home/jagdeesh/tracker/install/px4_msgs/lib:/home/jagdeesh/tracker/install/cv_bridge/lib:${LD_LIBRARY_PATH} PYTHONPATH=/home/jagdeesh/tracker/install/px4_msgs/local/lib/python3.10/dist-packages:/home/jagdeesh/tracker/install/cv_bridge/local/lib/python3.10/dist-packages:${PYTHONPATH} /usr/bin/cmake --build /home/jagdeesh/tracker/build/aruco_tracker -- -j12 -l12
[9.561s] DEBUG:colcon.colcon_core.event_handler.log_command:Invoked command in '/home/jagdeesh/tracker/build/aruco_tracker' returned '0': AMENT_PREFIX_PATH=/home/jagdeesh/tracker/install/px4_msgs:/home/jagdeesh/tracker/install/cv_bridge:${AMENT_PREFIX_PATH} CMAKE_PREFIX_PATH=/home/jagdeesh/tracker/install/px4_msgs:/home/jagdeesh/tracker/install/cv_bridge:/opt/ros/humble LD_LIBRARY_PATH=/home/jagdeesh/tracker/install/px4_msgs/lib:/home/jagdeesh/tracker/install/cv_bridge/lib:${LD_LIBRARY_PATH} PYTHONPATH=/home/jagdeesh/tracker/install/px4_msgs/local/lib/python3.10/dist-packages:/home/jagdeesh/tracker/install/cv_bridge/local/lib/python3.10/dist-packages:${PYTHONPATH} /usr/bin/cmake --build /home/jagdeesh/tracker/build/aruco_tracker -- -j12 -l12
[9.563s] DEBUG:colcon.colcon_core.event_handler.log_command:Invoking command in '/home/jagdeesh/tracker/build/aruco_tracker': AMENT_PREFIX_PATH=/home/jagdeesh/tracker/install/px4_msgs:/home/jagdeesh/tracker/install/cv_bridge:${AMENT_PREFIX_PATH} CMAKE_PREFIX_PATH=/home/jagdeesh/tracker/install/px4_msgs:/home/jagdeesh/tracker/install/cv_bridge:/opt/ros/humble LD_LIBRARY_PATH=/home/jagdeesh/tracker/install/px4_msgs/lib:/home/jagdeesh/tracker/install/cv_bridge/lib:${LD_LIBRARY_PATH} PYTHONPATH=/home/jagdeesh/tracker/install/px4_msgs/local/lib/python3.10/dist-packages:/home/jagdeesh/tracker/install/cv_bridge/local/lib/python3.10/dist-packages:${PYTHONPATH} /usr/bin/cmake --install /home/jagdeesh/tracker/build/aruco_tracker
[9.581s] Level 1:colcon.colcon_core.environment:create_environment_scripts_only(aruco_tracker)
[9.582s] Level 1:colcon.colcon_core.environment:checking '/home/jagdeesh/tracker/install/aruco_tracker' for CMake module files
[9.583s] DEBUG:colcon.colcon_core.event_handler.log_command:Invoked command in '/home/jagdeesh/tracker/build/aruco_tracker' returned '0': AMENT_PREFIX_PATH=/home/jagdeesh/tracker/install/px4_msgs:/home/jagdeesh/tracker/install/cv_bridge:${AMENT_PREFIX_PATH} CMAKE_PREFIX_PATH=/home/jagdeesh/tracker/install/px4_msgs:/home/jagdeesh/tracker/install/cv_bridge:/opt/ros/humble LD_LIBRARY_PATH=/home/jagdeesh/tracker/install/px4_msgs/lib:/home/jagdeesh/tracker/install/cv_bridge/lib:${LD_LIBRARY_PATH} PYTHONPATH=/home/jagdeesh/tracker/install/px4_msgs/local/lib/python3.10/dist-packages:/home/jagdeesh/tracker/install/cv_bridge/local/lib/python3.10/dist-packages:${PYTHONPATH} /usr/bin/cmake --install /home/jagdeesh/tracker/build/aruco_tracker
[9.584s] Level 1:colcon.colcon_core.environment:checking '/home/jagdeesh/tracker/install/aruco_tracker' for CMake config files
[9.584s] Level 1:colcon.colcon_core.shell:create_environment_hook('aruco_tracker', 'cmake_prefix_path')
[9.585s] INFO:colcon.colcon_core.shell:Creating environment hook '/home/jagdeesh/tracker/install/aruco_tracker/share/aruco_tracker/hook/cmake_prefix_path.ps1'
[9.586s] INFO:colcon.colcon_core.shell:Creating environment descriptor '/home/jagdeesh/tracker/install/aruco_tracker/share/aruco_tracker/hook/cmake_prefix_path.dsv'
[9.588s] INFO:colcon.colcon_core.shell:Creating environment hook '/home/jagdeesh/tracker/install/aruco_tracker/share/aruco_tracker/hook/cmake_prefix_path.sh'
[9.589s] Level 1:colcon.colcon_core.environment:checking '/home/jagdeesh/tracker/install/aruco_tracker/lib'
[9.589s] Level 1:colcon.colcon_core.environment:checking '/home/jagdeesh/tracker/install/aruco_tracker/bin'
[9.589s] Level 1:colcon.colcon_core.environment:checking '/home/jagdeesh/tracker/install/aruco_tracker/lib/pkgconfig/aruco_tracker.pc'
[9.590s] Level 1:colcon.colcon_core.environment:checking '/home/jagdeesh/tracker/install/aruco_tracker/lib/python3.10/site-packages'
[9.591s] Level 1:colcon.colcon_core.environment:checking '/home/jagdeesh/tracker/install/aruco_tracker/bin'
[9.592s] INFO:colcon.colcon_core.shell:Creating package script '/home/jagdeesh/tracker/install/aruco_tracker/share/aruco_tracker/package.ps1'
[9.592s] INFO:colcon.colcon_core.shell:Creating package descriptor '/home/jagdeesh/tracker/install/aruco_tracker/share/aruco_tracker/package.dsv'
[9.593s] INFO:colcon.colcon_core.shell:Creating package script '/home/jagdeesh/tracker/install/aruco_tracker/share/aruco_tracker/package.sh'
[9.594s] INFO:colcon.colcon_core.shell:Creating package script '/home/jagdeesh/tracker/install/aruco_tracker/share/aruco_tracker/package.bash'
[9.594s] INFO:colcon.colcon_core.shell:Creating package script '/home/jagdeesh/tracker/install/aruco_tracker/share/aruco_tracker/package.zsh'
[9.595s] Level 1:colcon.colcon_core.environment:create_file_with_runtime_dependencies(/home/jagdeesh/tracker/install/aruco_tracker/share/colcon-core/packages/aruco_tracker)
[9.596s] Level 1:colcon.colcon_core.environment:create_environment_scripts_only(aruco_tracker)
[9.597s] Level 1:colcon.colcon_core.environment:checking '/home/jagdeesh/tracker/install/aruco_tracker' for CMake module files
[9.597s] Level 1:colcon.colcon_core.environment:checking '/home/jagdeesh/tracker/install/aruco_tracker' for CMake config files
[9.598s] Level 1:colcon.colcon_core.shell:create_environment_hook('aruco_tracker', 'cmake_prefix_path')
[9.598s] INFO:colcon.colcon_core.shell:Creating environment hook '/home/jagdeesh/tracker/install/aruco_tracker/share/aruco_tracker/hook/cmake_prefix_path.ps1'
[9.599s] INFO:colcon.colcon_core.shell:Creating environment descriptor '/home/jagdeesh/tracker/install/aruco_tracker/share/aruco_tracker/hook/cmake_prefix_path.dsv'
[9.600s] INFO:colcon.colcon_core.shell:Creating environment hook '/home/jagdeesh/tracker/install/aruco_tracker/share/aruco_tracker/hook/cmake_prefix_path.sh'
[9.602s] Level 1:colcon.colcon_core.environment:checking '/home/jagdeesh/tracker/install/aruco_tracker/lib'
[9.602s] Level 1:colcon.colcon_core.environment:checking '/home/jagdeesh/tracker/install/aruco_tracker/bin'
[9.602s] Level 1:colcon.colcon_core.environment:checking '/home/jagdeesh/tracker/install/aruco_tracker/lib/pkgconfig/aruco_tracker.pc'
[9.603s] Level 1:colcon.colcon_core.environment:checking '/home/jagdeesh/tracker/install/aruco_tracker/lib/python3.10/site-packages'
[9.603s] Level 1:colcon.colcon_core.environment:checking '/home/jagdeesh/tracker/install/aruco_tracker/bin'
[9.604s] INFO:colcon.colcon_core.shell:Creating package script '/home/jagdeesh/tracker/install/aruco_tracker/share/aruco_tracker/package.ps1'
[9.605s] INFO:colcon.colcon_core.shell:Creating package descriptor '/home/jagdeesh/tracker/install/aruco_tracker/share/aruco_tracker/package.dsv'
[9.606s] INFO:colcon.colcon_core.shell:Creating package script '/home/jagdeesh/tracker/install/aruco_tracker/share/aruco_tracker/package.sh'
[9.607s] INFO:colcon.colcon_core.shell:Creating package script '/home/jagdeesh/tracker/install/aruco_tracker/share/aruco_tracker/package.bash'
[9.608s] INFO:colcon.colcon_core.shell:Creating package script '/home/jagdeesh/tracker/install/aruco_tracker/share/aruco_tracker/package.zsh'
[9.608s] Level 1:colcon.colcon_core.environment:create_file_with_runtime_dependencies(/home/jagdeesh/tracker/install/aruco_tracker/share/colcon-core/packages/aruco_tracker)
[9.609s] INFO:colcon.colcon_ros.task.ament_cmake.build:Building ROS package in '/home/jagdeesh/tracker/src/ros_gz/ros_ign_interfaces' with build type 'ament_cmake'
[9.609s] INFO:colcon.colcon_cmake.task.cmake.build:Building CMake package in '/home/jagdeesh/tracker/src/ros_gz/ros_ign_interfaces'
[9.610s] INFO:colcon.colcon_core.shell:Skip shell extension 'powershell' for command environment: Not usable outside of PowerShell
[9.610s] DEBUG:colcon.colcon_core.shell:Skip shell extension 'dsv' for command environment
[9.630s] DEBUG:colcon.colcon_core.event_handler.log_command:Invoking command in '/home/jagdeesh/tracker/build/ros_ign_interfaces': AMENT_PREFIX_PATH=/home/jagdeesh/tracker/install/ros_gz_interfaces:${AMENT_PREFIX_PATH} CMAKE_PREFIX_PATH=/home/jagdeesh/tracker/install/ros_gz_interfaces:/opt/ros/humble LD_LIBRARY_PATH=/home/jagdeesh/tracker/install/ros_gz_interfaces/lib:${LD_LIBRARY_PATH} PYTHONPATH=/home/jagdeesh/tracker/install/ros_gz_interfaces/local/lib/python3.10/dist-packages:${PYTHONPATH} /usr/bin/cmake --build /home/jagdeesh/tracker/build/ros_ign_interfaces -- -j12 -l12
[10.061s] DEBUG:colcon.colcon_core.event_handler.log_command:Invoking command in '/home/jagdeesh/tracker/src/vision_opencv/opencv_tests': AMENT_PREFIX_PATH=/home/jagdeesh/tracker/install/cv_bridge:${AMENT_PREFIX_PATH} CMAKE_PREFIX_PATH=/home/jagdeesh/tracker/install/cv_bridge LD_LIBRARY_PATH=/home/jagdeesh/tracker/install/cv_bridge/lib:${LD_LIBRARY_PATH} PYTHONPATH=/home/jagdeesh/tracker/build/opencv_tests/prefix_override:/usr/lib/python3/dist-packages/colcon_core/task/python/colcon_distutils_commands:/home/jagdeesh/tracker/install/opencv_tests/lib/python3.10/site-packages:/home/jagdeesh/tracker/install/cv_bridge/local/lib/python3.10/dist-packages:${PYTHONPATH} /usr/bin/python3 -W ignore:setup.py install is deprecated -W ignore:easy_install command is deprecated setup.py egg_info --egg-base ../../../build/opencv_tests build --build-base /home/jagdeesh/tracker/build/opencv_tests/build install --record /home/jagdeesh/tracker/build/opencv_tests/install.log --single-version-externally-managed install_data
[10.600s] Level 1:colcon.colcon_core.environment:checking '/home/jagdeesh/tracker/install/opencv_tests' for CMake module files
[10.601s] DEBUG:colcon.colcon_core.event_handler.log_command:Invoked command in '/home/jagdeesh/tracker/src/vision_opencv/opencv_tests' returned '0': AMENT_PREFIX_PATH=/home/jagdeesh/tracker/install/cv_bridge:${AMENT_PREFIX_PATH} CMAKE_PREFIX_PATH=/home/jagdeesh/tracker/install/cv_bridge LD_LIBRARY_PATH=/home/jagdeesh/tracker/install/cv_bridge/lib:${LD_LIBRARY_PATH} PYTHONPATH=/home/jagdeesh/tracker/build/opencv_tests/prefix_override:/usr/lib/python3/dist-packages/colcon_core/task/python/colcon_distutils_commands:/home/jagdeesh/tracker/install/opencv_tests/lib/python3.10/site-packages:/home/jagdeesh/tracker/install/cv_bridge/local/lib/python3.10/dist-packages:${PYTHONPATH} /usr/bin/python3 -W ignore:setup.py install is deprecated -W ignore:easy_install command is deprecated setup.py egg_info --egg-base ../../../build/opencv_tests build --build-base /home/jagdeesh/tracker/build/opencv_tests/build install --record /home/jagdeesh/tracker/build/opencv_tests/install.log --single-version-externally-managed install_data
[10.601s] Level 1:colcon.colcon_core.environment:checking '/home/jagdeesh/tracker/install/opencv_tests' for CMake config files
[10.603s] Level 1:colcon.colcon_core.environment:checking '/home/jagdeesh/tracker/install/opencv_tests/lib'
[10.603s] Level 1:colcon.colcon_core.environment:checking '/home/jagdeesh/tracker/install/opencv_tests/bin'
[10.603s] Level 1:colcon.colcon_core.environment:checking '/home/jagdeesh/tracker/install/opencv_tests/lib/pkgconfig/opencv_tests.pc'
[10.604s] Level 1:colcon.colcon_core.environment:checking '/home/jagdeesh/tracker/install/opencv_tests/lib/python3.10/site-packages'
[10.604s] Level 1:colcon.colcon_core.shell:create_environment_hook('opencv_tests', 'pythonpath')
[10.604s] INFO:colcon.colcon_core.shell:Creating environment hook '/home/jagdeesh/tracker/install/opencv_tests/share/opencv_tests/hook/pythonpath.ps1'
[10.605s] INFO:colcon.colcon_core.shell:Creating environment descriptor '/home/jagdeesh/tracker/install/opencv_tests/share/opencv_tests/hook/pythonpath.dsv'
[10.606s] INFO:colcon.colcon_core.shell:Creating environment hook '/home/jagdeesh/tracker/install/opencv_tests/share/opencv_tests/hook/pythonpath.sh'
[10.607s] Level 1:colcon.colcon_core.environment:checking '/home/jagdeesh/tracker/install/opencv_tests/bin'
[10.607s] Level 1:colcon.colcon_core.environment:create_environment_scripts_only(opencv_tests)
[10.608s] INFO:colcon.colcon_core.shell:Creating package script '/home/jagdeesh/tracker/install/opencv_tests/share/opencv_tests/package.ps1'
[10.608s] INFO:colcon.colcon_core.shell:Creating package descriptor '/home/jagdeesh/tracker/install/opencv_tests/share/opencv_tests/package.dsv'
[10.609s] INFO:colcon.colcon_core.shell:Creating package script '/home/jagdeesh/tracker/install/opencv_tests/share/opencv_tests/package.sh'
[10.610s] INFO:colcon.colcon_core.shell:Creating package script '/home/jagdeesh/tracker/install/opencv_tests/share/opencv_tests/package.bash'
[10.611s] INFO:colcon.colcon_core.shell:Creating package script '/home/jagdeesh/tracker/install/opencv_tests/share/opencv_tests/package.zsh'
[10.611s] Level 1:colcon.colcon_core.environment:create_file_with_runtime_dependencies(/home/jagdeesh/tracker/install/opencv_tests/share/colcon-core/packages/opencv_tests)
[10.612s] INFO:colcon.colcon_ros.task.ament_cmake.build:Building ROS package in '/home/jagdeesh/tracker/src/vision_opencv/vision_opencv' with build type 'ament_cmake'
[10.612s] INFO:colcon.colcon_cmake.task.cmake.build:Building CMake package in '/home/jagdeesh/tracker/src/vision_opencv/vision_opencv'
[10.613s] INFO:colcon.colcon_core.shell:Skip shell extension 'powershell' for command environment: Not usable outside of PowerShell
[10.613s] DEBUG:colcon.colcon_core.shell:Skip shell extension 'dsv' for command environment
[10.629s] DEBUG:colcon.colcon_core.event_handler.log_command:Invoking command in '/home/jagdeesh/tracker/build/vision_opencv': AMENT_PREFIX_PATH=/home/jagdeesh/tracker/install/image_geometry:/home/jagdeesh/tracker/install/cv_bridge:${AMENT_PREFIX_PATH} CMAKE_PREFIX_PATH=/home/jagdeesh/tracker/install/image_geometry:/home/jagdeesh/tracker/install/cv_bridge:/opt/ros/humble LD_LIBRARY_PATH=/home/jagdeesh/tracker/install/image_geometry/lib:/home/jagdeesh/tracker/install/cv_bridge/lib:${LD_LIBRARY_PATH} PYTHONPATH=/home/jagdeesh/tracker/install/image_geometry/local/lib/python3.10/dist-packages:/home/jagdeesh/tracker/install/cv_bridge/local/lib/python3.10/dist-packages:${PYTHONPATH} /usr/bin/cmake --build /home/jagdeesh/tracker/build/vision_opencv -- -j12 -l12
[10.688s] DEBUG:colcon.colcon_core.event_handler.log_command:Invoked command in '/home/jagdeesh/tracker/build/vision_opencv' returned '0': AMENT_PREFIX_PATH=/home/jagdeesh/tracker/install/image_geometry:/home/jagdeesh/tracker/install/cv_bridge:${AMENT_PREFIX_PATH} CMAKE_PREFIX_PATH=/home/jagdeesh/tracker/install/image_geometry:/home/jagdeesh/tracker/install/cv_bridge:/opt/ros/humble LD_LIBRARY_PATH=/home/jagdeesh/tracker/install/image_geometry/lib:/home/jagdeesh/tracker/install/cv_bridge/lib:${LD_LIBRARY_PATH} PYTHONPATH=/home/jagdeesh/tracker/install/image_geometry/local/lib/python3.10/dist-packages:/home/jagdeesh/tracker/install/cv_bridge/local/lib/python3.10/dist-packages:${PYTHONPATH} /usr/bin/cmake --build /home/jagdeesh/tracker/build/vision_opencv -- -j12 -l12
[10.692s] DEBUG:colcon.colcon_core.event_handler.log_command:Invoking command in '/home/jagdeesh/tracker/build/vision_opencv': AMENT_PREFIX_PATH=/home/jagdeesh/tracker/install/image_geometry:/home/jagdeesh/tracker/install/cv_bridge:${AMENT_PREFIX_PATH} CMAKE_PREFIX_PATH=/home/jagdeesh/tracker/install/image_geometry:/home/jagdeesh/tracker/install/cv_bridge:/opt/ros/humble LD_LIBRARY_PATH=/home/jagdeesh/tracker/install/image_geometry/lib:/home/jagdeesh/tracker/install/cv_bridge/lib:${LD_LIBRARY_PATH} PYTHONPATH=/home/jagdeesh/tracker/install/image_geometry/local/lib/python3.10/dist-packages:/home/jagdeesh/tracker/install/cv_bridge/local/lib/python3.10/dist-packages:${PYTHONPATH} /usr/bin/cmake --install /home/jagdeesh/tracker/build/vision_opencv
[10.707s] Level 1:colcon.colcon_core.environment:create_environment_scripts_only(vision_opencv)
[10.708s] Level 1:colcon.colcon_core.environment:checking '/home/jagdeesh/tracker/install/vision_opencv' for CMake module files
[10.708s] DEBUG:colcon.colcon_core.event_handler.log_command:Invoked command in '/home/jagdeesh/tracker/build/vision_opencv' returned '0': AMENT_PREFIX_PATH=/home/jagdeesh/tracker/install/image_geometry:/home/jagdeesh/tracker/install/cv_bridge:${AMENT_PREFIX_PATH} CMAKE_PREFIX_PATH=/home/jagdeesh/tracker/install/image_geometry:/home/jagdeesh/tracker/install/cv_bridge:/opt/ros/humble LD_LIBRARY_PATH=/home/jagdeesh/tracker/install/image_geometry/lib:/home/jagdeesh/tracker/install/cv_bridge/lib:${LD_LIBRARY_PATH} PYTHONPATH=/home/jagdeesh/tracker/install/image_geometry/local/lib/python3.10/dist-packages:/home/jagdeesh/tracker/install/cv_bridge/local/lib/python3.10/dist-packages:${PYTHONPATH} /usr/bin/cmake --install /home/jagdeesh/tracker/build/vision_opencv
[10.709s] Level 1:colcon.colcon_core.environment:checking '/home/jagdeesh/tracker/install/vision_opencv' for CMake config files
[10.710s] Level 1:colcon.colcon_core.shell:create_environment_hook('vision_opencv', 'cmake_prefix_path')
[10.710s] INFO:colcon.colcon_core.shell:Creating environment hook '/home/jagdeesh/tracker/install/vision_opencv/share/vision_opencv/hook/cmake_prefix_path.ps1'
[10.711s] INFO:colcon.colcon_core.shell:Creating environment descriptor '/home/jagdeesh/tracker/install/vision_opencv/share/vision_opencv/hook/cmake_prefix_path.dsv'
[10.711s] INFO:colcon.colcon_core.shell:Creating environment hook '/home/jagdeesh/tracker/install/vision_opencv/share/vision_opencv/hook/cmake_prefix_path.sh'
[10.712s] Level 1:colcon.colcon_core.environment:checking '/home/jagdeesh/tracker/install/vision_opencv/bin'
[10.712s] Level 1:colcon.colcon_core.environment:checking '/home/jagdeesh/tracker/install/vision_opencv/lib/pkgconfig/vision_opencv.pc'
[10.713s] Level 1:colcon.colcon_core.environment:checking '/home/jagdeesh/tracker/install/vision_opencv/lib/python3.10/site-packages'
[10.713s] Level 1:colcon.colcon_core.environment:checking '/home/jagdeesh/tracker/install/vision_opencv/bin'
[10.714s] INFO:colcon.colcon_core.shell:Creating package script '/home/jagdeesh/tracker/install/vision_opencv/share/vision_opencv/package.ps1'
[10.715s] INFO:colcon.colcon_core.shell:Creating package descriptor '/home/jagdeesh/tracker/install/vision_opencv/share/vision_opencv/package.dsv'
[10.716s] INFO:colcon.colcon_core.shell:Creating package script '/home/jagdeesh/tracker/install/vision_opencv/share/vision_opencv/package.sh'
[10.717s] INFO:colcon.colcon_core.shell:Creating package script '/home/jagdeesh/tracker/install/vision_opencv/share/vision_opencv/package.bash'
[10.718s] INFO:colcon.colcon_core.shell:Creating package script '/home/jagdeesh/tracker/install/vision_opencv/share/vision_opencv/package.zsh'
[10.718s] Level 1:colcon.colcon_core.environment:create_file_with_runtime_dependencies(/home/jagdeesh/tracker/install/vision_opencv/share/colcon-core/packages/vision_opencv)
[10.720s] Level 1:colcon.colcon_core.environment:create_environment_scripts_only(vision_opencv)
[10.720s] Level 1:colcon.colcon_core.environment:checking '/home/jagdeesh/tracker/install/vision_opencv' for CMake module files
[10.721s] Level 1:colcon.colcon_core.environment:checking '/home/jagdeesh/tracker/install/vision_opencv' for CMake config files
[10.722s] Level 1:colcon.colcon_core.shell:create_environment_hook('vision_opencv', 'cmake_prefix_path')
[10.722s] INFO:colcon.colcon_core.shell:Creating environment hook '/home/jagdeesh/tracker/install/vision_opencv/share/vision_opencv/hook/cmake_prefix_path.ps1'
[10.723s] INFO:colcon.colcon_core.shell:Creating environment descriptor '/home/jagdeesh/tracker/install/vision_opencv/share/vision_opencv/hook/cmake_prefix_path.dsv'
[10.724s] INFO:colcon.colcon_core.shell:Creating environment hook '/home/jagdeesh/tracker/install/vision_opencv/share/vision_opencv/hook/cmake_prefix_path.sh'
[10.725s] Level 1:colcon.colcon_core.environment:checking '/home/jagdeesh/tracker/install/vision_opencv/bin'
[10.725s] Level 1:colcon.colcon_core.environment:checking '/home/jagdeesh/tracker/install/vision_opencv/lib/pkgconfig/vision_opencv.pc'
[10.725s] Level 1:colcon.colcon_core.environment:checking '/home/jagdeesh/tracker/install/vision_opencv/lib/python3.10/site-packages'
[10.726s] Level 1:colcon.colcon_core.environment:checking '/home/jagdeesh/tracker/install/vision_opencv/bin'
[10.726s] INFO:colcon.colcon_core.shell:Creating package script '/home/jagdeesh/tracker/install/vision_opencv/share/vision_opencv/package.ps1'
[10.727s] INFO:colcon.colcon_core.shell:Creating package descriptor '/home/jagdeesh/tracker/install/vision_opencv/share/vision_opencv/package.dsv'
[10.728s] INFO:colcon.colcon_core.shell:Creating package script '/home/jagdeesh/tracker/install/vision_opencv/share/vision_opencv/package.sh'
[10.729s] INFO:colcon.colcon_core.shell:Creating package script '/home/jagdeesh/tracker/install/vision_opencv/share/vision_opencv/package.bash'
[10.730s] INFO:colcon.colcon_core.shell:Creating package script '/home/jagdeesh/tracker/install/vision_opencv/share/vision_opencv/package.zsh'
[10.730s] Level 1:colcon.colcon_core.environment:create_file_with_runtime_dependencies(/home/jagdeesh/tracker/install/vision_opencv/share/colcon-core/packages/vision_opencv)
[10.731s] INFO:colcon.colcon_ros.task.ament_cmake.build:Building ROS package in '/home/jagdeesh/tracker/src/px4-ros2-interface-lib/examples/cpp/modes/executor_with_multiple_modes' with build type 'ament_cmake'
[10.731s] INFO:colcon.colcon_cmake.task.cmake.build:Building CMake package in '/home/jagdeesh/tracker/src/px4-ros2-interface-lib/examples/cpp/modes/executor_with_multiple_modes'
[10.732s] INFO:colcon.colcon_core.shell:Skip shell extension 'powershell' for command environment: Not usable outside of PowerShell
[10.732s] DEBUG:colcon.colcon_core.shell:Skip shell extension 'dsv' for command environment
[10.751s] DEBUG:colcon.colcon_core.event_handler.log_command:Invoking command in '/home/jagdeesh/tracker/build/example_executor_with_multiple_modes_cpp': AMENT_PREFIX_PATH=/home/jagdeesh/tracker/install/px4_ros2_cpp:/home/jagdeesh/tracker/install/px4_msgs:${AMENT_PREFIX_PATH} CMAKE_PREFIX_PATH=/home/jagdeesh/tracker/install/px4_ros2_cpp:/home/jagdeesh/tracker/install/px4_msgs:/opt/ros/humble LD_LIBRARY_PATH=/home/jagdeesh/tracker/install/px4_ros2_cpp/lib:/home/jagdeesh/tracker/install/px4_msgs/lib:${LD_LIBRARY_PATH} PYTHONPATH=/home/jagdeesh/tracker/install/px4_msgs/local/lib/python3.10/dist-packages:${PYTHONPATH} /usr/bin/cmake --build /home/jagdeesh/tracker/build/example_executor_with_multiple_modes_cpp -- -j12 -l12
[10.864s] DEBUG:colcon.colcon_core.event_handler.log_command:Invoked command in '/home/jagdeesh/tracker/build/example_executor_with_multiple_modes_cpp' returned '0': AMENT_PREFIX_PATH=/home/jagdeesh/tracker/install/px4_ros2_cpp:/home/jagdeesh/tracker/install/px4_msgs:${AMENT_PREFIX_PATH} CMAKE_PREFIX_PATH=/home/jagdeesh/tracker/install/px4_ros2_cpp:/home/jagdeesh/tracker/install/px4_msgs:/opt/ros/humble LD_LIBRARY_PATH=/home/jagdeesh/tracker/install/px4_ros2_cpp/lib:/home/jagdeesh/tracker/install/px4_msgs/lib:${LD_LIBRARY_PATH} PYTHONPATH=/home/jagdeesh/tracker/install/px4_msgs/local/lib/python3.10/dist-packages:${PYTHONPATH} /usr/bin/cmake --build /home/jagdeesh/tracker/build/example_executor_with_multiple_modes_cpp -- -j12 -l12
[10.866s] DEBUG:colcon.colcon_core.event_handler.log_command:Invoking command in '/home/jagdeesh/tracker/build/example_executor_with_multiple_modes_cpp': AMENT_PREFIX_PATH=/home/jagdeesh/tracker/install/px4_ros2_cpp:/home/jagdeesh/tracker/install/px4_msgs:${AMENT_PREFIX_PATH} CMAKE_PREFIX_PATH=/home/jagdeesh/tracker/install/px4_ros2_cpp:/home/jagdeesh/tracker/install/px4_msgs:/opt/ros/humble LD_LIBRARY_PATH=/home/jagdeesh/tracker/install/px4_ros2_cpp/lib:/home/jagdeesh/tracker/install/px4_msgs/lib:${LD_LIBRARY_PATH} PYTHONPATH=/home/jagdeesh/tracker/install/px4_msgs/local/lib/python3.10/dist-packages:${PYTHONPATH} /usr/bin/cmake --install /home/jagdeesh/tracker/build/example_executor_with_multiple_modes_cpp
[10.882s] Level 1:colcon.colcon_core.environment:create_environment_scripts_only(example_executor_with_multiple_modes_cpp)
[10.883s] Level 1:colcon.colcon_core.environment:checking '/home/jagdeesh/tracker/install/example_executor_with_multiple_modes_cpp' for CMake module files
[10.884s] DEBUG:colcon.colcon_core.event_handler.log_command:Invoked command in '/home/jagdeesh/tracker/build/example_executor_with_multiple_modes_cpp' returned '0': AMENT_PREFIX_PATH=/home/jagdeesh/tracker/install/px4_ros2_cpp:/home/jagdeesh/tracker/install/px4_msgs:${AMENT_PREFIX_PATH} CMAKE_PREFIX_PATH=/home/jagdeesh/tracker/install/px4_ros2_cpp:/home/jagdeesh/tracker/install/px4_msgs:/opt/ros/humble LD_LIBRARY_PATH=/home/jagdeesh/tracker/install/px4_ros2_cpp/lib:/home/jagdeesh/tracker/install/px4_msgs/lib:${LD_LIBRARY_PATH} PYTHONPATH=/home/jagdeesh/tracker/install/px4_msgs/local/lib/python3.10/dist-packages:${PYTHONPATH} /usr/bin/cmake --install /home/jagdeesh/tracker/build/example_executor_with_multiple_modes_cpp
[10.885s] Level 1:colcon.colcon_core.environment:checking '/home/jagdeesh/tracker/install/example_executor_with_multiple_modes_cpp' for CMake config files
[10.885s] Level 1:colcon.colcon_core.shell:create_environment_hook('example_executor_with_multiple_modes_cpp', 'cmake_prefix_path')
[10.886s] INFO:colcon.colcon_core.shell:Creating environment hook '/home/jagdeesh/tracker/install/example_executor_with_multiple_modes_cpp/share/example_executor_with_multiple_modes_cpp/hook/cmake_prefix_path.ps1'
[10.887s] INFO:colcon.colcon_core.shell:Creating environment descriptor '/home/jagdeesh/tracker/install/example_executor_with_multiple_modes_cpp/share/example_executor_with_multiple_modes_cpp/hook/cmake_prefix_path.dsv'
[10.888s] INFO:colcon.colcon_core.shell:Creating environment hook '/home/jagdeesh/tracker/install/example_executor_with_multiple_modes_cpp/share/example_executor_with_multiple_modes_cpp/hook/cmake_prefix_path.sh'
[10.889s] Level 1:colcon.colcon_core.environment:checking '/home/jagdeesh/tracker/install/example_executor_with_multiple_modes_cpp/lib'
[10.889s] Level 1:colcon.colcon_core.environment:checking '/home/jagdeesh/tracker/install/example_executor_with_multiple_modes_cpp/bin'
[10.889s] Level 1:colcon.colcon_core.environment:checking '/home/jagdeesh/tracker/install/example_executor_with_multiple_modes_cpp/lib/pkgconfig/example_executor_with_multiple_modes_cpp.pc'
[10.889s] Level 1:colcon.colcon_core.environment:checking '/home/jagdeesh/tracker/install/example_executor_with_multiple_modes_cpp/lib/python3.10/site-packages'
[10.890s] Level 1:colcon.colcon_core.environment:checking '/home/jagdeesh/tracker/install/example_executor_with_multiple_modes_cpp/bin'
[10.891s] INFO:colcon.colcon_core.shell:Creating package script '/home/jagdeesh/tracker/install/example_executor_with_multiple_modes_cpp/share/example_executor_with_multiple_modes_cpp/package.ps1'
[10.891s] INFO:colcon.colcon_core.shell:Creating package descriptor '/home/jagdeesh/tracker/install/example_executor_with_multiple_modes_cpp/share/example_executor_with_multiple_modes_cpp/package.dsv'
[10.892s] INFO:colcon.colcon_core.shell:Creating package script '/home/jagdeesh/tracker/install/example_executor_with_multiple_modes_cpp/share/example_executor_with_multiple_modes_cpp/package.sh'
[10.893s] INFO:colcon.colcon_core.shell:Creating package script '/home/jagdeesh/tracker/install/example_executor_with_multiple_modes_cpp/share/example_executor_with_multiple_modes_cpp/package.bash'
[10.894s] INFO:colcon.colcon_core.shell:Creating package script '/home/jagdeesh/tracker/install/example_executor_with_multiple_modes_cpp/share/example_executor_with_multiple_modes_cpp/package.zsh'
[10.894s] Level 1:colcon.colcon_core.environment:create_file_with_runtime_dependencies(/home/jagdeesh/tracker/install/example_executor_with_multiple_modes_cpp/share/colcon-core/packages/example_executor_with_multiple_modes_cpp)
[10.895s] Level 1:colcon.colcon_core.environment:create_environment_scripts_only(example_executor_with_multiple_modes_cpp)
[10.895s] Level 1:colcon.colcon_core.environment:checking '/home/jagdeesh/tracker/install/example_executor_with_multiple_modes_cpp' for CMake module files
[10.896s] Level 1:colcon.colcon_core.environment:checking '/home/jagdeesh/tracker/install/example_executor_with_multiple_modes_cpp' for CMake config files
[10.896s] Level 1:colcon.colcon_core.shell:create_environment_hook('example_executor_with_multiple_modes_cpp', 'cmake_prefix_path')
[10.896s] INFO:colcon.colcon_core.shell:Creating environment hook '/home/jagdeesh/tracker/install/example_executor_with_multiple_modes_cpp/share/example_executor_with_multiple_modes_cpp/hook/cmake_prefix_path.ps1'
[10.897s] INFO:colcon.colcon_core.shell:Creating environment descriptor '/home/jagdeesh/tracker/install/example_executor_with_multiple_modes_cpp/share/example_executor_with_multiple_modes_cpp/hook/cmake_prefix_path.dsv'
[10.897s] INFO:colcon.colcon_core.shell:Creating environment hook '/home/jagdeesh/tracker/install/example_executor_with_multiple_modes_cpp/share/example_executor_with_multiple_modes_cpp/hook/cmake_prefix_path.sh'
[10.898s] Level 1:colcon.colcon_core.environment:checking '/home/jagdeesh/tracker/install/example_executor_with_multiple_modes_cpp/lib'
[10.899s] Level 1:colcon.colcon_core.environment:checking '/home/jagdeesh/tracker/install/example_executor_with_multiple_modes_cpp/bin'
[10.899s] Level 1:colcon.colcon_core.environment:checking '/home/jagdeesh/tracker/install/example_executor_with_multiple_modes_cpp/lib/pkgconfig/example_executor_with_multiple_modes_cpp.pc'
[10.899s] Level 1:colcon.colcon_core.environment:checking '/home/jagdeesh/tracker/install/example_executor_with_multiple_modes_cpp/lib/python3.10/site-packages'
[10.900s] Level 1:colcon.colcon_core.environment:checking '/home/jagdeesh/tracker/install/example_executor_with_multiple_modes_cpp/bin'
[10.900s] INFO:colcon.colcon_core.shell:Creating package script '/home/jagdeesh/tracker/install/example_executor_with_multiple_modes_cpp/share/example_executor_with_multiple_modes_cpp/package.ps1'
[10.903s] INFO:colcon.colcon_core.shell:Creating package descriptor '/home/jagdeesh/tracker/install/example_executor_with_multiple_modes_cpp/share/example_executor_with_multiple_modes_cpp/package.dsv'
[10.904s] INFO:colcon.colcon_core.shell:Creating package script '/home/jagdeesh/tracker/install/example_executor_with_multiple_modes_cpp/share/example_executor_with_multiple_modes_cpp/package.sh'
[10.905s] INFO:colcon.colcon_core.shell:Creating package script '/home/jagdeesh/tracker/install/example_executor_with_multiple_modes_cpp/share/example_executor_with_multiple_modes_cpp/package.bash'
[10.906s] INFO:colcon.colcon_core.shell:Creating package script '/home/jagdeesh/tracker/install/example_executor_with_multiple_modes_cpp/share/example_executor_with_multiple_modes_cpp/package.zsh'
[10.907s] Level 1:colcon.colcon_core.environment:create_file_with_runtime_dependencies(/home/jagdeesh/tracker/install/example_executor_with_multiple_modes_cpp/share/colcon-core/packages/example_executor_with_multiple_modes_cpp)
[10.907s] INFO:colcon.colcon_ros.task.ament_cmake.build:Building ROS package in '/home/jagdeesh/tracker/src/px4-ros2-interface-lib/examples/cpp/navigation/global_navigation' with build type 'ament_cmake'
[10.908s] INFO:colcon.colcon_cmake.task.cmake.build:Building CMake package in '/home/jagdeesh/tracker/src/px4-ros2-interface-lib/examples/cpp/navigation/global_navigation'
[10.908s] INFO:colcon.colcon_core.shell:Skip shell extension 'powershell' for command environment: Not usable outside of PowerShell
[10.908s] DEBUG:colcon.colcon_core.shell:Skip shell extension 'dsv' for command environment
[10.927s] DEBUG:colcon.colcon_core.event_handler.log_command:Invoking command in '/home/jagdeesh/tracker/build/example_global_navigation_cpp': AMENT_PREFIX_PATH=/home/jagdeesh/tracker/install/px4_ros2_cpp:/home/jagdeesh/tracker/install/px4_msgs:${AMENT_PREFIX_PATH} CMAKE_PREFIX_PATH=/home/jagdeesh/tracker/install/px4_ros2_cpp:/home/jagdeesh/tracker/install/px4_msgs:/opt/ros/humble LD_LIBRARY_PATH=/home/jagdeesh/tracker/install/px4_ros2_cpp/lib:/home/jagdeesh/tracker/install/px4_msgs/lib:${LD_LIBRARY_PATH} PYTHONPATH=/home/jagdeesh/tracker/install/px4_msgs/local/lib/python3.10/dist-packages:${PYTHONPATH} /usr/bin/cmake --build /home/jagdeesh/tracker/build/example_global_navigation_cpp -- -j12 -l12
[11.031s] DEBUG:colcon.colcon_core.event_handler.log_command:Invoked command in '/home/jagdeesh/tracker/build/example_global_navigation_cpp' returned '0': AMENT_PREFIX_PATH=/home/jagdeesh/tracker/install/px4_ros2_cpp:/home/jagdeesh/tracker/install/px4_msgs:${AMENT_PREFIX_PATH} CMAKE_PREFIX_PATH=/home/jagdeesh/tracker/install/px4_ros2_cpp:/home/jagdeesh/tracker/install/px4_msgs:/opt/ros/humble LD_LIBRARY_PATH=/home/jagdeesh/tracker/install/px4_ros2_cpp/lib:/home/jagdeesh/tracker/install/px4_msgs/lib:${LD_LIBRARY_PATH} PYTHONPATH=/home/jagdeesh/tracker/install/px4_msgs/local/lib/python3.10/dist-packages:${PYTHONPATH} /usr/bin/cmake --build /home/jagdeesh/tracker/build/example_global_navigation_cpp -- -j12 -l12
[11.034s] DEBUG:colcon.colcon_core.event_handler.log_command:Invoking command in '/home/jagdeesh/tracker/build/example_global_navigation_cpp': AMENT_PREFIX_PATH=/home/jagdeesh/tracker/install/px4_ros2_cpp:/home/jagdeesh/tracker/install/px4_msgs:${AMENT_PREFIX_PATH} CMAKE_PREFIX_PATH=/home/jagdeesh/tracker/install/px4_ros2_cpp:/home/jagdeesh/tracker/install/px4_msgs:/opt/ros/humble LD_LIBRARY_PATH=/home/jagdeesh/tracker/install/px4_ros2_cpp/lib:/home/jagdeesh/tracker/install/px4_msgs/lib:${LD_LIBRARY_PATH} PYTHONPATH=/home/jagdeesh/tracker/install/px4_msgs/local/lib/python3.10/dist-packages:${PYTHONPATH} /usr/bin/cmake --install /home/jagdeesh/tracker/build/example_global_navigation_cpp
[11.049s] Level 1:colcon.colcon_core.environment:create_environment_scripts_only(example_global_navigation_cpp)
[11.050s] Level 1:colcon.colcon_core.environment:checking '/home/jagdeesh/tracker/install/example_global_navigation_cpp' for CMake module files
[11.051s] DEBUG:colcon.colcon_core.event_handler.log_command:Invoked command in '/home/jagdeesh/tracker/build/example_global_navigation_cpp' returned '0': AMENT_PREFIX_PATH=/home/jagdeesh/tracker/install/px4_ros2_cpp:/home/jagdeesh/tracker/install/px4_msgs:${AMENT_PREFIX_PATH} CMAKE_PREFIX_PATH=/home/jagdeesh/tracker/install/px4_ros2_cpp:/home/jagdeesh/tracker/install/px4_msgs:/opt/ros/humble LD_LIBRARY_PATH=/home/jagdeesh/tracker/install/px4_ros2_cpp/lib:/home/jagdeesh/tracker/install/px4_msgs/lib:${LD_LIBRARY_PATH} PYTHONPATH=/home/jagdeesh/tracker/install/px4_msgs/local/lib/python3.10/dist-packages:${PYTHONPATH} /usr/bin/cmake --install /home/jagdeesh/tracker/build/example_global_navigation_cpp
[11.052s] Level 1:colcon.colcon_core.environment:checking '/home/jagdeesh/tracker/install/example_global_navigation_cpp' for CMake config files
[11.052s] Level 1:colcon.colcon_core.shell:create_environment_hook('example_global_navigation_cpp', 'cmake_prefix_path')
[11.053s] INFO:colcon.colcon_core.shell:Creating environment hook '/home/jagdeesh/tracker/install/example_global_navigation_cpp/share/example_global_navigation_cpp/hook/cmake_prefix_path.ps1'
[11.054s] INFO:colcon.colcon_core.shell:Creating environment descriptor '/home/jagdeesh/tracker/install/example_global_navigation_cpp/share/example_global_navigation_cpp/hook/cmake_prefix_path.dsv'
[11.055s] INFO:colcon.colcon_core.shell:Creating environment hook '/home/jagdeesh/tracker/install/example_global_navigation_cpp/share/example_global_navigation_cpp/hook/cmake_prefix_path.sh'
[11.056s] Level 1:colcon.colcon_core.environment:checking '/home/jagdeesh/tracker/install/example_global_navigation_cpp/lib'
[11.056s] Level 1:colcon.colcon_core.environment:checking '/home/jagdeesh/tracker/install/example_global_navigation_cpp/bin'
[11.056s] Level 1:colcon.colcon_core.environment:checking '/home/jagdeesh/tracker/install/example_global_navigation_cpp/lib/pkgconfig/example_global_navigation_cpp.pc'
[11.057s] Level 1:colcon.colcon_core.environment:checking '/home/jagdeesh/tracker/install/example_global_navigation_cpp/lib/python3.10/site-packages'
[11.057s] Level 1:colcon.colcon_core.environment:checking '/home/jagdeesh/tracker/install/example_global_navigation_cpp/bin'
[11.058s] INFO:colcon.colcon_core.shell:Creating package script '/home/jagdeesh/tracker/install/example_global_navigation_cpp/share/example_global_navigation_cpp/package.ps1'
[11.059s] INFO:colcon.colcon_core.shell:Creating package descriptor '/home/jagdeesh/tracker/install/example_global_navigation_cpp/share/example_global_navigation_cpp/package.dsv'
[11.059s] INFO:colcon.colcon_core.shell:Creating package script '/home/jagdeesh/tracker/install/example_global_navigation_cpp/share/example_global_navigation_cpp/package.sh'
[11.060s] INFO:colcon.colcon_core.shell:Creating package script '/home/jagdeesh/tracker/install/example_global_navigation_cpp/share/example_global_navigation_cpp/package.bash'
[11.060s] INFO:colcon.colcon_core.shell:Creating package script '/home/jagdeesh/tracker/install/example_global_navigation_cpp/share/example_global_navigation_cpp/package.zsh'
[11.061s] Level 1:colcon.colcon_core.environment:create_file_with_runtime_dependencies(/home/jagdeesh/tracker/install/example_global_navigation_cpp/share/colcon-core/packages/example_global_navigation_cpp)
[11.062s] Level 1:colcon.colcon_core.environment:create_environment_scripts_only(example_global_navigation_cpp)
[11.062s] Level 1:colcon.colcon_core.environment:checking '/home/jagdeesh/tracker/install/example_global_navigation_cpp' for CMake module files
[11.063s] Level 1:colcon.colcon_core.environment:checking '/home/jagdeesh/tracker/install/example_global_navigation_cpp' for CMake config files
[11.064s] Level 1:colcon.colcon_core.shell:create_environment_hook('example_global_navigation_cpp', 'cmake_prefix_path')
[11.064s] INFO:colcon.colcon_core.shell:Creating environment hook '/home/jagdeesh/tracker/install/example_global_navigation_cpp/share/example_global_navigation_cpp/hook/cmake_prefix_path.ps1'
[11.065s] INFO:colcon.colcon_core.shell:Creating environment descriptor '/home/jagdeesh/tracker/install/example_global_navigation_cpp/share/example_global_navigation_cpp/hook/cmake_prefix_path.dsv'
[11.065s] INFO:colcon.colcon_core.shell:Creating environment hook '/home/jagdeesh/tracker/install/example_global_navigation_cpp/share/example_global_navigation_cpp/hook/cmake_prefix_path.sh'
[11.066s] Level 1:colcon.colcon_core.environment:checking '/home/jagdeesh/tracker/install/example_global_navigation_cpp/lib'
[11.066s] Level 1:colcon.colcon_core.environment:checking '/home/jagdeesh/tracker/install/example_global_navigation_cpp/bin'
[11.066s] Level 1:colcon.colcon_core.environment:checking '/home/jagdeesh/tracker/install/example_global_navigation_cpp/lib/pkgconfig/example_global_navigation_cpp.pc'
[11.067s] Level 1:colcon.colcon_core.environment:checking '/home/jagdeesh/tracker/install/example_global_navigation_cpp/lib/python3.10/site-packages'
[11.068s] Level 1:colcon.colcon_core.environment:checking '/home/jagdeesh/tracker/install/example_global_navigation_cpp/bin'
[11.068s] INFO:colcon.colcon_core.shell:Creating package script '/home/jagdeesh/tracker/install/example_global_navigation_cpp/share/example_global_navigation_cpp/package.ps1'
[11.069s] INFO:colcon.colcon_core.shell:Creating package descriptor '/home/jagdeesh/tracker/install/example_global_navigation_cpp/share/example_global_navigation_cpp/package.dsv'
[11.070s] INFO:colcon.colcon_core.shell:Creating package script '/home/jagdeesh/tracker/install/example_global_navigation_cpp/share/example_global_navigation_cpp/package.sh'
[11.071s] INFO:colcon.colcon_core.shell:Creating package script '/home/jagdeesh/tracker/install/example_global_navigation_cpp/share/example_global_navigation_cpp/package.bash'
[11.071s] INFO:colcon.colcon_core.shell:Creating package script '/home/jagdeesh/tracker/install/example_global_navigation_cpp/share/example_global_navigation_cpp/package.zsh'
[11.072s] Level 1:colcon.colcon_core.environment:create_file_with_runtime_dependencies(/home/jagdeesh/tracker/install/example_global_navigation_cpp/share/colcon-core/packages/example_global_navigation_cpp)
[11.073s] INFO:colcon.colcon_ros.task.ament_cmake.build:Building ROS package in '/home/jagdeesh/tracker/src/px4-ros2-interface-lib/examples/cpp/navigation/local_navigation' with build type 'ament_cmake'
[11.073s] INFO:colcon.colcon_cmake.task.cmake.build:Building CMake package in '/home/jagdeesh/tracker/src/px4-ros2-interface-lib/examples/cpp/navigation/local_navigation'
[11.073s] INFO:colcon.colcon_core.shell:Skip shell extension 'powershell' for command environment: Not usable outside of PowerShell
[11.073s] DEBUG:colcon.colcon_core.shell:Skip shell extension 'dsv' for command environment
[11.094s] DEBUG:colcon.colcon_core.event_handler.log_command:Invoking command in '/home/jagdeesh/tracker/build/example_local_navigation_cpp': AMENT_PREFIX_PATH=/home/jagdeesh/tracker/install/px4_ros2_cpp:/home/jagdeesh/tracker/install/px4_msgs:${AMENT_PREFIX_PATH} CMAKE_PREFIX_PATH=/home/jagdeesh/tracker/install/px4_ros2_cpp:/home/jagdeesh/tracker/install/px4_msgs:/opt/ros/humble LD_LIBRARY_PATH=/home/jagdeesh/tracker/install/px4_ros2_cpp/lib:/home/jagdeesh/tracker/install/px4_msgs/lib:${LD_LIBRARY_PATH} PYTHONPATH=/home/jagdeesh/tracker/install/px4_msgs/local/lib/python3.10/dist-packages:${PYTHONPATH} /usr/bin/cmake --build /home/jagdeesh/tracker/build/example_local_navigation_cpp -- -j12 -l12
[11.108s] DEBUG:colcon.colcon_core.event_handler.log_command:Invoked command in '/home/jagdeesh/tracker/build/ros_ign_interfaces' returned '0': AMENT_PREFIX_PATH=/home/jagdeesh/tracker/install/ros_gz_interfaces:${AMENT_PREFIX_PATH} CMAKE_PREFIX_PATH=/home/jagdeesh/tracker/install/ros_gz_interfaces:/opt/ros/humble LD_LIBRARY_PATH=/home/jagdeesh/tracker/install/ros_gz_interfaces/lib:${LD_LIBRARY_PATH} PYTHONPATH=/home/jagdeesh/tracker/install/ros_gz_interfaces/local/lib/python3.10/dist-packages:${PYTHONPATH} /usr/bin/cmake --build /home/jagdeesh/tracker/build/ros_ign_interfaces -- -j12 -l12
[11.112s] DEBUG:colcon.colcon_core.event_handler.log_command:Invoking command in '/home/jagdeesh/tracker/build/ros_ign_interfaces': AMENT_PREFIX_PATH=/home/jagdeesh/tracker/install/ros_gz_interfaces:${AMENT_PREFIX_PATH} CMAKE_PREFIX_PATH=/home/jagdeesh/tracker/install/ros_gz_interfaces:/opt/ros/humble LD_LIBRARY_PATH=/home/jagdeesh/tracker/install/ros_gz_interfaces/lib:${LD_LIBRARY_PATH} PYTHONPATH=/home/jagdeesh/tracker/install/ros_gz_interfaces/local/lib/python3.10/dist-packages:${PYTHONPATH} /usr/bin/cmake --install /home/jagdeesh/tracker/build/ros_ign_interfaces
[11.207s] DEBUG:colcon.colcon_core.event_handler.log_command:Invoked command in '/home/jagdeesh/tracker/build/example_local_navigation_cpp' returned '0': AMENT_PREFIX_PATH=/home/jagdeesh/tracker/install/px4_ros2_cpp:/home/jagdeesh/tracker/install/px4_msgs:${AMENT_PREFIX_PATH} CMAKE_PREFIX_PATH=/home/jagdeesh/tracker/install/px4_ros2_cpp:/home/jagdeesh/tracker/install/px4_msgs:/opt/ros/humble LD_LIBRARY_PATH=/home/jagdeesh/tracker/install/px4_ros2_cpp/lib:/home/jagdeesh/tracker/install/px4_msgs/lib:${LD_LIBRARY_PATH} PYTHONPATH=/home/jagdeesh/tracker/install/px4_msgs/local/lib/python3.10/dist-packages:${PYTHONPATH} /usr/bin/cmake --build /home/jagdeesh/tracker/build/example_local_navigation_cpp -- -j12 -l12
[11.209s] DEBUG:colcon.colcon_core.event_handler.log_command:Invoking command in '/home/jagdeesh/tracker/build/example_local_navigation_cpp': AMENT_PREFIX_PATH=/home/jagdeesh/tracker/install/px4_ros2_cpp:/home/jagdeesh/tracker/install/px4_msgs:${AMENT_PREFIX_PATH} CMAKE_PREFIX_PATH=/home/jagdeesh/tracker/install/px4_ros2_cpp:/home/jagdeesh/tracker/install/px4_msgs:/opt/ros/humble LD_LIBRARY_PATH=/home/jagdeesh/tracker/install/px4_ros2_cpp/lib:/home/jagdeesh/tracker/install/px4_msgs/lib:${LD_LIBRARY_PATH} PYTHONPATH=/home/jagdeesh/tracker/install/px4_msgs/local/lib/python3.10/dist-packages:${PYTHONPATH} /usr/bin/cmake --install /home/jagdeesh/tracker/build/example_local_navigation_cpp
[11.226s] Level 1:colcon.colcon_core.environment:create_environment_scripts_only(example_local_navigation_cpp)
[11.226s] Level 1:colcon.colcon_core.environment:checking '/home/jagdeesh/tracker/install/example_local_navigation_cpp' for CMake module files
[11.227s] DEBUG:colcon.colcon_core.event_handler.log_command:Invoked command in '/home/jagdeesh/tracker/build/example_local_navigation_cpp' returned '0': AMENT_PREFIX_PATH=/home/jagdeesh/tracker/install/px4_ros2_cpp:/home/jagdeesh/tracker/install/px4_msgs:${AMENT_PREFIX_PATH} CMAKE_PREFIX_PATH=/home/jagdeesh/tracker/install/px4_ros2_cpp:/home/jagdeesh/tracker/install/px4_msgs:/opt/ros/humble LD_LIBRARY_PATH=/home/jagdeesh/tracker/install/px4_ros2_cpp/lib:/home/jagdeesh/tracker/install/px4_msgs/lib:${LD_LIBRARY_PATH} PYTHONPATH=/home/jagdeesh/tracker/install/px4_msgs/local/lib/python3.10/dist-packages:${PYTHONPATH} /usr/bin/cmake --install /home/jagdeesh/tracker/build/example_local_navigation_cpp
[11.228s] Level 1:colcon.colcon_core.environment:checking '/home/jagdeesh/tracker/install/example_local_navigation_cpp' for CMake config files
[11.228s] Level 1:colcon.colcon_core.shell:create_environment_hook('example_local_navigation_cpp', 'cmake_prefix_path')
[11.228s] INFO:colcon.colcon_core.shell:Creating environment hook '/home/jagdeesh/tracker/install/example_local_navigation_cpp/share/example_local_navigation_cpp/hook/cmake_prefix_path.ps1'
[11.229s] INFO:colcon.colcon_core.shell:Creating environment descriptor '/home/jagdeesh/tracker/install/example_local_navigation_cpp/share/example_local_navigation_cpp/hook/cmake_prefix_path.dsv'
[11.230s] INFO:colcon.colcon_core.shell:Creating environment hook '/home/jagdeesh/tracker/install/example_local_navigation_cpp/share/example_local_navigation_cpp/hook/cmake_prefix_path.sh'
[11.230s] Level 1:colcon.colcon_core.environment:checking '/home/jagdeesh/tracker/install/example_local_navigation_cpp/lib'
[11.230s] Level 1:colcon.colcon_core.environment:checking '/home/jagdeesh/tracker/install/example_local_navigation_cpp/bin'
[11.231s] Level 1:colcon.colcon_core.environment:checking '/home/jagdeesh/tracker/install/example_local_navigation_cpp/lib/pkgconfig/example_local_navigation_cpp.pc'
[11.231s] Level 1:colcon.colcon_core.environment:checking '/home/jagdeesh/tracker/install/example_local_navigation_cpp/lib/python3.10/site-packages'
[11.231s] Level 1:colcon.colcon_core.environment:checking '/home/jagdeesh/tracker/install/example_local_navigation_cpp/bin'
[11.232s] INFO:colcon.colcon_core.shell:Creating package script '/home/jagdeesh/tracker/install/example_local_navigation_cpp/share/example_local_navigation_cpp/package.ps1'
[11.233s] INFO:colcon.colcon_core.shell:Creating package descriptor '/home/jagdeesh/tracker/install/example_local_navigation_cpp/share/example_local_navigation_cpp/package.dsv'
[11.233s] INFO:colcon.colcon_core.shell:Creating package script '/home/jagdeesh/tracker/install/example_local_navigation_cpp/share/example_local_navigation_cpp/package.sh'
[11.234s] INFO:colcon.colcon_core.shell:Creating package script '/home/jagdeesh/tracker/install/example_local_navigation_cpp/share/example_local_navigation_cpp/package.bash'
[11.234s] INFO:colcon.colcon_core.shell:Creating package script '/home/jagdeesh/tracker/install/example_local_navigation_cpp/share/example_local_navigation_cpp/package.zsh'
[11.235s] Level 1:colcon.colcon_core.environment:create_file_with_runtime_dependencies(/home/jagdeesh/tracker/install/example_local_navigation_cpp/share/colcon-core/packages/example_local_navigation_cpp)
[11.236s] Level 1:colcon.colcon_core.environment:create_environment_scripts_only(example_local_navigation_cpp)
[11.236s] Level 1:colcon.colcon_core.environment:checking '/home/jagdeesh/tracker/install/example_local_navigation_cpp' for CMake module files
[11.237s] Level 1:colcon.colcon_core.environment:checking '/home/jagdeesh/tracker/install/example_local_navigation_cpp' for CMake config files
[11.237s] Level 1:colcon.colcon_core.shell:create_environment_hook('example_local_navigation_cpp', 'cmake_prefix_path')
[11.238s] INFO:colcon.colcon_core.shell:Creating environment hook '/home/jagdeesh/tracker/install/example_local_navigation_cpp/share/example_local_navigation_cpp/hook/cmake_prefix_path.ps1'
[11.238s] INFO:colcon.colcon_core.shell:Creating environment descriptor '/home/jagdeesh/tracker/install/example_local_navigation_cpp/share/example_local_navigation_cpp/hook/cmake_prefix_path.dsv'
[11.239s] INFO:colcon.colcon_core.shell:Creating environment hook '/home/jagdeesh/tracker/install/example_local_navigation_cpp/share/example_local_navigation_cpp/hook/cmake_prefix_path.sh'
[11.240s] Level 1:colcon.colcon_core.environment:checking '/home/jagdeesh/tracker/install/example_local_navigation_cpp/lib'
[11.240s] Level 1:colcon.colcon_core.environment:checking '/home/jagdeesh/tracker/install/example_local_navigation_cpp/bin'
[11.240s] Level 1:colcon.colcon_core.environment:checking '/home/jagdeesh/tracker/install/example_local_navigation_cpp/lib/pkgconfig/example_local_navigation_cpp.pc'
[11.241s] Level 1:colcon.colcon_core.environment:checking '/home/jagdeesh/tracker/install/example_local_navigation_cpp/lib/python3.10/site-packages'
[11.241s] Level 1:colcon.colcon_core.environment:checking '/home/jagdeesh/tracker/install/example_local_navigation_cpp/bin'
[11.242s] INFO:colcon.colcon_core.shell:Creating package script '/home/jagdeesh/tracker/install/example_local_navigation_cpp/share/example_local_navigation_cpp/package.ps1'
[11.242s] INFO:colcon.colcon_core.shell:Creating package descriptor '/home/jagdeesh/tracker/install/example_local_navigation_cpp/share/example_local_navigation_cpp/package.dsv'
[11.243s] INFO:colcon.colcon_core.shell:Creating package script '/home/jagdeesh/tracker/install/example_local_navigation_cpp/share/example_local_navigation_cpp/package.sh'
[11.244s] INFO:colcon.colcon_core.shell:Creating package script '/home/jagdeesh/tracker/install/example_local_navigation_cpp/share/example_local_navigation_cpp/package.bash'
[11.244s] INFO:colcon.colcon_core.shell:Creating package script '/home/jagdeesh/tracker/install/example_local_navigation_cpp/share/example_local_navigation_cpp/package.zsh'
[11.245s] Level 1:colcon.colcon_core.environment:create_file_with_runtime_dependencies(/home/jagdeesh/tracker/install/example_local_navigation_cpp/share/colcon-core/packages/example_local_navigation_cpp)
[11.246s] INFO:colcon.colcon_ros.task.ament_cmake.build:Building ROS package in '/home/jagdeesh/tracker/src/px4-ros2-interface-lib/examples/cpp/modes/fw_attitude' with build type 'ament_cmake'
[11.246s] INFO:colcon.colcon_cmake.task.cmake.build:Building CMake package in '/home/jagdeesh/tracker/src/px4-ros2-interface-lib/examples/cpp/modes/fw_attitude'
[11.247s] INFO:colcon.colcon_core.shell:Skip shell extension 'powershell' for command environment: Not usable outside of PowerShell
[11.247s] DEBUG:colcon.colcon_core.shell:Skip shell extension 'dsv' for command environment
[11.253s] Level 1:colcon.colcon_core.environment:create_environment_scripts_only(ros_ign_interfaces)
[11.254s] Level 1:colcon.colcon_core.environment:checking '/home/jagdeesh/tracker/install/ros_ign_interfaces' for CMake module files
[11.260s] DEBUG:colcon.colcon_core.event_handler.log_command:Invoked command in '/home/jagdeesh/tracker/build/ros_ign_interfaces' returned '0': AMENT_PREFIX_PATH=/home/jagdeesh/tracker/install/ros_gz_interfaces:${AMENT_PREFIX_PATH} CMAKE_PREFIX_PATH=/home/jagdeesh/tracker/install/ros_gz_interfaces:/opt/ros/humble LD_LIBRARY_PATH=/home/jagdeesh/tracker/install/ros_gz_interfaces/lib:${LD_LIBRARY_PATH} PYTHONPATH=/home/jagdeesh/tracker/install/ros_gz_interfaces/local/lib/python3.10/dist-packages:${PYTHONPATH} /usr/bin/cmake --install /home/jagdeesh/tracker/build/ros_ign_interfaces
[11.261s] Level 1:colcon.colcon_core.environment:checking '/home/jagdeesh/tracker/install/ros_ign_interfaces' for CMake config files
[11.261s] Level 1:colcon.colcon_core.shell:create_environment_hook('ros_ign_interfaces', 'cmake_prefix_path')
[11.262s] INFO:colcon.colcon_core.shell:Creating environment hook '/home/jagdeesh/tracker/install/ros_ign_interfaces/share/ros_ign_interfaces/hook/cmake_prefix_path.ps1'
[11.262s] INFO:colcon.colcon_core.shell:Creating environment descriptor '/home/jagdeesh/tracker/install/ros_ign_interfaces/share/ros_ign_interfaces/hook/cmake_prefix_path.dsv'
[11.263s] INFO:colcon.colcon_core.shell:Creating environment hook '/home/jagdeesh/tracker/install/ros_ign_interfaces/share/ros_ign_interfaces/hook/cmake_prefix_path.sh'
[11.264s] Level 1:colcon.colcon_core.environment:checking '/home/jagdeesh/tracker/install/ros_ign_interfaces/lib'
[11.264s] Level 1:colcon.colcon_core.shell:create_environment_hook('ros_ign_interfaces', 'ld_library_path_lib')
[11.265s] INFO:colcon.colcon_core.shell:Creating environment hook '/home/jagdeesh/tracker/install/ros_ign_interfaces/share/ros_ign_interfaces/hook/ld_library_path_lib.ps1'
[11.265s] INFO:colcon.colcon_core.shell:Creating environment descriptor '/home/jagdeesh/tracker/install/ros_ign_interfaces/share/ros_ign_interfaces/hook/ld_library_path_lib.dsv'
[11.266s] INFO:colcon.colcon_core.shell:Creating environment hook '/home/jagdeesh/tracker/install/ros_ign_interfaces/share/ros_ign_interfaces/hook/ld_library_path_lib.sh'
[11.267s] Level 1:colcon.colcon_core.environment:checking '/home/jagdeesh/tracker/install/ros_ign_interfaces/bin'
[11.267s] Level 1:colcon.colcon_core.environment:checking '/home/jagdeesh/tracker/install/ros_ign_interfaces/lib/pkgconfig/ros_ign_interfaces.pc'
[11.267s] Level 1:colcon.colcon_core.environment:checking '/home/jagdeesh/tracker/install/ros_ign_interfaces/lib/python3.10/site-packages'
[11.268s] Level 1:colcon.colcon_core.environment:checking '/home/jagdeesh/tracker/install/ros_ign_interfaces/bin'
[11.269s] INFO:colcon.colcon_core.shell:Creating package script '/home/jagdeesh/tracker/install/ros_ign_interfaces/share/ros_ign_interfaces/package.ps1'
[11.270s] INFO:colcon.colcon_core.shell:Creating package descriptor '/home/jagdeesh/tracker/install/ros_ign_interfaces/share/ros_ign_interfaces/package.dsv'
[11.271s] INFO:colcon.colcon_core.shell:Creating package script '/home/jagdeesh/tracker/install/ros_ign_interfaces/share/ros_ign_interfaces/package.sh'
[11.272s] INFO:colcon.colcon_core.shell:Creating package script '/home/jagdeesh/tracker/install/ros_ign_interfaces/share/ros_ign_interfaces/package.bash'
[11.273s] INFO:colcon.colcon_core.shell:Creating package script '/home/jagdeesh/tracker/install/ros_ign_interfaces/share/ros_ign_interfaces/package.zsh'
[11.274s] Level 1:colcon.colcon_core.environment:create_file_with_runtime_dependencies(/home/jagdeesh/tracker/install/ros_ign_interfaces/share/colcon-core/packages/ros_ign_interfaces)
[11.275s] Level 1:colcon.colcon_core.environment:create_environment_scripts_only(ros_ign_interfaces)
[11.275s] Level 1:colcon.colcon_core.environment:checking '/home/jagdeesh/tracker/install/ros_ign_interfaces' for CMake module files
[11.277s] Level 1:colcon.colcon_core.environment:checking '/home/jagdeesh/tracker/install/ros_ign_interfaces' for CMake config files
[11.277s] Level 1:colcon.colcon_core.shell:create_environment_hook('ros_ign_interfaces', 'cmake_prefix_path')
[11.278s] INFO:colcon.colcon_core.shell:Creating environment hook '/home/jagdeesh/tracker/install/ros_ign_interfaces/share/ros_ign_interfaces/hook/cmake_prefix_path.ps1'
[11.278s] INFO:colcon.colcon_core.shell:Creating environment descriptor '/home/jagdeesh/tracker/install/ros_ign_interfaces/share/ros_ign_interfaces/hook/cmake_prefix_path.dsv'
[11.279s] INFO:colcon.colcon_core.shell:Creating environment hook '/home/jagdeesh/tracker/install/ros_ign_interfaces/share/ros_ign_interfaces/hook/cmake_prefix_path.sh'
[11.280s] Level 1:colcon.colcon_core.environment:checking '/home/jagdeesh/tracker/install/ros_ign_interfaces/lib'
[11.280s] Level 1:colcon.colcon_core.shell:create_environment_hook('ros_ign_interfaces', 'ld_library_path_lib')
[11.281s] INFO:colcon.colcon_core.shell:Creating environment hook '/home/jagdeesh/tracker/install/ros_ign_interfaces/share/ros_ign_interfaces/hook/ld_library_path_lib.ps1'
[11.281s] INFO:colcon.colcon_core.shell:Creating environment descriptor '/home/jagdeesh/tracker/install/ros_ign_interfaces/share/ros_ign_interfaces/hook/ld_library_path_lib.dsv'
[11.282s] INFO:colcon.colcon_core.shell:Creating environment hook '/home/jagdeesh/tracker/install/ros_ign_interfaces/share/ros_ign_interfaces/hook/ld_library_path_lib.sh'
[11.282s] Level 1:colcon.colcon_core.environment:checking '/home/jagdeesh/tracker/install/ros_ign_interfaces/bin'
[11.283s] Level 1:colcon.colcon_core.environment:checking '/home/jagdeesh/tracker/install/ros_ign_interfaces/lib/pkgconfig/ros_ign_interfaces.pc'
[11.283s] Level 1:colcon.colcon_core.environment:checking '/home/jagdeesh/tracker/install/ros_ign_interfaces/lib/python3.10/site-packages'
[11.284s] Level 1:colcon.colcon_core.environment:checking '/home/jagdeesh/tracker/install/ros_ign_interfaces/bin'
[11.284s] INFO:colcon.colcon_core.shell:Creating package script '/home/jagdeesh/tracker/install/ros_ign_interfaces/share/ros_ign_interfaces/package.ps1'
[11.286s] INFO:colcon.colcon_core.shell:Creating package descriptor '/home/jagdeesh/tracker/install/ros_ign_interfaces/share/ros_ign_interfaces/package.dsv'
[11.287s] INFO:colcon.colcon_core.shell:Creating package script '/home/jagdeesh/tracker/install/ros_ign_interfaces/share/ros_ign_interfaces/package.sh'
[11.287s] INFO:colcon.colcon_core.shell:Creating package script '/home/jagdeesh/tracker/install/ros_ign_interfaces/share/ros_ign_interfaces/package.bash'
[11.288s] INFO:colcon.colcon_core.shell:Creating package script '/home/jagdeesh/tracker/install/ros_ign_interfaces/share/ros_ign_interfaces/package.zsh'
[11.289s] Level 1:colcon.colcon_core.environment:create_file_with_runtime_dependencies(/home/jagdeesh/tracker/install/ros_ign_interfaces/share/colcon-core/packages/ros_ign_interfaces)
[11.290s] INFO:colcon.colcon_ros.task.ament_cmake.build:Building ROS package in '/home/jagdeesh/tracker/src/px4-ros2-interface-lib/examples/cpp/modes/goto' with build type 'ament_cmake'
[11.290s] INFO:colcon.colcon_cmake.task.cmake.build:Building CMake package in '/home/jagdeesh/tracker/src/px4-ros2-interface-lib/examples/cpp/modes/goto'
[11.291s] INFO:colcon.colcon_core.shell:Skip shell extension 'powershell' for command environment: Not usable outside of PowerShell
[11.291s] DEBUG:colcon.colcon_core.shell:Skip shell extension 'dsv' for command environment
[11.299s] DEBUG:colcon.colcon_core.event_handler.log_command:Invoking command in '/home/jagdeesh/tracker/build/example_mode_fw_attitude_cpp': AMENT_PREFIX_PATH=/home/jagdeesh/tracker/install/px4_ros2_cpp:/home/jagdeesh/tracker/install/px4_msgs:${AMENT_PREFIX_PATH} CMAKE_PREFIX_PATH=/home/jagdeesh/tracker/install/px4_ros2_cpp:/home/jagdeesh/tracker/install/px4_msgs:/opt/ros/humble LD_LIBRARY_PATH=/home/jagdeesh/tracker/install/px4_ros2_cpp/lib:/home/jagdeesh/tracker/install/px4_msgs/lib:${LD_LIBRARY_PATH} PYTHONPATH=/home/jagdeesh/tracker/install/px4_msgs/local/lib/python3.10/dist-packages:${PYTHONPATH} /usr/bin/cmake --build /home/jagdeesh/tracker/build/example_mode_fw_attitude_cpp -- -j12 -l12
[11.309s] DEBUG:colcon.colcon_core.event_handler.log_command:Invoking command in '/home/jagdeesh/tracker/build/example_mode_goto_cpp': AMENT_PREFIX_PATH=/home/jagdeesh/tracker/install/px4_ros2_cpp:/home/jagdeesh/tracker/install/px4_msgs:${AMENT_PREFIX_PATH} CMAKE_PREFIX_PATH=/home/jagdeesh/tracker/install/px4_ros2_cpp:/home/jagdeesh/tracker/install/px4_msgs:/opt/ros/humble LD_LIBRARY_PATH=/home/jagdeesh/tracker/install/px4_ros2_cpp/lib:/home/jagdeesh/tracker/install/px4_msgs/lib:${LD_LIBRARY_PATH} PYTHONPATH=/home/jagdeesh/tracker/install/px4_msgs/local/lib/python3.10/dist-packages:${PYTHONPATH} /usr/bin/cmake --build /home/jagdeesh/tracker/build/example_mode_goto_cpp -- -j12 -l12
[11.413s] DEBUG:colcon.colcon_core.event_handler.log_command:Invoked command in '/home/jagdeesh/tracker/build/example_mode_fw_attitude_cpp' returned '0': AMENT_PREFIX_PATH=/home/jagdeesh/tracker/install/px4_ros2_cpp:/home/jagdeesh/tracker/install/px4_msgs:${AMENT_PREFIX_PATH} CMAKE_PREFIX_PATH=/home/jagdeesh/tracker/install/px4_ros2_cpp:/home/jagdeesh/tracker/install/px4_msgs:/opt/ros/humble LD_LIBRARY_PATH=/home/jagdeesh/tracker/install/px4_ros2_cpp/lib:/home/jagdeesh/tracker/install/px4_msgs/lib:${LD_LIBRARY_PATH} PYTHONPATH=/home/jagdeesh/tracker/install/px4_msgs/local/lib/python3.10/dist-packages:${PYTHONPATH} /usr/bin/cmake --build /home/jagdeesh/tracker/build/example_mode_fw_attitude_cpp -- -j12 -l12
[11.416s] DEBUG:colcon.colcon_core.event_handler.log_command:Invoking command in '/home/jagdeesh/tracker/build/example_mode_fw_attitude_cpp': AMENT_PREFIX_PATH=/home/jagdeesh/tracker/install/px4_ros2_cpp:/home/jagdeesh/tracker/install/px4_msgs:${AMENT_PREFIX_PATH} CMAKE_PREFIX_PATH=/home/jagdeesh/tracker/install/px4_ros2_cpp:/home/jagdeesh/tracker/install/px4_msgs:/opt/ros/humble LD_LIBRARY_PATH=/home/jagdeesh/tracker/install/px4_ros2_cpp/lib:/home/jagdeesh/tracker/install/px4_msgs/lib:${LD_LIBRARY_PATH} PYTHONPATH=/home/jagdeesh/tracker/install/px4_msgs/local/lib/python3.10/dist-packages:${PYTHONPATH} /usr/bin/cmake --install /home/jagdeesh/tracker/build/example_mode_fw_attitude_cpp
[11.423s] DEBUG:colcon.colcon_core.event_handler.log_command:Invoked command in '/home/jagdeesh/tracker/build/example_mode_goto_cpp' returned '0': AMENT_PREFIX_PATH=/home/jagdeesh/tracker/install/px4_ros2_cpp:/home/jagdeesh/tracker/install/px4_msgs:${AMENT_PREFIX_PATH} CMAKE_PREFIX_PATH=/home/jagdeesh/tracker/install/px4_ros2_cpp:/home/jagdeesh/tracker/install/px4_msgs:/opt/ros/humble LD_LIBRARY_PATH=/home/jagdeesh/tracker/install/px4_ros2_cpp/lib:/home/jagdeesh/tracker/install/px4_msgs/lib:${LD_LIBRARY_PATH} PYTHONPATH=/home/jagdeesh/tracker/install/px4_msgs/local/lib/python3.10/dist-packages:${PYTHONPATH} /usr/bin/cmake --build /home/jagdeesh/tracker/build/example_mode_goto_cpp -- -j12 -l12
[11.424s] DEBUG:colcon.colcon_core.event_handler.log_command:Invoking command in '/home/jagdeesh/tracker/build/example_mode_goto_cpp': AMENT_PREFIX_PATH=/home/jagdeesh/tracker/install/px4_ros2_cpp:/home/jagdeesh/tracker/install/px4_msgs:${AMENT_PREFIX_PATH} CMAKE_PREFIX_PATH=/home/jagdeesh/tracker/install/px4_ros2_cpp:/home/jagdeesh/tracker/install/px4_msgs:/opt/ros/humble LD_LIBRARY_PATH=/home/jagdeesh/tracker/install/px4_ros2_cpp/lib:/home/jagdeesh/tracker/install/px4_msgs/lib:${LD_LIBRARY_PATH} PYTHONPATH=/home/jagdeesh/tracker/install/px4_msgs/local/lib/python3.10/dist-packages:${PYTHONPATH} /usr/bin/cmake --install /home/jagdeesh/tracker/build/example_mode_goto_cpp
[11.430s] Level 1:colcon.colcon_core.environment:create_environment_scripts_only(example_mode_fw_attitude_cpp)
[11.430s] Level 1:colcon.colcon_core.environment:checking '/home/jagdeesh/tracker/install/example_mode_fw_attitude_cpp' for CMake module files
[11.431s] DEBUG:colcon.colcon_core.event_handler.log_command:Invoked command in '/home/jagdeesh/tracker/build/example_mode_fw_attitude_cpp' returned '0': AMENT_PREFIX_PATH=/home/jagdeesh/tracker/install/px4_ros2_cpp:/home/jagdeesh/tracker/install/px4_msgs:${AMENT_PREFIX_PATH} CMAKE_PREFIX_PATH=/home/jagdeesh/tracker/install/px4_ros2_cpp:/home/jagdeesh/tracker/install/px4_msgs:/opt/ros/humble LD_LIBRARY_PATH=/home/jagdeesh/tracker/install/px4_ros2_cpp/lib:/home/jagdeesh/tracker/install/px4_msgs/lib:${LD_LIBRARY_PATH} PYTHONPATH=/home/jagdeesh/tracker/install/px4_msgs/local/lib/python3.10/dist-packages:${PYTHONPATH} /usr/bin/cmake --install /home/jagdeesh/tracker/build/example_mode_fw_attitude_cpp
[11.432s] Level 1:colcon.colcon_core.environment:checking '/home/jagdeesh/tracker/install/example_mode_fw_attitude_cpp' for CMake config files
[11.432s] Level 1:colcon.colcon_core.shell:create_environment_hook('example_mode_fw_attitude_cpp', 'cmake_prefix_path')
[11.433s] INFO:colcon.colcon_core.shell:Creating environment hook '/home/jagdeesh/tracker/install/example_mode_fw_attitude_cpp/share/example_mode_fw_attitude_cpp/hook/cmake_prefix_path.ps1'
[11.434s] INFO:colcon.colcon_core.shell:Creating environment descriptor '/home/jagdeesh/tracker/install/example_mode_fw_attitude_cpp/share/example_mode_fw_attitude_cpp/hook/cmake_prefix_path.dsv'
[11.434s] INFO:colcon.colcon_core.shell:Creating environment hook '/home/jagdeesh/tracker/install/example_mode_fw_attitude_cpp/share/example_mode_fw_attitude_cpp/hook/cmake_prefix_path.sh'
[11.436s] Level 1:colcon.colcon_core.environment:checking '/home/jagdeesh/tracker/install/example_mode_fw_attitude_cpp/lib'
[11.436s] Level 1:colcon.colcon_core.environment:checking '/home/jagdeesh/tracker/install/example_mode_fw_attitude_cpp/bin'
[11.436s] Level 1:colcon.colcon_core.environment:checking '/home/jagdeesh/tracker/install/example_mode_fw_attitude_cpp/lib/pkgconfig/example_mode_fw_attitude_cpp.pc'
[11.437s] Level 1:colcon.colcon_core.environment:checking '/home/jagdeesh/tracker/install/example_mode_fw_attitude_cpp/lib/python3.10/site-packages'
[11.437s] Level 1:colcon.colcon_core.environment:checking '/home/jagdeesh/tracker/install/example_mode_fw_attitude_cpp/bin'
[11.438s] INFO:colcon.colcon_core.shell:Creating package script '/home/jagdeesh/tracker/install/example_mode_fw_attitude_cpp/share/example_mode_fw_attitude_cpp/package.ps1'
[11.439s] INFO:colcon.colcon_core.shell:Creating package descriptor '/home/jagdeesh/tracker/install/example_mode_fw_attitude_cpp/share/example_mode_fw_attitude_cpp/package.dsv'
[11.440s] INFO:colcon.colcon_core.shell:Creating package script '/home/jagdeesh/tracker/install/example_mode_fw_attitude_cpp/share/example_mode_fw_attitude_cpp/package.sh'
[11.440s] INFO:colcon.colcon_core.shell:Creating package script '/home/jagdeesh/tracker/install/example_mode_fw_attitude_cpp/share/example_mode_fw_attitude_cpp/package.bash'
[11.440s] INFO:colcon.colcon_core.shell:Creating package script '/home/jagdeesh/tracker/install/example_mode_fw_attitude_cpp/share/example_mode_fw_attitude_cpp/package.zsh'
[11.441s] Level 1:colcon.colcon_core.environment:create_file_with_runtime_dependencies(/home/jagdeesh/tracker/install/example_mode_fw_attitude_cpp/share/colcon-core/packages/example_mode_fw_attitude_cpp)
[11.442s] Level 1:colcon.colcon_core.environment:create_environment_scripts_only(example_mode_fw_attitude_cpp)
[11.442s] Level 1:colcon.colcon_core.environment:checking '/home/jagdeesh/tracker/install/example_mode_fw_attitude_cpp' for CMake module files
[11.443s] Level 1:colcon.colcon_core.environment:checking '/home/jagdeesh/tracker/install/example_mode_fw_attitude_cpp' for CMake config files
[11.443s] Level 1:colcon.colcon_core.shell:create_environment_hook('example_mode_fw_attitude_cpp', 'cmake_prefix_path')
[11.444s] INFO:colcon.colcon_core.shell:Creating environment hook '/home/jagdeesh/tracker/install/example_mode_fw_attitude_cpp/share/example_mode_fw_attitude_cpp/hook/cmake_prefix_path.ps1'
[11.445s] INFO:colcon.colcon_core.shell:Creating environment descriptor '/home/jagdeesh/tracker/install/example_mode_fw_attitude_cpp/share/example_mode_fw_attitude_cpp/hook/cmake_prefix_path.dsv'
[11.446s] INFO:colcon.colcon_core.shell:Creating environment hook '/home/jagdeesh/tracker/install/example_mode_fw_attitude_cpp/share/example_mode_fw_attitude_cpp/hook/cmake_prefix_path.sh'
[11.447s] Level 1:colcon.colcon_core.environment:checking '/home/jagdeesh/tracker/install/example_mode_fw_attitude_cpp/lib'
[11.447s] Level 1:colcon.colcon_core.environment:checking '/home/jagdeesh/tracker/install/example_mode_fw_attitude_cpp/bin'
[11.447s] Level 1:colcon.colcon_core.environment:checking '/home/jagdeesh/tracker/install/example_mode_fw_attitude_cpp/lib/pkgconfig/example_mode_fw_attitude_cpp.pc'
[11.448s] Level 1:colcon.colcon_core.environment:checking '/home/jagdeesh/tracker/install/example_mode_fw_attitude_cpp/lib/python3.10/site-packages'
[11.448s] Level 1:colcon.colcon_core.environment:checking '/home/jagdeesh/tracker/install/example_mode_fw_attitude_cpp/bin'
[11.449s] INFO:colcon.colcon_core.shell:Creating package script '/home/jagdeesh/tracker/install/example_mode_fw_attitude_cpp/share/example_mode_fw_attitude_cpp/package.ps1'
[11.450s] INFO:colcon.colcon_core.shell:Creating package descriptor '/home/jagdeesh/tracker/install/example_mode_fw_attitude_cpp/share/example_mode_fw_attitude_cpp/package.dsv'
[11.451s] INFO:colcon.colcon_core.shell:Creating package script '/home/jagdeesh/tracker/install/example_mode_fw_attitude_cpp/share/example_mode_fw_attitude_cpp/package.sh'
[11.452s] INFO:colcon.colcon_core.shell:Creating package script '/home/jagdeesh/tracker/install/example_mode_fw_attitude_cpp/share/example_mode_fw_attitude_cpp/package.bash'
[11.452s] INFO:colcon.colcon_core.shell:Creating package script '/home/jagdeesh/tracker/install/example_mode_fw_attitude_cpp/share/example_mode_fw_attitude_cpp/package.zsh'
[11.453s] Level 1:colcon.colcon_core.environment:create_file_with_runtime_dependencies(/home/jagdeesh/tracker/install/example_mode_fw_attitude_cpp/share/colcon-core/packages/example_mode_fw_attitude_cpp)
[11.454s] INFO:colcon.colcon_ros.task.ament_cmake.build:Building ROS package in '/home/jagdeesh/tracker/src/px4-ros2-interface-lib/examples/cpp/modes/goto_global' with build type 'ament_cmake'
[11.455s] INFO:colcon.colcon_cmake.task.cmake.build:Building CMake package in '/home/jagdeesh/tracker/src/px4-ros2-interface-lib/examples/cpp/modes/goto_global'
[11.455s] INFO:colcon.colcon_core.shell:Skip shell extension 'powershell' for command environment: Not usable outside of PowerShell
[11.455s] DEBUG:colcon.colcon_core.shell:Skip shell extension 'dsv' for command environment
[11.461s] Level 1:colcon.colcon_core.environment:create_environment_scripts_only(example_mode_goto_cpp)
[11.461s] Level 1:colcon.colcon_core.environment:checking '/home/jagdeesh/tracker/install/example_mode_goto_cpp' for CMake module files
[11.464s] DEBUG:colcon.colcon_core.event_handler.log_command:Invoked command in '/home/jagdeesh/tracker/build/example_mode_goto_cpp' returned '0': AMENT_PREFIX_PATH=/home/jagdeesh/tracker/install/px4_ros2_cpp:/home/jagdeesh/tracker/install/px4_msgs:${AMENT_PREFIX_PATH} CMAKE_PREFIX_PATH=/home/jagdeesh/tracker/install/px4_ros2_cpp:/home/jagdeesh/tracker/install/px4_msgs:/opt/ros/humble LD_LIBRARY_PATH=/home/jagdeesh/tracker/install/px4_ros2_cpp/lib:/home/jagdeesh/tracker/install/px4_msgs/lib:${LD_LIBRARY_PATH} PYTHONPATH=/home/jagdeesh/tracker/install/px4_msgs/local/lib/python3.10/dist-packages:${PYTHONPATH} /usr/bin/cmake --install /home/jagdeesh/tracker/build/example_mode_goto_cpp
[11.465s] Level 1:colcon.colcon_core.environment:checking '/home/jagdeesh/tracker/install/example_mode_goto_cpp' for CMake config files
[11.465s] Level 1:colcon.colcon_core.shell:create_environment_hook('example_mode_goto_cpp', 'cmake_prefix_path')
[11.466s] INFO:colcon.colcon_core.shell:Creating environment hook '/home/jagdeesh/tracker/install/example_mode_goto_cpp/share/example_mode_goto_cpp/hook/cmake_prefix_path.ps1'
[11.466s] INFO:colcon.colcon_core.shell:Creating environment descriptor '/home/jagdeesh/tracker/install/example_mode_goto_cpp/share/example_mode_goto_cpp/hook/cmake_prefix_path.dsv'
[11.467s] INFO:colcon.colcon_core.shell:Creating environment hook '/home/jagdeesh/tracker/install/example_mode_goto_cpp/share/example_mode_goto_cpp/hook/cmake_prefix_path.sh'
[11.468s] Level 1:colcon.colcon_core.environment:checking '/home/jagdeesh/tracker/install/example_mode_goto_cpp/lib'
[11.468s] Level 1:colcon.colcon_core.environment:checking '/home/jagdeesh/tracker/install/example_mode_goto_cpp/bin'
[11.469s] Level 1:colcon.colcon_core.environment:checking '/home/jagdeesh/tracker/install/example_mode_goto_cpp/lib/pkgconfig/example_mode_goto_cpp.pc'
[11.469s] Level 1:colcon.colcon_core.environment:checking '/home/jagdeesh/tracker/install/example_mode_goto_cpp/lib/python3.10/site-packages'
[11.470s] Level 1:colcon.colcon_core.environment:checking '/home/jagdeesh/tracker/install/example_mode_goto_cpp/bin'
[11.470s] INFO:colcon.colcon_core.shell:Creating package script '/home/jagdeesh/tracker/install/example_mode_goto_cpp/share/example_mode_goto_cpp/package.ps1'
[11.471s] INFO:colcon.colcon_core.shell:Creating package descriptor '/home/jagdeesh/tracker/install/example_mode_goto_cpp/share/example_mode_goto_cpp/package.dsv'
[11.472s] INFO:colcon.colcon_core.shell:Creating package script '/home/jagdeesh/tracker/install/example_mode_goto_cpp/share/example_mode_goto_cpp/package.sh'
[11.473s] INFO:colcon.colcon_core.shell:Creating package script '/home/jagdeesh/tracker/install/example_mode_goto_cpp/share/example_mode_goto_cpp/package.bash'
[11.473s] INFO:colcon.colcon_core.shell:Creating package script '/home/jagdeesh/tracker/install/example_mode_goto_cpp/share/example_mode_goto_cpp/package.zsh'
[11.474s] Level 1:colcon.colcon_core.environment:create_file_with_runtime_dependencies(/home/jagdeesh/tracker/install/example_mode_goto_cpp/share/colcon-core/packages/example_mode_goto_cpp)
[11.475s] Level 1:colcon.colcon_core.environment:create_environment_scripts_only(example_mode_goto_cpp)
[11.475s] Level 1:colcon.colcon_core.environment:checking '/home/jagdeesh/tracker/install/example_mode_goto_cpp' for CMake module files
[11.477s] Level 1:colcon.colcon_core.environment:checking '/home/jagdeesh/tracker/install/example_mode_goto_cpp' for CMake config files
[11.477s] Level 1:colcon.colcon_core.shell:create_environment_hook('example_mode_goto_cpp', 'cmake_prefix_path')
[11.477s] INFO:colcon.colcon_core.shell:Creating environment hook '/home/jagdeesh/tracker/install/example_mode_goto_cpp/share/example_mode_goto_cpp/hook/cmake_prefix_path.ps1'
[11.478s] INFO:colcon.colcon_core.shell:Creating environment descriptor '/home/jagdeesh/tracker/install/example_mode_goto_cpp/share/example_mode_goto_cpp/hook/cmake_prefix_path.dsv'
[11.479s] INFO:colcon.colcon_core.shell:Creating environment hook '/home/jagdeesh/tracker/install/example_mode_goto_cpp/share/example_mode_goto_cpp/hook/cmake_prefix_path.sh'
[11.480s] Level 1:colcon.colcon_core.environment:checking '/home/jagdeesh/tracker/install/example_mode_goto_cpp/lib'
[11.480s] Level 1:colcon.colcon_core.environment:checking '/home/jagdeesh/tracker/install/example_mode_goto_cpp/bin'
[11.480s] Level 1:colcon.colcon_core.environment:checking '/home/jagdeesh/tracker/install/example_mode_goto_cpp/lib/pkgconfig/example_mode_goto_cpp.pc'
[11.480s] Level 1:colcon.colcon_core.environment:checking '/home/jagdeesh/tracker/install/example_mode_goto_cpp/lib/python3.10/site-packages'
[11.481s] Level 1:colcon.colcon_core.environment:checking '/home/jagdeesh/tracker/install/example_mode_goto_cpp/bin'
[11.481s] INFO:colcon.colcon_core.shell:Creating package script '/home/jagdeesh/tracker/install/example_mode_goto_cpp/share/example_mode_goto_cpp/package.ps1'
[11.482s] INFO:colcon.colcon_core.shell:Creating package descriptor '/home/jagdeesh/tracker/install/example_mode_goto_cpp/share/example_mode_goto_cpp/package.dsv'
[11.483s] INFO:colcon.colcon_core.shell:Creating package script '/home/jagdeesh/tracker/install/example_mode_goto_cpp/share/example_mode_goto_cpp/package.sh'
[11.484s] INFO:colcon.colcon_core.shell:Creating package script '/home/jagdeesh/tracker/install/example_mode_goto_cpp/share/example_mode_goto_cpp/package.bash'
[11.485s] INFO:colcon.colcon_core.shell:Creating package script '/home/jagdeesh/tracker/install/example_mode_goto_cpp/share/example_mode_goto_cpp/package.zsh'
[11.485s] Level 1:colcon.colcon_core.environment:create_file_with_runtime_dependencies(/home/jagdeesh/tracker/install/example_mode_goto_cpp/share/colcon-core/packages/example_mode_goto_cpp)
[11.487s] INFO:colcon.colcon_ros.task.ament_cmake.build:Building ROS package in '/home/jagdeesh/tracker/src/px4-ros2-interface-lib/examples/cpp/modes/manual' with build type 'ament_cmake'
[11.487s] INFO:colcon.colcon_cmake.task.cmake.build:Building CMake package in '/home/jagdeesh/tracker/src/px4-ros2-interface-lib/examples/cpp/modes/manual'
[11.487s] INFO:colcon.colcon_core.shell:Skip shell extension 'powershell' for command environment: Not usable outside of PowerShell
[11.488s] DEBUG:colcon.colcon_core.shell:Skip shell extension 'dsv' for command environment
[11.497s] DEBUG:colcon.colcon_core.event_handler.log_command:Invoking command in '/home/jagdeesh/tracker/build/example_mode_goto_global_cpp': AMENT_PREFIX_PATH=/home/jagdeesh/tracker/install/px4_ros2_cpp:/home/jagdeesh/tracker/install/px4_msgs:${AMENT_PREFIX_PATH} CMAKE_PREFIX_PATH=/home/jagdeesh/tracker/install/px4_ros2_cpp:/home/jagdeesh/tracker/install/px4_msgs:/opt/ros/humble LD_LIBRARY_PATH=/home/jagdeesh/tracker/install/px4_ros2_cpp/lib:/home/jagdeesh/tracker/install/px4_msgs/lib:${LD_LIBRARY_PATH} PYTHONPATH=/home/jagdeesh/tracker/install/px4_msgs/local/lib/python3.10/dist-packages:${PYTHONPATH} /usr/bin/cmake --build /home/jagdeesh/tracker/build/example_mode_goto_global_cpp -- -j12 -l12
[11.505s] DEBUG:colcon.colcon_core.event_handler.log_command:Invoking command in '/home/jagdeesh/tracker/build/example_mode_manual_cpp': AMENT_PREFIX_PATH=/home/jagdeesh/tracker/install/px4_ros2_cpp:/home/jagdeesh/tracker/install/px4_msgs:${AMENT_PREFIX_PATH} CMAKE_PREFIX_PATH=/home/jagdeesh/tracker/install/px4_ros2_cpp:/home/jagdeesh/tracker/install/px4_msgs:/opt/ros/humble LD_LIBRARY_PATH=/home/jagdeesh/tracker/install/px4_ros2_cpp/lib:/home/jagdeesh/tracker/install/px4_msgs/lib:${LD_LIBRARY_PATH} PYTHONPATH=/home/jagdeesh/tracker/install/px4_msgs/local/lib/python3.10/dist-packages:${PYTHONPATH} /usr/bin/cmake --build /home/jagdeesh/tracker/build/example_mode_manual_cpp -- -j12 -l12
[11.622s] DEBUG:colcon.colcon_core.event_handler.log_command:Invoked command in '/home/jagdeesh/tracker/build/example_mode_goto_global_cpp' returned '0': AMENT_PREFIX_PATH=/home/jagdeesh/tracker/install/px4_ros2_cpp:/home/jagdeesh/tracker/install/px4_msgs:${AMENT_PREFIX_PATH} CMAKE_PREFIX_PATH=/home/jagdeesh/tracker/install/px4_ros2_cpp:/home/jagdeesh/tracker/install/px4_msgs:/opt/ros/humble LD_LIBRARY_PATH=/home/jagdeesh/tracker/install/px4_ros2_cpp/lib:/home/jagdeesh/tracker/install/px4_msgs/lib:${LD_LIBRARY_PATH} PYTHONPATH=/home/jagdeesh/tracker/install/px4_msgs/local/lib/python3.10/dist-packages:${PYTHONPATH} /usr/bin/cmake --build /home/jagdeesh/tracker/build/example_mode_goto_global_cpp -- -j12 -l12
[11.631s] DEBUG:colcon.colcon_core.event_handler.log_command:Invoking command in '/home/jagdeesh/tracker/build/example_mode_goto_global_cpp': AMENT_PREFIX_PATH=/home/jagdeesh/tracker/install/px4_ros2_cpp:/home/jagdeesh/tracker/install/px4_msgs:${AMENT_PREFIX_PATH} CMAKE_PREFIX_PATH=/home/jagdeesh/tracker/install/px4_ros2_cpp:/home/jagdeesh/tracker/install/px4_msgs:/opt/ros/humble LD_LIBRARY_PATH=/home/jagdeesh/tracker/install/px4_ros2_cpp/lib:/home/jagdeesh/tracker/install/px4_msgs/lib:${LD_LIBRARY_PATH} PYTHONPATH=/home/jagdeesh/tracker/install/px4_msgs/local/lib/python3.10/dist-packages:${PYTHONPATH} /usr/bin/cmake --install /home/jagdeesh/tracker/build/example_mode_goto_global_cpp
[11.637s] DEBUG:colcon.colcon_core.event_handler.log_command:Invoked command in '/home/jagdeesh/tracker/build/example_mode_manual_cpp' returned '0': AMENT_PREFIX_PATH=/home/jagdeesh/tracker/install/px4_ros2_cpp:/home/jagdeesh/tracker/install/px4_msgs:${AMENT_PREFIX_PATH} CMAKE_PREFIX_PATH=/home/jagdeesh/tracker/install/px4_ros2_cpp:/home/jagdeesh/tracker/install/px4_msgs:/opt/ros/humble LD_LIBRARY_PATH=/home/jagdeesh/tracker/install/px4_ros2_cpp/lib:/home/jagdeesh/tracker/install/px4_msgs/lib:${LD_LIBRARY_PATH} PYTHONPATH=/home/jagdeesh/tracker/install/px4_msgs/local/lib/python3.10/dist-packages:${PYTHONPATH} /usr/bin/cmake --build /home/jagdeesh/tracker/build/example_mode_manual_cpp -- -j12 -l12
[11.640s] DEBUG:colcon.colcon_core.event_handler.log_command:Invoking command in '/home/jagdeesh/tracker/build/example_mode_manual_cpp': AMENT_PREFIX_PATH=/home/jagdeesh/tracker/install/px4_ros2_cpp:/home/jagdeesh/tracker/install/px4_msgs:${AMENT_PREFIX_PATH} CMAKE_PREFIX_PATH=/home/jagdeesh/tracker/install/px4_ros2_cpp:/home/jagdeesh/tracker/install/px4_msgs:/opt/ros/humble LD_LIBRARY_PATH=/home/jagdeesh/tracker/install/px4_ros2_cpp/lib:/home/jagdeesh/tracker/install/px4_msgs/lib:${LD_LIBRARY_PATH} PYTHONPATH=/home/jagdeesh/tracker/install/px4_msgs/local/lib/python3.10/dist-packages:${PYTHONPATH} /usr/bin/cmake --install /home/jagdeesh/tracker/build/example_mode_manual_cpp
[11.648s] Level 1:colcon.colcon_core.environment:create_environment_scripts_only(example_mode_goto_global_cpp)
[11.648s] Level 1:colcon.colcon_core.environment:checking '/home/jagdeesh/tracker/install/example_mode_goto_global_cpp' for CMake module files
[11.652s] DEBUG:colcon.colcon_core.event_handler.log_command:Invoked command in '/home/jagdeesh/tracker/build/example_mode_goto_global_cpp' returned '0': AMENT_PREFIX_PATH=/home/jagdeesh/tracker/install/px4_ros2_cpp:/home/jagdeesh/tracker/install/px4_msgs:${AMENT_PREFIX_PATH} CMAKE_PREFIX_PATH=/home/jagdeesh/tracker/install/px4_ros2_cpp:/home/jagdeesh/tracker/install/px4_msgs:/opt/ros/humble LD_LIBRARY_PATH=/home/jagdeesh/tracker/install/px4_ros2_cpp/lib:/home/jagdeesh/tracker/install/px4_msgs/lib:${LD_LIBRARY_PATH} PYTHONPATH=/home/jagdeesh/tracker/install/px4_msgs/local/lib/python3.10/dist-packages:${PYTHONPATH} /usr/bin/cmake --install /home/jagdeesh/tracker/build/example_mode_goto_global_cpp
[11.653s] Level 1:colcon.colcon_core.environment:checking '/home/jagdeesh/tracker/install/example_mode_goto_global_cpp' for CMake config files
[11.653s] Level 1:colcon.colcon_core.shell:create_environment_hook('example_mode_goto_global_cpp', 'cmake_prefix_path')
[11.654s] INFO:colcon.colcon_core.shell:Creating environment hook '/home/jagdeesh/tracker/install/example_mode_goto_global_cpp/share/example_mode_goto_global_cpp/hook/cmake_prefix_path.ps1'
[11.655s] INFO:colcon.colcon_core.shell:Creating environment descriptor '/home/jagdeesh/tracker/install/example_mode_goto_global_cpp/share/example_mode_goto_global_cpp/hook/cmake_prefix_path.dsv'
[11.656s] INFO:colcon.colcon_core.shell:Creating environment hook '/home/jagdeesh/tracker/install/example_mode_goto_global_cpp/share/example_mode_goto_global_cpp/hook/cmake_prefix_path.sh'
[11.657s] Level 1:colcon.colcon_core.environment:checking '/home/jagdeesh/tracker/install/example_mode_goto_global_cpp/lib'
[11.657s] Level 1:colcon.colcon_core.environment:checking '/home/jagdeesh/tracker/install/example_mode_goto_global_cpp/bin'
[11.657s] Level 1:colcon.colcon_core.environment:checking '/home/jagdeesh/tracker/install/example_mode_goto_global_cpp/lib/pkgconfig/example_mode_goto_global_cpp.pc'
[11.658s] Level 1:colcon.colcon_core.environment:checking '/home/jagdeesh/tracker/install/example_mode_goto_global_cpp/lib/python3.10/site-packages'
[11.659s] Level 1:colcon.colcon_core.environment:checking '/home/jagdeesh/tracker/install/example_mode_goto_global_cpp/bin'
[11.659s] INFO:colcon.colcon_core.shell:Creating package script '/home/jagdeesh/tracker/install/example_mode_goto_global_cpp/share/example_mode_goto_global_cpp/package.ps1'
[11.660s] INFO:colcon.colcon_core.shell:Creating package descriptor '/home/jagdeesh/tracker/install/example_mode_goto_global_cpp/share/example_mode_goto_global_cpp/package.dsv'
[11.664s] INFO:colcon.colcon_core.shell:Creating package script '/home/jagdeesh/tracker/install/example_mode_goto_global_cpp/share/example_mode_goto_global_cpp/package.sh'
[11.665s] INFO:colcon.colcon_core.shell:Creating package script '/home/jagdeesh/tracker/install/example_mode_goto_global_cpp/share/example_mode_goto_global_cpp/package.bash'
[11.666s] INFO:colcon.colcon_core.shell:Creating package script '/home/jagdeesh/tracker/install/example_mode_goto_global_cpp/share/example_mode_goto_global_cpp/package.zsh'
[11.667s] Level 1:colcon.colcon_core.environment:create_file_with_runtime_dependencies(/home/jagdeesh/tracker/install/example_mode_goto_global_cpp/share/colcon-core/packages/example_mode_goto_global_cpp)
[11.668s] Level 1:colcon.colcon_core.environment:create_environment_scripts_only(example_mode_goto_global_cpp)
[11.668s] Level 1:colcon.colcon_core.environment:checking '/home/jagdeesh/tracker/install/example_mode_goto_global_cpp' for CMake module files
[11.669s] Level 1:colcon.colcon_core.environment:checking '/home/jagdeesh/tracker/install/example_mode_goto_global_cpp' for CMake config files
[11.669s] Level 1:colcon.colcon_core.shell:create_environment_hook('example_mode_goto_global_cpp', 'cmake_prefix_path')
[11.670s] INFO:colcon.colcon_core.shell:Creating environment hook '/home/jagdeesh/tracker/install/example_mode_goto_global_cpp/share/example_mode_goto_global_cpp/hook/cmake_prefix_path.ps1'
[11.671s] INFO:colcon.colcon_core.shell:Creating environment descriptor '/home/jagdeesh/tracker/install/example_mode_goto_global_cpp/share/example_mode_goto_global_cpp/hook/cmake_prefix_path.dsv'
[11.671s] INFO:colcon.colcon_core.shell:Creating environment hook '/home/jagdeesh/tracker/install/example_mode_goto_global_cpp/share/example_mode_goto_global_cpp/hook/cmake_prefix_path.sh'
[11.672s] Level 1:colcon.colcon_core.environment:checking '/home/jagdeesh/tracker/install/example_mode_goto_global_cpp/lib'
[11.672s] Level 1:colcon.colcon_core.environment:checking '/home/jagdeesh/tracker/install/example_mode_goto_global_cpp/bin'
[11.672s] Level 1:colcon.colcon_core.environment:checking '/home/jagdeesh/tracker/install/example_mode_goto_global_cpp/lib/pkgconfig/example_mode_goto_global_cpp.pc'
[11.673s] Level 1:colcon.colcon_core.environment:checking '/home/jagdeesh/tracker/install/example_mode_goto_global_cpp/lib/python3.10/site-packages'
[11.673s] Level 1:colcon.colcon_core.environment:checking '/home/jagdeesh/tracker/install/example_mode_goto_global_cpp/bin'
[11.674s] INFO:colcon.colcon_core.shell:Creating package script '/home/jagdeesh/tracker/install/example_mode_goto_global_cpp/share/example_mode_goto_global_cpp/package.ps1'
[11.675s] INFO:colcon.colcon_core.shell:Creating package descriptor '/home/jagdeesh/tracker/install/example_mode_goto_global_cpp/share/example_mode_goto_global_cpp/package.dsv'
[11.676s] INFO:colcon.colcon_core.shell:Creating package script '/home/jagdeesh/tracker/install/example_mode_goto_global_cpp/share/example_mode_goto_global_cpp/package.sh'
[11.676s] INFO:colcon.colcon_core.shell:Creating package script '/home/jagdeesh/tracker/install/example_mode_goto_global_cpp/share/example_mode_goto_global_cpp/package.bash'
[11.677s] INFO:colcon.colcon_core.shell:Creating package script '/home/jagdeesh/tracker/install/example_mode_goto_global_cpp/share/example_mode_goto_global_cpp/package.zsh'
[11.678s] Level 1:colcon.colcon_core.environment:create_file_with_runtime_dependencies(/home/jagdeesh/tracker/install/example_mode_goto_global_cpp/share/colcon-core/packages/example_mode_goto_global_cpp)
[11.679s] INFO:colcon.colcon_ros.task.ament_cmake.build:Building ROS package in '/home/jagdeesh/tracker/src/px4-ros2-interface-lib/examples/cpp/modes/mission' with build type 'ament_cmake'
[11.679s] INFO:colcon.colcon_cmake.task.cmake.build:Building CMake package in '/home/jagdeesh/tracker/src/px4-ros2-interface-lib/examples/cpp/modes/mission'
[11.680s] INFO:colcon.colcon_core.shell:Skip shell extension 'powershell' for command environment: Not usable outside of PowerShell
[11.680s] DEBUG:colcon.colcon_core.shell:Skip shell extension 'dsv' for command environment
[11.687s] Level 1:colcon.colcon_core.environment:create_environment_scripts_only(example_mode_manual_cpp)
[11.688s] Level 1:colcon.colcon_core.environment:checking '/home/jagdeesh/tracker/install/example_mode_manual_cpp' for CMake module files
[11.691s] DEBUG:colcon.colcon_core.event_handler.log_command:Invoked command in '/home/jagdeesh/tracker/build/example_mode_manual_cpp' returned '0': AMENT_PREFIX_PATH=/home/jagdeesh/tracker/install/px4_ros2_cpp:/home/jagdeesh/tracker/install/px4_msgs:${AMENT_PREFIX_PATH} CMAKE_PREFIX_PATH=/home/jagdeesh/tracker/install/px4_ros2_cpp:/home/jagdeesh/tracker/install/px4_msgs:/opt/ros/humble LD_LIBRARY_PATH=/home/jagdeesh/tracker/install/px4_ros2_cpp/lib:/home/jagdeesh/tracker/install/px4_msgs/lib:${LD_LIBRARY_PATH} PYTHONPATH=/home/jagdeesh/tracker/install/px4_msgs/local/lib/python3.10/dist-packages:${PYTHONPATH} /usr/bin/cmake --install /home/jagdeesh/tracker/build/example_mode_manual_cpp
[11.691s] Level 1:colcon.colcon_core.environment:checking '/home/jagdeesh/tracker/install/example_mode_manual_cpp' for CMake config files
[11.692s] Level 1:colcon.colcon_core.shell:create_environment_hook('example_mode_manual_cpp', 'cmake_prefix_path')
[11.692s] INFO:colcon.colcon_core.shell:Creating environment hook '/home/jagdeesh/tracker/install/example_mode_manual_cpp/share/example_mode_manual_cpp/hook/cmake_prefix_path.ps1'
[11.693s] INFO:colcon.colcon_core.shell:Creating environment descriptor '/home/jagdeesh/tracker/install/example_mode_manual_cpp/share/example_mode_manual_cpp/hook/cmake_prefix_path.dsv'
[11.694s] INFO:colcon.colcon_core.shell:Creating environment hook '/home/jagdeesh/tracker/install/example_mode_manual_cpp/share/example_mode_manual_cpp/hook/cmake_prefix_path.sh'
[11.695s] Level 1:colcon.colcon_core.environment:checking '/home/jagdeesh/tracker/install/example_mode_manual_cpp/lib'
[11.695s] Level 1:colcon.colcon_core.environment:checking '/home/jagdeesh/tracker/install/example_mode_manual_cpp/bin'
[11.695s] Level 1:colcon.colcon_core.environment:checking '/home/jagdeesh/tracker/install/example_mode_manual_cpp/lib/pkgconfig/example_mode_manual_cpp.pc'
[11.696s] Level 1:colcon.colcon_core.environment:checking '/home/jagdeesh/tracker/install/example_mode_manual_cpp/lib/python3.10/site-packages'
[11.697s] Level 1:colcon.colcon_core.environment:checking '/home/jagdeesh/tracker/install/example_mode_manual_cpp/bin'
[11.697s] INFO:colcon.colcon_core.shell:Creating package script '/home/jagdeesh/tracker/install/example_mode_manual_cpp/share/example_mode_manual_cpp/package.ps1'
[11.698s] INFO:colcon.colcon_core.shell:Creating package descriptor '/home/jagdeesh/tracker/install/example_mode_manual_cpp/share/example_mode_manual_cpp/package.dsv'
[11.699s] INFO:colcon.colcon_core.shell:Creating package script '/home/jagdeesh/tracker/install/example_mode_manual_cpp/share/example_mode_manual_cpp/package.sh'
[11.700s] INFO:colcon.colcon_core.shell:Creating package script '/home/jagdeesh/tracker/install/example_mode_manual_cpp/share/example_mode_manual_cpp/package.bash'
[11.700s] INFO:colcon.colcon_core.shell:Creating package script '/home/jagdeesh/tracker/install/example_mode_manual_cpp/share/example_mode_manual_cpp/package.zsh'
[11.701s] Level 1:colcon.colcon_core.environment:create_file_with_runtime_dependencies(/home/jagdeesh/tracker/install/example_mode_manual_cpp/share/colcon-core/packages/example_mode_manual_cpp)
[11.702s] Level 1:colcon.colcon_core.environment:create_environment_scripts_only(example_mode_manual_cpp)
[11.703s] Level 1:colcon.colcon_core.environment:checking '/home/jagdeesh/tracker/install/example_mode_manual_cpp' for CMake module files
[11.704s] Level 1:colcon.colcon_core.environment:checking '/home/jagdeesh/tracker/install/example_mode_manual_cpp' for CMake config files
[11.704s] Level 1:colcon.colcon_core.shell:create_environment_hook('example_mode_manual_cpp', 'cmake_prefix_path')
[11.704s] INFO:colcon.colcon_core.shell:Creating environment hook '/home/jagdeesh/tracker/install/example_mode_manual_cpp/share/example_mode_manual_cpp/hook/cmake_prefix_path.ps1'
[11.705s] INFO:colcon.colcon_core.shell:Creating environment descriptor '/home/jagdeesh/tracker/install/example_mode_manual_cpp/share/example_mode_manual_cpp/hook/cmake_prefix_path.dsv'
[11.706s] INFO:colcon.colcon_core.shell:Creating environment hook '/home/jagdeesh/tracker/install/example_mode_manual_cpp/share/example_mode_manual_cpp/hook/cmake_prefix_path.sh'
[11.707s] Level 1:colcon.colcon_core.environment:checking '/home/jagdeesh/tracker/install/example_mode_manual_cpp/lib'
[11.707s] Level 1:colcon.colcon_core.environment:checking '/home/jagdeesh/tracker/install/example_mode_manual_cpp/bin'
[11.707s] Level 1:colcon.colcon_core.environment:checking '/home/jagdeesh/tracker/install/example_mode_manual_cpp/lib/pkgconfig/example_mode_manual_cpp.pc'
[11.707s] Level 1:colcon.colcon_core.environment:checking '/home/jagdeesh/tracker/install/example_mode_manual_cpp/lib/python3.10/site-packages'
[11.708s] Level 1:colcon.colcon_core.environment:checking '/home/jagdeesh/tracker/install/example_mode_manual_cpp/bin'
[11.709s] INFO:colcon.colcon_core.shell:Creating package script '/home/jagdeesh/tracker/install/example_mode_manual_cpp/share/example_mode_manual_cpp/package.ps1'
[11.710s] INFO:colcon.colcon_core.shell:Creating package descriptor '/home/jagdeesh/tracker/install/example_mode_manual_cpp/share/example_mode_manual_cpp/package.dsv'
[11.711s] INFO:colcon.colcon_core.shell:Creating package script '/home/jagdeesh/tracker/install/example_mode_manual_cpp/share/example_mode_manual_cpp/package.sh'
[11.712s] INFO:colcon.colcon_core.shell:Creating package script '/home/jagdeesh/tracker/install/example_mode_manual_cpp/share/example_mode_manual_cpp/package.bash'
[11.713s] INFO:colcon.colcon_core.shell:Creating package script '/home/jagdeesh/tracker/install/example_mode_manual_cpp/share/example_mode_manual_cpp/package.zsh'
[11.714s] Level 1:colcon.colcon_core.environment:create_file_with_runtime_dependencies(/home/jagdeesh/tracker/install/example_mode_manual_cpp/share/colcon-core/packages/example_mode_manual_cpp)
[11.715s] INFO:colcon.colcon_ros.task.ament_cmake.build:Building ROS package in '/home/jagdeesh/tracker/src/px4-ros2-interface-lib/examples/cpp/modes/rtl_replacement' with build type 'ament_cmake'
[11.715s] INFO:colcon.colcon_cmake.task.cmake.build:Building CMake package in '/home/jagdeesh/tracker/src/px4-ros2-interface-lib/examples/cpp/modes/rtl_replacement'
[11.716s] INFO:colcon.colcon_core.shell:Skip shell extension 'powershell' for command environment: Not usable outside of PowerShell
[11.716s] DEBUG:colcon.colcon_core.shell:Skip shell extension 'dsv' for command environment
[11.725s] DEBUG:colcon.colcon_core.event_handler.log_command:Invoking command in '/home/jagdeesh/tracker/build/example_mode_mission_cpp': AMENT_PREFIX_PATH=/home/jagdeesh/tracker/install/px4_ros2_cpp:/home/jagdeesh/tracker/install/px4_msgs:${AMENT_PREFIX_PATH} CMAKE_PREFIX_PATH=/home/jagdeesh/tracker/install/px4_ros2_cpp:/home/jagdeesh/tracker/install/px4_msgs:/opt/ros/humble LD_LIBRARY_PATH=/home/jagdeesh/tracker/install/px4_ros2_cpp/lib:/home/jagdeesh/tracker/install/px4_msgs/lib:${LD_LIBRARY_PATH} PYTHONPATH=/home/jagdeesh/tracker/install/px4_msgs/local/lib/python3.10/dist-packages:${PYTHONPATH} /usr/bin/cmake --build /home/jagdeesh/tracker/build/example_mode_mission_cpp -- -j12 -l12
[11.734s] DEBUG:colcon.colcon_core.event_handler.log_command:Invoking command in '/home/jagdeesh/tracker/build/example_mode_rtl_replacement_cpp': AMENT_PREFIX_PATH=/home/jagdeesh/tracker/install/px4_ros2_cpp:/home/jagdeesh/tracker/install/px4_msgs:${AMENT_PREFIX_PATH} CMAKE_PREFIX_PATH=/home/jagdeesh/tracker/install/px4_ros2_cpp:/home/jagdeesh/tracker/install/px4_msgs:/opt/ros/humble LD_LIBRARY_PATH=/home/jagdeesh/tracker/install/px4_ros2_cpp/lib:/home/jagdeesh/tracker/install/px4_msgs/lib:${LD_LIBRARY_PATH} PYTHONPATH=/home/jagdeesh/tracker/install/px4_msgs/local/lib/python3.10/dist-packages:${PYTHONPATH} /usr/bin/cmake --build /home/jagdeesh/tracker/build/example_mode_rtl_replacement_cpp -- -j12 -l12
[11.848s] DEBUG:colcon.colcon_core.event_handler.log_command:Invoked command in '/home/jagdeesh/tracker/build/example_mode_mission_cpp' returned '0': AMENT_PREFIX_PATH=/home/jagdeesh/tracker/install/px4_ros2_cpp:/home/jagdeesh/tracker/install/px4_msgs:${AMENT_PREFIX_PATH} CMAKE_PREFIX_PATH=/home/jagdeesh/tracker/install/px4_ros2_cpp:/home/jagdeesh/tracker/install/px4_msgs:/opt/ros/humble LD_LIBRARY_PATH=/home/jagdeesh/tracker/install/px4_ros2_cpp/lib:/home/jagdeesh/tracker/install/px4_msgs/lib:${LD_LIBRARY_PATH} PYTHONPATH=/home/jagdeesh/tracker/install/px4_msgs/local/lib/python3.10/dist-packages:${PYTHONPATH} /usr/bin/cmake --build /home/jagdeesh/tracker/build/example_mode_mission_cpp -- -j12 -l12
[11.849s] DEBUG:colcon.colcon_core.event_handler.log_command:Invoking command in '/home/jagdeesh/tracker/build/example_mode_mission_cpp': AMENT_PREFIX_PATH=/home/jagdeesh/tracker/install/px4_ros2_cpp:/home/jagdeesh/tracker/install/px4_msgs:${AMENT_PREFIX_PATH} CMAKE_PREFIX_PATH=/home/jagdeesh/tracker/install/px4_ros2_cpp:/home/jagdeesh/tracker/install/px4_msgs:/opt/ros/humble LD_LIBRARY_PATH=/home/jagdeesh/tracker/install/px4_ros2_cpp/lib:/home/jagdeesh/tracker/install/px4_msgs/lib:${LD_LIBRARY_PATH} PYTHONPATH=/home/jagdeesh/tracker/install/px4_msgs/local/lib/python3.10/dist-packages:${PYTHONPATH} /usr/bin/cmake --install /home/jagdeesh/tracker/build/example_mode_mission_cpp
[11.867s] DEBUG:colcon.colcon_core.event_handler.log_command:Invoked command in '/home/jagdeesh/tracker/build/example_mode_rtl_replacement_cpp' returned '0': AMENT_PREFIX_PATH=/home/jagdeesh/tracker/install/px4_ros2_cpp:/home/jagdeesh/tracker/install/px4_msgs:${AMENT_PREFIX_PATH} CMAKE_PREFIX_PATH=/home/jagdeesh/tracker/install/px4_ros2_cpp:/home/jagdeesh/tracker/install/px4_msgs:/opt/ros/humble LD_LIBRARY_PATH=/home/jagdeesh/tracker/install/px4_ros2_cpp/lib:/home/jagdeesh/tracker/install/px4_msgs/lib:${LD_LIBRARY_PATH} PYTHONPATH=/home/jagdeesh/tracker/install/px4_msgs/local/lib/python3.10/dist-packages:${PYTHONPATH} /usr/bin/cmake --build /home/jagdeesh/tracker/build/example_mode_rtl_replacement_cpp -- -j12 -l12
[11.869s] DEBUG:colcon.colcon_core.event_handler.log_command:Invoking command in '/home/jagdeesh/tracker/build/example_mode_rtl_replacement_cpp': AMENT_PREFIX_PATH=/home/jagdeesh/tracker/install/px4_ros2_cpp:/home/jagdeesh/tracker/install/px4_msgs:${AMENT_PREFIX_PATH} CMAKE_PREFIX_PATH=/home/jagdeesh/tracker/install/px4_ros2_cpp:/home/jagdeesh/tracker/install/px4_msgs:/opt/ros/humble LD_LIBRARY_PATH=/home/jagdeesh/tracker/install/px4_ros2_cpp/lib:/home/jagdeesh/tracker/install/px4_msgs/lib:${LD_LIBRARY_PATH} PYTHONPATH=/home/jagdeesh/tracker/install/px4_msgs/local/lib/python3.10/dist-packages:${PYTHONPATH} /usr/bin/cmake --install /home/jagdeesh/tracker/build/example_mode_rtl_replacement_cpp
[11.871s] Level 1:colcon.colcon_core.environment:create_environment_scripts_only(example_mode_mission_cpp)
[11.871s] Level 1:colcon.colcon_core.environment:checking '/home/jagdeesh/tracker/install/example_mode_mission_cpp' for CMake module files
[11.872s] DEBUG:colcon.colcon_core.event_handler.log_command:Invoked command in '/home/jagdeesh/tracker/build/example_mode_mission_cpp' returned '0': AMENT_PREFIX_PATH=/home/jagdeesh/tracker/install/px4_ros2_cpp:/home/jagdeesh/tracker/install/px4_msgs:${AMENT_PREFIX_PATH} CMAKE_PREFIX_PATH=/home/jagdeesh/tracker/install/px4_ros2_cpp:/home/jagdeesh/tracker/install/px4_msgs:/opt/ros/humble LD_LIBRARY_PATH=/home/jagdeesh/tracker/install/px4_ros2_cpp/lib:/home/jagdeesh/tracker/install/px4_msgs/lib:${LD_LIBRARY_PATH} PYTHONPATH=/home/jagdeesh/tracker/install/px4_msgs/local/lib/python3.10/dist-packages:${PYTHONPATH} /usr/bin/cmake --install /home/jagdeesh/tracker/build/example_mode_mission_cpp
[11.873s] Level 1:colcon.colcon_core.environment:checking '/home/jagdeesh/tracker/install/example_mode_mission_cpp' for CMake config files
[11.873s] Level 1:colcon.colcon_core.shell:create_environment_hook('example_mode_mission_cpp', 'cmake_prefix_path')
[11.874s] INFO:colcon.colcon_core.shell:Creating environment hook '/home/jagdeesh/tracker/install/example_mode_mission_cpp/share/example_mode_mission_cpp/hook/cmake_prefix_path.ps1'
[11.875s] INFO:colcon.colcon_core.shell:Creating environment descriptor '/home/jagdeesh/tracker/install/example_mode_mission_cpp/share/example_mode_mission_cpp/hook/cmake_prefix_path.dsv'
[11.875s] INFO:colcon.colcon_core.shell:Creating environment hook '/home/jagdeesh/tracker/install/example_mode_mission_cpp/share/example_mode_mission_cpp/hook/cmake_prefix_path.sh'
[11.876s] Level 1:colcon.colcon_core.environment:checking '/home/jagdeesh/tracker/install/example_mode_mission_cpp/lib'
[11.877s] Level 1:colcon.colcon_core.environment:checking '/home/jagdeesh/tracker/install/example_mode_mission_cpp/bin'
[11.877s] Level 1:colcon.colcon_core.environment:checking '/home/jagdeesh/tracker/install/example_mode_mission_cpp/lib/pkgconfig/example_mode_mission_cpp.pc'
[11.877s] Level 1:colcon.colcon_core.environment:checking '/home/jagdeesh/tracker/install/example_mode_mission_cpp/lib/python3.10/site-packages'
[11.878s] Level 1:colcon.colcon_core.environment:checking '/home/jagdeesh/tracker/install/example_mode_mission_cpp/bin'
[11.878s] INFO:colcon.colcon_core.shell:Creating package script '/home/jagdeesh/tracker/install/example_mode_mission_cpp/share/example_mode_mission_cpp/package.ps1'
[11.879s] INFO:colcon.colcon_core.shell:Creating package descriptor '/home/jagdeesh/tracker/install/example_mode_mission_cpp/share/example_mode_mission_cpp/package.dsv'
[11.880s] INFO:colcon.colcon_core.shell:Creating package script '/home/jagdeesh/tracker/install/example_mode_mission_cpp/share/example_mode_mission_cpp/package.sh'
[11.880s] INFO:colcon.colcon_core.shell:Creating package script '/home/jagdeesh/tracker/install/example_mode_mission_cpp/share/example_mode_mission_cpp/package.bash'
[11.881s] INFO:colcon.colcon_core.shell:Creating package script '/home/jagdeesh/tracker/install/example_mode_mission_cpp/share/example_mode_mission_cpp/package.zsh'
[11.882s] Level 1:colcon.colcon_core.environment:create_file_with_runtime_dependencies(/home/jagdeesh/tracker/install/example_mode_mission_cpp/share/colcon-core/packages/example_mode_mission_cpp)
[11.883s] Level 1:colcon.colcon_core.environment:create_environment_scripts_only(example_mode_mission_cpp)
[11.884s] Level 1:colcon.colcon_core.environment:checking '/home/jagdeesh/tracker/install/example_mode_mission_cpp' for CMake module files
[11.884s] Level 1:colcon.colcon_core.environment:checking '/home/jagdeesh/tracker/install/example_mode_mission_cpp' for CMake config files
[11.885s] Level 1:colcon.colcon_core.shell:create_environment_hook('example_mode_mission_cpp', 'cmake_prefix_path')
[11.885s] INFO:colcon.colcon_core.shell:Creating environment hook '/home/jagdeesh/tracker/install/example_mode_mission_cpp/share/example_mode_mission_cpp/hook/cmake_prefix_path.ps1'
[11.886s] INFO:colcon.colcon_core.shell:Creating environment descriptor '/home/jagdeesh/tracker/install/example_mode_mission_cpp/share/example_mode_mission_cpp/hook/cmake_prefix_path.dsv'
[11.887s] INFO:colcon.colcon_core.shell:Creating environment hook '/home/jagdeesh/tracker/install/example_mode_mission_cpp/share/example_mode_mission_cpp/hook/cmake_prefix_path.sh'
[11.888s] Level 1:colcon.colcon_core.environment:checking '/home/jagdeesh/tracker/install/example_mode_mission_cpp/lib'
[11.888s] Level 1:colcon.colcon_core.environment:checking '/home/jagdeesh/tracker/install/example_mode_mission_cpp/bin'
[11.888s] Level 1:colcon.colcon_core.environment:checking '/home/jagdeesh/tracker/install/example_mode_mission_cpp/lib/pkgconfig/example_mode_mission_cpp.pc'
[11.889s] Level 1:colcon.colcon_core.environment:checking '/home/jagdeesh/tracker/install/example_mode_mission_cpp/lib/python3.10/site-packages'
[11.889s] Level 1:colcon.colcon_core.environment:checking '/home/jagdeesh/tracker/install/example_mode_mission_cpp/bin'
[11.890s] INFO:colcon.colcon_core.shell:Creating package script '/home/jagdeesh/tracker/install/example_mode_mission_cpp/share/example_mode_mission_cpp/package.ps1'
[11.892s] INFO:colcon.colcon_core.shell:Creating package descriptor '/home/jagdeesh/tracker/install/example_mode_mission_cpp/share/example_mode_mission_cpp/package.dsv'
[11.892s] INFO:colcon.colcon_core.shell:Creating package script '/home/jagdeesh/tracker/install/example_mode_mission_cpp/share/example_mode_mission_cpp/package.sh'
[11.893s] INFO:colcon.colcon_core.shell:Creating package script '/home/jagdeesh/tracker/install/example_mode_mission_cpp/share/example_mode_mission_cpp/package.bash'
[11.894s] INFO:colcon.colcon_core.shell:Creating package script '/home/jagdeesh/tracker/install/example_mode_mission_cpp/share/example_mode_mission_cpp/package.zsh'
[11.895s] Level 1:colcon.colcon_core.environment:create_file_with_runtime_dependencies(/home/jagdeesh/tracker/install/example_mode_mission_cpp/share/colcon-core/packages/example_mode_mission_cpp)
[11.896s] INFO:colcon.colcon_ros.task.ament_cmake.build:Building ROS package in '/home/jagdeesh/tracker/src/px4-ros2-interface-lib/examples/cpp/modes/vtol' with build type 'ament_cmake'
[11.897s] INFO:colcon.colcon_cmake.task.cmake.build:Building CMake package in '/home/jagdeesh/tracker/src/px4-ros2-interface-lib/examples/cpp/modes/vtol'
[11.897s] INFO:colcon.colcon_core.shell:Skip shell extension 'powershell' for command environment: Not usable outside of PowerShell
[11.897s] DEBUG:colcon.colcon_core.shell:Skip shell extension 'dsv' for command environment
[11.903s] Level 1:colcon.colcon_core.environment:create_environment_scripts_only(example_mode_rtl_replacement_cpp)
[11.904s] Level 1:colcon.colcon_core.environment:checking '/home/jagdeesh/tracker/install/example_mode_rtl_replacement_cpp' for CMake module files
[11.906s] DEBUG:colcon.colcon_core.event_handler.log_command:Invoked command in '/home/jagdeesh/tracker/build/example_mode_rtl_replacement_cpp' returned '0': AMENT_PREFIX_PATH=/home/jagdeesh/tracker/install/px4_ros2_cpp:/home/jagdeesh/tracker/install/px4_msgs:${AMENT_PREFIX_PATH} CMAKE_PREFIX_PATH=/home/jagdeesh/tracker/install/px4_ros2_cpp:/home/jagdeesh/tracker/install/px4_msgs:/opt/ros/humble LD_LIBRARY_PATH=/home/jagdeesh/tracker/install/px4_ros2_cpp/lib:/home/jagdeesh/tracker/install/px4_msgs/lib:${LD_LIBRARY_PATH} PYTHONPATH=/home/jagdeesh/tracker/install/px4_msgs/local/lib/python3.10/dist-packages:${PYTHONPATH} /usr/bin/cmake --install /home/jagdeesh/tracker/build/example_mode_rtl_replacement_cpp
[11.906s] Level 1:colcon.colcon_core.environment:checking '/home/jagdeesh/tracker/install/example_mode_rtl_replacement_cpp' for CMake config files
[11.907s] Level 1:colcon.colcon_core.shell:create_environment_hook('example_mode_rtl_replacement_cpp', 'cmake_prefix_path')
[11.907s] INFO:colcon.colcon_core.shell:Creating environment hook '/home/jagdeesh/tracker/install/example_mode_rtl_replacement_cpp/share/example_mode_rtl_replacement_cpp/hook/cmake_prefix_path.ps1'
[11.908s] INFO:colcon.colcon_core.shell:Creating environment descriptor '/home/jagdeesh/tracker/install/example_mode_rtl_replacement_cpp/share/example_mode_rtl_replacement_cpp/hook/cmake_prefix_path.dsv'
[11.909s] INFO:colcon.colcon_core.shell:Creating environment hook '/home/jagdeesh/tracker/install/example_mode_rtl_replacement_cpp/share/example_mode_rtl_replacement_cpp/hook/cmake_prefix_path.sh'
[11.910s] Level 1:colcon.colcon_core.environment:checking '/home/jagdeesh/tracker/install/example_mode_rtl_replacement_cpp/lib'
[11.910s] Level 1:colcon.colcon_core.environment:checking '/home/jagdeesh/tracker/install/example_mode_rtl_replacement_cpp/bin'
[11.910s] Level 1:colcon.colcon_core.environment:checking '/home/jagdeesh/tracker/install/example_mode_rtl_replacement_cpp/lib/pkgconfig/example_mode_rtl_replacement_cpp.pc'
[11.910s] Level 1:colcon.colcon_core.environment:checking '/home/jagdeesh/tracker/install/example_mode_rtl_replacement_cpp/lib/python3.10/site-packages'
[11.911s] Level 1:colcon.colcon_core.environment:checking '/home/jagdeesh/tracker/install/example_mode_rtl_replacement_cpp/bin'
[11.912s] INFO:colcon.colcon_core.shell:Creating package script '/home/jagdeesh/tracker/install/example_mode_rtl_replacement_cpp/share/example_mode_rtl_replacement_cpp/package.ps1'
[11.913s] INFO:colcon.colcon_core.shell:Creating package descriptor '/home/jagdeesh/tracker/install/example_mode_rtl_replacement_cpp/share/example_mode_rtl_replacement_cpp/package.dsv'
[11.913s] INFO:colcon.colcon_core.shell:Creating package script '/home/jagdeesh/tracker/install/example_mode_rtl_replacement_cpp/share/example_mode_rtl_replacement_cpp/package.sh'
[11.914s] INFO:colcon.colcon_core.shell:Creating package script '/home/jagdeesh/tracker/install/example_mode_rtl_replacement_cpp/share/example_mode_rtl_replacement_cpp/package.bash'
[11.915s] INFO:colcon.colcon_core.shell:Creating package script '/home/jagdeesh/tracker/install/example_mode_rtl_replacement_cpp/share/example_mode_rtl_replacement_cpp/package.zsh'
[11.915s] Level 1:colcon.colcon_core.environment:create_file_with_runtime_dependencies(/home/jagdeesh/tracker/install/example_mode_rtl_replacement_cpp/share/colcon-core/packages/example_mode_rtl_replacement_cpp)
[11.917s] Level 1:colcon.colcon_core.environment:create_environment_scripts_only(example_mode_rtl_replacement_cpp)
[11.917s] Level 1:colcon.colcon_core.environment:checking '/home/jagdeesh/tracker/install/example_mode_rtl_replacement_cpp' for CMake module files
[11.918s] Level 1:colcon.colcon_core.environment:checking '/home/jagdeesh/tracker/install/example_mode_rtl_replacement_cpp' for CMake config files
[11.918s] Level 1:colcon.colcon_core.shell:create_environment_hook('example_mode_rtl_replacement_cpp', 'cmake_prefix_path')
[11.919s] INFO:colcon.colcon_core.shell:Creating environment hook '/home/jagdeesh/tracker/install/example_mode_rtl_replacement_cpp/share/example_mode_rtl_replacement_cpp/hook/cmake_prefix_path.ps1'
[11.920s] INFO:colcon.colcon_core.shell:Creating environment descriptor '/home/jagdeesh/tracker/install/example_mode_rtl_replacement_cpp/share/example_mode_rtl_replacement_cpp/hook/cmake_prefix_path.dsv'
[11.920s] INFO:colcon.colcon_core.shell:Creating environment hook '/home/jagdeesh/tracker/install/example_mode_rtl_replacement_cpp/share/example_mode_rtl_replacement_cpp/hook/cmake_prefix_path.sh'
[11.922s] Level 1:colcon.colcon_core.environment:checking '/home/jagdeesh/tracker/install/example_mode_rtl_replacement_cpp/lib'
[11.922s] Level 1:colcon.colcon_core.environment:checking '/home/jagdeesh/tracker/install/example_mode_rtl_replacement_cpp/bin'
[11.922s] Level 1:colcon.colcon_core.environment:checking '/home/jagdeesh/tracker/install/example_mode_rtl_replacement_cpp/lib/pkgconfig/example_mode_rtl_replacement_cpp.pc'
[11.922s] Level 1:colcon.colcon_core.environment:checking '/home/jagdeesh/tracker/install/example_mode_rtl_replacement_cpp/lib/python3.10/site-packages'
[11.923s] Level 1:colcon.colcon_core.environment:checking '/home/jagdeesh/tracker/install/example_mode_rtl_replacement_cpp/bin'
[11.923s] INFO:colcon.colcon_core.shell:Creating package script '/home/jagdeesh/tracker/install/example_mode_rtl_replacement_cpp/share/example_mode_rtl_replacement_cpp/package.ps1'
[11.924s] INFO:colcon.colcon_core.shell:Creating package descriptor '/home/jagdeesh/tracker/install/example_mode_rtl_replacement_cpp/share/example_mode_rtl_replacement_cpp/package.dsv'
[11.925s] INFO:colcon.colcon_core.shell:Creating package script '/home/jagdeesh/tracker/install/example_mode_rtl_replacement_cpp/share/example_mode_rtl_replacement_cpp/package.sh'
[11.925s] INFO:colcon.colcon_core.shell:Creating package script '/home/jagdeesh/tracker/install/example_mode_rtl_replacement_cpp/share/example_mode_rtl_replacement_cpp/package.bash'
[11.926s] INFO:colcon.colcon_core.shell:Creating package script '/home/jagdeesh/tracker/install/example_mode_rtl_replacement_cpp/share/example_mode_rtl_replacement_cpp/package.zsh'
[11.926s] Level 1:colcon.colcon_core.environment:create_file_with_runtime_dependencies(/home/jagdeesh/tracker/install/example_mode_rtl_replacement_cpp/share/colcon-core/packages/example_mode_rtl_replacement_cpp)
[11.927s] INFO:colcon.colcon_ros.task.ament_cmake.build:Building ROS package in '/home/jagdeesh/tracker/src/px4-ros2-interface-lib/examples/cpp/modes/mode_with_executor' with build type 'ament_cmake'
[11.928s] INFO:colcon.colcon_cmake.task.cmake.build:Building CMake package in '/home/jagdeesh/tracker/src/px4-ros2-interface-lib/examples/cpp/modes/mode_with_executor'
[11.928s] INFO:colcon.colcon_core.shell:Skip shell extension 'powershell' for command environment: Not usable outside of PowerShell
[11.928s] DEBUG:colcon.colcon_core.shell:Skip shell extension 'dsv' for command environment
[11.937s] DEBUG:colcon.colcon_core.event_handler.log_command:Invoking command in '/home/jagdeesh/tracker/build/example_mode_vtol_cpp': AMENT_PREFIX_PATH=/home/jagdeesh/tracker/install/px4_ros2_cpp:/home/jagdeesh/tracker/install/px4_msgs:${AMENT_PREFIX_PATH} CMAKE_PREFIX_PATH=/home/jagdeesh/tracker/install/px4_ros2_cpp:/home/jagdeesh/tracker/install/px4_msgs:/opt/ros/humble LD_LIBRARY_PATH=/home/jagdeesh/tracker/install/px4_ros2_cpp/lib:/home/jagdeesh/tracker/install/px4_msgs/lib:${LD_LIBRARY_PATH} PYTHONPATH=/home/jagdeesh/tracker/install/px4_msgs/local/lib/python3.10/dist-packages:${PYTHONPATH} /usr/bin/cmake --build /home/jagdeesh/tracker/build/example_mode_vtol_cpp -- -j12 -l12
[11.945s] DEBUG:colcon.colcon_core.event_handler.log_command:Invoking command in '/home/jagdeesh/tracker/build/example_mode_with_executor_cpp': AMENT_PREFIX_PATH=/home/jagdeesh/tracker/install/px4_ros2_cpp:/home/jagdeesh/tracker/install/px4_msgs:${AMENT_PREFIX_PATH} CMAKE_PREFIX_PATH=/home/jagdeesh/tracker/install/px4_ros2_cpp:/home/jagdeesh/tracker/install/px4_msgs:/opt/ros/humble LD_LIBRARY_PATH=/home/jagdeesh/tracker/install/px4_ros2_cpp/lib:/home/jagdeesh/tracker/install/px4_msgs/lib:${LD_LIBRARY_PATH} PYTHONPATH=/home/jagdeesh/tracker/install/px4_msgs/local/lib/python3.10/dist-packages:${PYTHONPATH} /usr/bin/cmake --build /home/jagdeesh/tracker/build/example_mode_with_executor_cpp -- -j12 -l12
[12.056s] DEBUG:colcon.colcon_core.event_handler.log_command:Invoked command in '/home/jagdeesh/tracker/build/example_mode_vtol_cpp' returned '0': AMENT_PREFIX_PATH=/home/jagdeesh/tracker/install/px4_ros2_cpp:/home/jagdeesh/tracker/install/px4_msgs:${AMENT_PREFIX_PATH} CMAKE_PREFIX_PATH=/home/jagdeesh/tracker/install/px4_ros2_cpp:/home/jagdeesh/tracker/install/px4_msgs:/opt/ros/humble LD_LIBRARY_PATH=/home/jagdeesh/tracker/install/px4_ros2_cpp/lib:/home/jagdeesh/tracker/install/px4_msgs/lib:${LD_LIBRARY_PATH} PYTHONPATH=/home/jagdeesh/tracker/install/px4_msgs/local/lib/python3.10/dist-packages:${PYTHONPATH} /usr/bin/cmake --build /home/jagdeesh/tracker/build/example_mode_vtol_cpp -- -j12 -l12
[12.058s] DEBUG:colcon.colcon_core.event_handler.log_command:Invoking command in '/home/jagdeesh/tracker/build/example_mode_vtol_cpp': AMENT_PREFIX_PATH=/home/jagdeesh/tracker/install/px4_ros2_cpp:/home/jagdeesh/tracker/install/px4_msgs:${AMENT_PREFIX_PATH} CMAKE_PREFIX_PATH=/home/jagdeesh/tracker/install/px4_ros2_cpp:/home/jagdeesh/tracker/install/px4_msgs:/opt/ros/humble LD_LIBRARY_PATH=/home/jagdeesh/tracker/install/px4_ros2_cpp/lib:/home/jagdeesh/tracker/install/px4_msgs/lib:${LD_LIBRARY_PATH} PYTHONPATH=/home/jagdeesh/tracker/install/px4_msgs/local/lib/python3.10/dist-packages:${PYTHONPATH} /usr/bin/cmake --install /home/jagdeesh/tracker/build/example_mode_vtol_cpp
[12.061s] DEBUG:colcon.colcon_core.event_handler.log_command:Invoked command in '/home/jagdeesh/tracker/build/example_mode_with_executor_cpp' returned '0': AMENT_PREFIX_PATH=/home/jagdeesh/tracker/install/px4_ros2_cpp:/home/jagdeesh/tracker/install/px4_msgs:${AMENT_PREFIX_PATH} CMAKE_PREFIX_PATH=/home/jagdeesh/tracker/install/px4_ros2_cpp:/home/jagdeesh/tracker/install/px4_msgs:/opt/ros/humble LD_LIBRARY_PATH=/home/jagdeesh/tracker/install/px4_ros2_cpp/lib:/home/jagdeesh/tracker/install/px4_msgs/lib:${LD_LIBRARY_PATH} PYTHONPATH=/home/jagdeesh/tracker/install/px4_msgs/local/lib/python3.10/dist-packages:${PYTHONPATH} /usr/bin/cmake --build /home/jagdeesh/tracker/build/example_mode_with_executor_cpp -- -j12 -l12
[12.064s] DEBUG:colcon.colcon_core.event_handler.log_command:Invoking command in '/home/jagdeesh/tracker/build/example_mode_with_executor_cpp': AMENT_PREFIX_PATH=/home/jagdeesh/tracker/install/px4_ros2_cpp:/home/jagdeesh/tracker/install/px4_msgs:${AMENT_PREFIX_PATH} CMAKE_PREFIX_PATH=/home/jagdeesh/tracker/install/px4_ros2_cpp:/home/jagdeesh/tracker/install/px4_msgs:/opt/ros/humble LD_LIBRARY_PATH=/home/jagdeesh/tracker/install/px4_ros2_cpp/lib:/home/jagdeesh/tracker/install/px4_msgs/lib:${LD_LIBRARY_PATH} PYTHONPATH=/home/jagdeesh/tracker/install/px4_msgs/local/lib/python3.10/dist-packages:${PYTHONPATH} /usr/bin/cmake --install /home/jagdeesh/tracker/build/example_mode_with_executor_cpp
[12.074s] Level 1:colcon.colcon_core.environment:create_environment_scripts_only(example_mode_vtol_cpp)
[12.074s] Level 1:colcon.colcon_core.environment:checking '/home/jagdeesh/tracker/install/example_mode_vtol_cpp' for CMake module files
[12.075s] DEBUG:colcon.colcon_core.event_handler.log_command:Invoked command in '/home/jagdeesh/tracker/build/example_mode_vtol_cpp' returned '0': AMENT_PREFIX_PATH=/home/jagdeesh/tracker/install/px4_ros2_cpp:/home/jagdeesh/tracker/install/px4_msgs:${AMENT_PREFIX_PATH} CMAKE_PREFIX_PATH=/home/jagdeesh/tracker/install/px4_ros2_cpp:/home/jagdeesh/tracker/install/px4_msgs:/opt/ros/humble LD_LIBRARY_PATH=/home/jagdeesh/tracker/install/px4_ros2_cpp/lib:/home/jagdeesh/tracker/install/px4_msgs/lib:${LD_LIBRARY_PATH} PYTHONPATH=/home/jagdeesh/tracker/install/px4_msgs/local/lib/python3.10/dist-packages:${PYTHONPATH} /usr/bin/cmake --install /home/jagdeesh/tracker/build/example_mode_vtol_cpp
[12.076s] Level 1:colcon.colcon_core.environment:checking '/home/jagdeesh/tracker/install/example_mode_vtol_cpp' for CMake config files
[12.076s] Level 1:colcon.colcon_core.shell:create_environment_hook('example_mode_vtol_cpp', 'cmake_prefix_path')
[12.076s] INFO:colcon.colcon_core.shell:Creating environment hook '/home/jagdeesh/tracker/install/example_mode_vtol_cpp/share/example_mode_vtol_cpp/hook/cmake_prefix_path.ps1'
[12.077s] INFO:colcon.colcon_core.shell:Creating environment descriptor '/home/jagdeesh/tracker/install/example_mode_vtol_cpp/share/example_mode_vtol_cpp/hook/cmake_prefix_path.dsv'
[12.078s] INFO:colcon.colcon_core.shell:Creating environment hook '/home/jagdeesh/tracker/install/example_mode_vtol_cpp/share/example_mode_vtol_cpp/hook/cmake_prefix_path.sh'
[12.078s] Level 1:colcon.colcon_core.environment:checking '/home/jagdeesh/tracker/install/example_mode_vtol_cpp/lib'
[12.079s] Level 1:colcon.colcon_core.environment:checking '/home/jagdeesh/tracker/install/example_mode_vtol_cpp/bin'
[12.079s] Level 1:colcon.colcon_core.environment:checking '/home/jagdeesh/tracker/install/example_mode_vtol_cpp/lib/pkgconfig/example_mode_vtol_cpp.pc'
[12.079s] Level 1:colcon.colcon_core.environment:checking '/home/jagdeesh/tracker/install/example_mode_vtol_cpp/lib/python3.10/site-packages'
[12.079s] Level 1:colcon.colcon_core.environment:checking '/home/jagdeesh/tracker/install/example_mode_vtol_cpp/bin'
[12.080s] INFO:colcon.colcon_core.shell:Creating package script '/home/jagdeesh/tracker/install/example_mode_vtol_cpp/share/example_mode_vtol_cpp/package.ps1'
[12.081s] INFO:colcon.colcon_core.shell:Creating package descriptor '/home/jagdeesh/tracker/install/example_mode_vtol_cpp/share/example_mode_vtol_cpp/package.dsv'
[12.082s] INFO:colcon.colcon_core.shell:Creating package script '/home/jagdeesh/tracker/install/example_mode_vtol_cpp/share/example_mode_vtol_cpp/package.sh'
[12.082s] INFO:colcon.colcon_core.shell:Creating package script '/home/jagdeesh/tracker/install/example_mode_vtol_cpp/share/example_mode_vtol_cpp/package.bash'
[12.083s] INFO:colcon.colcon_core.shell:Creating package script '/home/jagdeesh/tracker/install/example_mode_vtol_cpp/share/example_mode_vtol_cpp/package.zsh'
[12.084s] Level 1:colcon.colcon_core.environment:create_file_with_runtime_dependencies(/home/jagdeesh/tracker/install/example_mode_vtol_cpp/share/colcon-core/packages/example_mode_vtol_cpp)
[12.085s] Level 1:colcon.colcon_core.environment:create_environment_scripts_only(example_mode_vtol_cpp)
[12.086s] Level 1:colcon.colcon_core.environment:checking '/home/jagdeesh/tracker/install/example_mode_vtol_cpp' for CMake module files
[12.087s] Level 1:colcon.colcon_core.environment:checking '/home/jagdeesh/tracker/install/example_mode_vtol_cpp' for CMake config files
[12.087s] Level 1:colcon.colcon_core.shell:create_environment_hook('example_mode_vtol_cpp', 'cmake_prefix_path')
[12.088s] INFO:colcon.colcon_core.shell:Creating environment hook '/home/jagdeesh/tracker/install/example_mode_vtol_cpp/share/example_mode_vtol_cpp/hook/cmake_prefix_path.ps1'
[12.088s] INFO:colcon.colcon_core.shell:Creating environment descriptor '/home/jagdeesh/tracker/install/example_mode_vtol_cpp/share/example_mode_vtol_cpp/hook/cmake_prefix_path.dsv'
[12.089s] INFO:colcon.colcon_core.shell:Creating environment hook '/home/jagdeesh/tracker/install/example_mode_vtol_cpp/share/example_mode_vtol_cpp/hook/cmake_prefix_path.sh'
[12.090s] Level 1:colcon.colcon_core.environment:checking '/home/jagdeesh/tracker/install/example_mode_vtol_cpp/lib'
[12.090s] Level 1:colcon.colcon_core.environment:checking '/home/jagdeesh/tracker/install/example_mode_vtol_cpp/bin'
[12.090s] Level 1:colcon.colcon_core.environment:checking '/home/jagdeesh/tracker/install/example_mode_vtol_cpp/lib/pkgconfig/example_mode_vtol_cpp.pc'
[12.091s] Level 1:colcon.colcon_core.environment:checking '/home/jagdeesh/tracker/install/example_mode_vtol_cpp/lib/python3.10/site-packages'
[12.091s] Level 1:colcon.colcon_core.environment:checking '/home/jagdeesh/tracker/install/example_mode_vtol_cpp/bin'
[12.092s] INFO:colcon.colcon_core.shell:Creating package script '/home/jagdeesh/tracker/install/example_mode_vtol_cpp/share/example_mode_vtol_cpp/package.ps1'
[12.093s] INFO:colcon.colcon_core.shell:Creating package descriptor '/home/jagdeesh/tracker/install/example_mode_vtol_cpp/share/example_mode_vtol_cpp/package.dsv'
[12.093s] INFO:colcon.colcon_core.shell:Creating package script '/home/jagdeesh/tracker/install/example_mode_vtol_cpp/share/example_mode_vtol_cpp/package.sh'
[12.094s] INFO:colcon.colcon_core.shell:Creating package script '/home/jagdeesh/tracker/install/example_mode_vtol_cpp/share/example_mode_vtol_cpp/package.bash'
[12.095s] INFO:colcon.colcon_core.shell:Creating package script '/home/jagdeesh/tracker/install/example_mode_vtol_cpp/share/example_mode_vtol_cpp/package.zsh'
[12.096s] Level 1:colcon.colcon_core.environment:create_file_with_runtime_dependencies(/home/jagdeesh/tracker/install/example_mode_vtol_cpp/share/colcon-core/packages/example_mode_vtol_cpp)
[12.097s] INFO:colcon.colcon_ros.task.ament_cmake.build:Building ROS package in '/home/jagdeesh/tracker/src/px4-ros2-interface-lib/examples/cpp/modes/rover_velocity' with build type 'ament_cmake'
[12.097s] INFO:colcon.colcon_cmake.task.cmake.build:Building CMake package in '/home/jagdeesh/tracker/src/px4-ros2-interface-lib/examples/cpp/modes/rover_velocity'
[12.098s] INFO:colcon.colcon_core.shell:Skip shell extension 'powershell' for command environment: Not usable outside of PowerShell
[12.098s] DEBUG:colcon.colcon_core.shell:Skip shell extension 'dsv' for command environment
[12.103s] Level 1:colcon.colcon_core.environment:create_environment_scripts_only(example_mode_with_executor_cpp)
[12.104s] Level 1:colcon.colcon_core.environment:checking '/home/jagdeesh/tracker/install/example_mode_with_executor_cpp' for CMake module files
[12.106s] Level 1:colcon.colcon_core.environment:checking '/home/jagdeesh/tracker/install/example_mode_with_executor_cpp' for CMake config files
[12.106s] Level 1:colcon.colcon_core.shell:create_environment_hook('example_mode_with_executor_cpp', 'cmake_prefix_path')
[12.107s] INFO:colcon.colcon_core.shell:Creating environment hook '/home/jagdeesh/tracker/install/example_mode_with_executor_cpp/share/example_mode_with_executor_cpp/hook/cmake_prefix_path.ps1'
[12.108s] DEBUG:colcon.colcon_core.event_handler.log_command:Invoked command in '/home/jagdeesh/tracker/build/example_mode_with_executor_cpp' returned '0': AMENT_PREFIX_PATH=/home/jagdeesh/tracker/install/px4_ros2_cpp:/home/jagdeesh/tracker/install/px4_msgs:${AMENT_PREFIX_PATH} CMAKE_PREFIX_PATH=/home/jagdeesh/tracker/install/px4_ros2_cpp:/home/jagdeesh/tracker/install/px4_msgs:/opt/ros/humble LD_LIBRARY_PATH=/home/jagdeesh/tracker/install/px4_ros2_cpp/lib:/home/jagdeesh/tracker/install/px4_msgs/lib:${LD_LIBRARY_PATH} PYTHONPATH=/home/jagdeesh/tracker/install/px4_msgs/local/lib/python3.10/dist-packages:${PYTHONPATH} /usr/bin/cmake --install /home/jagdeesh/tracker/build/example_mode_with_executor_cpp
[12.109s] INFO:colcon.colcon_core.shell:Creating environment descriptor '/home/jagdeesh/tracker/install/example_mode_with_executor_cpp/share/example_mode_with_executor_cpp/hook/cmake_prefix_path.dsv'
[12.109s] INFO:colcon.colcon_core.shell:Creating environment hook '/home/jagdeesh/tracker/install/example_mode_with_executor_cpp/share/example_mode_with_executor_cpp/hook/cmake_prefix_path.sh'
[12.110s] Level 1:colcon.colcon_core.environment:checking '/home/jagdeesh/tracker/install/example_mode_with_executor_cpp/lib'
[12.111s] Level 1:colcon.colcon_core.environment:checking '/home/jagdeesh/tracker/install/example_mode_with_executor_cpp/bin'
[12.111s] Level 1:colcon.colcon_core.environment:checking '/home/jagdeesh/tracker/install/example_mode_with_executor_cpp/lib/pkgconfig/example_mode_with_executor_cpp.pc'
[12.111s] Level 1:colcon.colcon_core.environment:checking '/home/jagdeesh/tracker/install/example_mode_with_executor_cpp/lib/python3.10/site-packages'
[12.112s] Level 1:colcon.colcon_core.environment:checking '/home/jagdeesh/tracker/install/example_mode_with_executor_cpp/bin'
[12.112s] INFO:colcon.colcon_core.shell:Creating package script '/home/jagdeesh/tracker/install/example_mode_with_executor_cpp/share/example_mode_with_executor_cpp/package.ps1'
[12.114s] INFO:colcon.colcon_core.shell:Creating package descriptor '/home/jagdeesh/tracker/install/example_mode_with_executor_cpp/share/example_mode_with_executor_cpp/package.dsv'
[12.114s] INFO:colcon.colcon_core.shell:Creating package script '/home/jagdeesh/tracker/install/example_mode_with_executor_cpp/share/example_mode_with_executor_cpp/package.sh'
[12.115s] INFO:colcon.colcon_core.shell:Creating package script '/home/jagdeesh/tracker/install/example_mode_with_executor_cpp/share/example_mode_with_executor_cpp/package.bash'
[12.116s] INFO:colcon.colcon_core.shell:Creating package script '/home/jagdeesh/tracker/install/example_mode_with_executor_cpp/share/example_mode_with_executor_cpp/package.zsh'
[12.116s] Level 1:colcon.colcon_core.environment:create_file_with_runtime_dependencies(/home/jagdeesh/tracker/install/example_mode_with_executor_cpp/share/colcon-core/packages/example_mode_with_executor_cpp)
[12.117s] Level 1:colcon.colcon_core.environment:create_environment_scripts_only(example_mode_with_executor_cpp)
[12.118s] Level 1:colcon.colcon_core.environment:checking '/home/jagdeesh/tracker/install/example_mode_with_executor_cpp' for CMake module files
[12.118s] Level 1:colcon.colcon_core.environment:checking '/home/jagdeesh/tracker/install/example_mode_with_executor_cpp' for CMake config files
[12.119s] Level 1:colcon.colcon_core.shell:create_environment_hook('example_mode_with_executor_cpp', 'cmake_prefix_path')
[12.119s] INFO:colcon.colcon_core.shell:Creating environment hook '/home/jagdeesh/tracker/install/example_mode_with_executor_cpp/share/example_mode_with_executor_cpp/hook/cmake_prefix_path.ps1'
[12.120s] INFO:colcon.colcon_core.shell:Creating environment descriptor '/home/jagdeesh/tracker/install/example_mode_with_executor_cpp/share/example_mode_with_executor_cpp/hook/cmake_prefix_path.dsv'
[12.120s] INFO:colcon.colcon_core.shell:Creating environment hook '/home/jagdeesh/tracker/install/example_mode_with_executor_cpp/share/example_mode_with_executor_cpp/hook/cmake_prefix_path.sh'
[12.121s] Level 1:colcon.colcon_core.environment:checking '/home/jagdeesh/tracker/install/example_mode_with_executor_cpp/lib'
[12.121s] Level 1:colcon.colcon_core.environment:checking '/home/jagdeesh/tracker/install/example_mode_with_executor_cpp/bin'
[12.122s] Level 1:colcon.colcon_core.environment:checking '/home/jagdeesh/tracker/install/example_mode_with_executor_cpp/lib/pkgconfig/example_mode_with_executor_cpp.pc'
[12.122s] Level 1:colcon.colcon_core.environment:checking '/home/jagdeesh/tracker/install/example_mode_with_executor_cpp/lib/python3.10/site-packages'
[12.122s] Level 1:colcon.colcon_core.environment:checking '/home/jagdeesh/tracker/install/example_mode_with_executor_cpp/bin'
[12.123s] INFO:colcon.colcon_core.shell:Creating package script '/home/jagdeesh/tracker/install/example_mode_with_executor_cpp/share/example_mode_with_executor_cpp/package.ps1'
[12.124s] INFO:colcon.colcon_core.shell:Creating package descriptor '/home/jagdeesh/tracker/install/example_mode_with_executor_cpp/share/example_mode_with_executor_cpp/package.dsv'
[12.124s] INFO:colcon.colcon_core.shell:Creating package script '/home/jagdeesh/tracker/install/example_mode_with_executor_cpp/share/example_mode_with_executor_cpp/package.sh'
[12.125s] INFO:colcon.colcon_core.shell:Creating package script '/home/jagdeesh/tracker/install/example_mode_with_executor_cpp/share/example_mode_with_executor_cpp/package.bash'
[12.126s] INFO:colcon.colcon_core.shell:Creating package script '/home/jagdeesh/tracker/install/example_mode_with_executor_cpp/share/example_mode_with_executor_cpp/package.zsh'
[12.126s] Level 1:colcon.colcon_core.environment:create_file_with_runtime_dependencies(/home/jagdeesh/tracker/install/example_mode_with_executor_cpp/share/colcon-core/packages/example_mode_with_executor_cpp)
[12.128s] INFO:colcon.colcon_ros.task.ament_cmake.build:Building ROS package in '/home/jagdeesh/tracker/fixed_src/precision_land' with build type 'ament_cmake'
[12.128s] INFO:colcon.colcon_cmake.task.cmake.build:Building CMake package in '/home/jagdeesh/tracker/fixed_src/precision_land'
[12.128s] INFO:colcon.colcon_core.shell:Skip shell extension 'powershell' for command environment: Not usable outside of PowerShell
[12.129s] DEBUG:colcon.colcon_core.shell:Skip shell extension 'dsv' for command environment
[12.139s] DEBUG:colcon.colcon_core.event_handler.log_command:Invoking command in '/home/jagdeesh/tracker/build/example_rover_velocity_mode_cpp': AMENT_PREFIX_PATH=/home/jagdeesh/tracker/install/px4_ros2_cpp:/home/jagdeesh/tracker/install/px4_msgs:${AMENT_PREFIX_PATH} CMAKE_PREFIX_PATH=/home/jagdeesh/tracker/install/px4_ros2_cpp:/home/jagdeesh/tracker/install/px4_msgs:/opt/ros/humble LD_LIBRARY_PATH=/home/jagdeesh/tracker/install/px4_ros2_cpp/lib:/home/jagdeesh/tracker/install/px4_msgs/lib:${LD_LIBRARY_PATH} PYTHONPATH=/home/jagdeesh/tracker/install/px4_msgs/local/lib/python3.10/dist-packages:${PYTHONPATH} /usr/bin/cmake --build /home/jagdeesh/tracker/build/example_rover_velocity_mode_cpp -- -j12 -l12
[12.145s] DEBUG:colcon.colcon_core.event_handler.log_command:Invoking command in '/home/jagdeesh/tracker/build/precision_land': AMENT_PREFIX_PATH=/home/jagdeesh/tracker/install/px4_ros2_cpp:/home/jagdeesh/tracker/install/px4_msgs:${AMENT_PREFIX_PATH} CMAKE_PREFIX_PATH=/home/jagdeesh/tracker/install/px4_ros2_cpp:/home/jagdeesh/tracker/install/px4_msgs:/opt/ros/humble LD_LIBRARY_PATH=/home/jagdeesh/tracker/install/px4_ros2_cpp/lib:/home/jagdeesh/tracker/install/px4_msgs/lib:${LD_LIBRARY_PATH} PYTHONPATH=/home/jagdeesh/tracker/install/px4_msgs/local/lib/python3.10/dist-packages:${PYTHONPATH} /usr/bin/cmake /home/jagdeesh/tracker/fixed_src/precision_land -DCMAKE_BUILD_TYPE=Release -DCMAKE_INSTALL_PREFIX=/home/jagdeesh/tracker/install/precision_land
[12.254s] DEBUG:colcon.colcon_core.event_handler.log_command:Invoked command in '/home/jagdeesh/tracker/build/example_rover_velocity_mode_cpp' returned '0': AMENT_PREFIX_PATH=/home/jagdeesh/tracker/install/px4_ros2_cpp:/home/jagdeesh/tracker/install/px4_msgs:${AMENT_PREFIX_PATH} CMAKE_PREFIX_PATH=/home/jagdeesh/tracker/install/px4_ros2_cpp:/home/jagdeesh/tracker/install/px4_msgs:/opt/ros/humble LD_LIBRARY_PATH=/home/jagdeesh/tracker/install/px4_ros2_cpp/lib:/home/jagdeesh/tracker/install/px4_msgs/lib:${LD_LIBRARY_PATH} PYTHONPATH=/home/jagdeesh/tracker/install/px4_msgs/local/lib/python3.10/dist-packages:${PYTHONPATH} /usr/bin/cmake --build /home/jagdeesh/tracker/build/example_rover_velocity_mode_cpp -- -j12 -l12
[12.257s] DEBUG:colcon.colcon_core.event_handler.log_command:Invoking command in '/home/jagdeesh/tracker/build/example_rover_velocity_mode_cpp': AMENT_PREFIX_PATH=/home/jagdeesh/tracker/install/px4_ros2_cpp:/home/jagdeesh/tracker/install/px4_msgs:${AMENT_PREFIX_PATH} CMAKE_PREFIX_PATH=/home/jagdeesh/tracker/install/px4_ros2_cpp:/home/jagdeesh/tracker/install/px4_msgs:/opt/ros/humble LD_LIBRARY_PATH=/home/jagdeesh/tracker/install/px4_ros2_cpp/lib:/home/jagdeesh/tracker/install/px4_msgs/lib:${LD_LIBRARY_PATH} PYTHONPATH=/home/jagdeesh/tracker/install/px4_msgs/local/lib/python3.10/dist-packages:${PYTHONPATH} /usr/bin/cmake --install /home/jagdeesh/tracker/build/example_rover_velocity_mode_cpp
[12.274s] Level 1:colcon.colcon_core.environment:create_environment_scripts_only(example_rover_velocity_mode_cpp)
[12.274s] Level 1:colcon.colcon_core.environment:checking '/home/jagdeesh/tracker/install/example_rover_velocity_mode_cpp' for CMake module files
[12.275s] DEBUG:colcon.colcon_core.event_handler.log_command:Invoked command in '/home/jagdeesh/tracker/build/example_rover_velocity_mode_cpp' returned '0': AMENT_PREFIX_PATH=/home/jagdeesh/tracker/install/px4_ros2_cpp:/home/jagdeesh/tracker/install/px4_msgs:${AMENT_PREFIX_PATH} CMAKE_PREFIX_PATH=/home/jagdeesh/tracker/install/px4_ros2_cpp:/home/jagdeesh/tracker/install/px4_msgs:/opt/ros/humble LD_LIBRARY_PATH=/home/jagdeesh/tracker/install/px4_ros2_cpp/lib:/home/jagdeesh/tracker/install/px4_msgs/lib:${LD_LIBRARY_PATH} PYTHONPATH=/home/jagdeesh/tracker/install/px4_msgs/local/lib/python3.10/dist-packages:${PYTHONPATH} /usr/bin/cmake --install /home/jagdeesh/tracker/build/example_rover_velocity_mode_cpp
[12.276s] Level 1:colcon.colcon_core.environment:checking '/home/jagdeesh/tracker/install/example_rover_velocity_mode_cpp' for CMake config files
[12.276s] Level 1:colcon.colcon_core.shell:create_environment_hook('example_rover_velocity_mode_cpp', 'cmake_prefix_path')
[12.276s] INFO:colcon.colcon_core.shell:Creating environment hook '/home/jagdeesh/tracker/install/example_rover_velocity_mode_cpp/share/example_rover_velocity_mode_cpp/hook/cmake_prefix_path.ps1'
[12.277s] INFO:colcon.colcon_core.shell:Creating environment descriptor '/home/jagdeesh/tracker/install/example_rover_velocity_mode_cpp/share/example_rover_velocity_mode_cpp/hook/cmake_prefix_path.dsv'
[12.278s] INFO:colcon.colcon_core.shell:Creating environment hook '/home/jagdeesh/tracker/install/example_rover_velocity_mode_cpp/share/example_rover_velocity_mode_cpp/hook/cmake_prefix_path.sh'
[12.279s] Level 1:colcon.colcon_core.environment:checking '/home/jagdeesh/tracker/install/example_rover_velocity_mode_cpp/lib'
[12.279s] Level 1:colcon.colcon_core.environment:checking '/home/jagdeesh/tracker/install/example_rover_velocity_mode_cpp/bin'
[12.279s] Level 1:colcon.colcon_core.environment:checking '/home/jagdeesh/tracker/install/example_rover_velocity_mode_cpp/lib/pkgconfig/example_rover_velocity_mode_cpp.pc'
[12.279s] Level 1:colcon.colcon_core.environment:checking '/home/jagdeesh/tracker/install/example_rover_velocity_mode_cpp/lib/python3.10/site-packages'
[12.280s] Level 1:colcon.colcon_core.environment:checking '/home/jagdeesh/tracker/install/example_rover_velocity_mode_cpp/bin'
[12.280s] INFO:colcon.colcon_core.shell:Creating package script '/home/jagdeesh/tracker/install/example_rover_velocity_mode_cpp/share/example_rover_velocity_mode_cpp/package.ps1'
[12.281s] INFO:colcon.colcon_core.shell:Creating package descriptor '/home/jagdeesh/tracker/install/example_rover_velocity_mode_cpp/share/example_rover_velocity_mode_cpp/package.dsv'
[12.281s] INFO:colcon.colcon_core.shell:Creating package script '/home/jagdeesh/tracker/install/example_rover_velocity_mode_cpp/share/example_rover_velocity_mode_cpp/package.sh'
[12.282s] INFO:colcon.colcon_core.shell:Creating package script '/home/jagdeesh/tracker/install/example_rover_velocity_mode_cpp/share/example_rover_velocity_mode_cpp/package.bash'
[12.282s] INFO:colcon.colcon_core.shell:Creating package script '/home/jagdeesh/tracker/install/example_rover_velocity_mode_cpp/share/example_rover_velocity_mode_cpp/package.zsh'
[12.282s] Level 1:colcon.colcon_core.environment:create_file_with_runtime_dependencies(/home/jagdeesh/tracker/install/example_rover_velocity_mode_cpp/share/colcon-core/packages/example_rover_velocity_mode_cpp)
[12.283s] Level 1:colcon.colcon_core.environment:create_environment_scripts_only(example_rover_velocity_mode_cpp)
[12.284s] Level 1:colcon.colcon_core.environment:checking '/home/jagdeesh/tracker/install/example_rover_velocity_mode_cpp' for CMake module files
[12.284s] Level 1:colcon.colcon_core.environment:checking '/home/jagdeesh/tracker/install/example_rover_velocity_mode_cpp' for CMake config files
[12.285s] Level 1:colcon.colcon_core.shell:create_environment_hook('example_rover_velocity_mode_cpp', 'cmake_prefix_path')
[12.285s] INFO:colcon.colcon_core.shell:Creating environment hook '/home/jagdeesh/tracker/install/example_rover_velocity_mode_cpp/share/example_rover_velocity_mode_cpp/hook/cmake_prefix_path.ps1'
[12.286s] INFO:colcon.colcon_core.shell:Creating environment descriptor '/home/jagdeesh/tracker/install/example_rover_velocity_mode_cpp/share/example_rover_velocity_mode_cpp/hook/cmake_prefix_path.dsv'
[12.286s] INFO:colcon.colcon_core.shell:Creating environment hook '/home/jagdeesh/tracker/install/example_rover_velocity_mode_cpp/share/example_rover_velocity_mode_cpp/hook/cmake_prefix_path.sh'
[12.287s] Level 1:colcon.colcon_core.environment:checking '/home/jagdeesh/tracker/install/example_rover_velocity_mode_cpp/lib'
[12.287s] Level 1:colcon.colcon_core.environment:checking '/home/jagdeesh/tracker/install/example_rover_velocity_mode_cpp/bin'
[12.287s] Level 1:colcon.colcon_core.environment:checking '/home/jagdeesh/tracker/install/example_rover_velocity_mode_cpp/lib/pkgconfig/example_rover_velocity_mode_cpp.pc'
[12.288s] Level 1:colcon.colcon_core.environment:checking '/home/jagdeesh/tracker/install/example_rover_velocity_mode_cpp/lib/python3.10/site-packages'
[12.288s] Level 1:colcon.colcon_core.environment:checking '/home/jagdeesh/tracker/install/example_rover_velocity_mode_cpp/bin'
[12.289s] INFO:colcon.colcon_core.shell:Creating package script '/home/jagdeesh/tracker/install/example_rover_velocity_mode_cpp/share/example_rover_velocity_mode_cpp/package.ps1'
[12.289s] INFO:colcon.colcon_core.shell:Creating package descriptor '/home/jagdeesh/tracker/install/example_rover_velocity_mode_cpp/share/example_rover_velocity_mode_cpp/package.dsv'
[12.290s] INFO:colcon.colcon_core.shell:Creating package script '/home/jagdeesh/tracker/install/example_rover_velocity_mode_cpp/share/example_rover_velocity_mode_cpp/package.sh'
[12.290s] INFO:colcon.colcon_core.shell:Creating package script '/home/jagdeesh/tracker/install/example_rover_velocity_mode_cpp/share/example_rover_velocity_mode_cpp/package.bash'
[12.291s] INFO:colcon.colcon_core.shell:Creating package script '/home/jagdeesh/tracker/install/example_rover_velocity_mode_cpp/share/example_rover_velocity_mode_cpp/package.zsh'
[12.291s] Level 1:colcon.colcon_core.environment:create_file_with_runtime_dependencies(/home/jagdeesh/tracker/install/example_rover_velocity_mode_cpp/share/colcon-core/packages/example_rover_velocity_mode_cpp)
[12.292s] INFO:colcon.colcon_ros.task.ament_cmake.build:Building ROS package in '/home/jagdeesh/tracker/src/ros_gz/test_ros_gz_bridge' with build type 'ament_cmake'
[12.292s] INFO:colcon.colcon_cmake.task.cmake.build:Building CMake package in '/home/jagdeesh/tracker/src/ros_gz/test_ros_gz_bridge'
[12.292s] INFO:colcon.colcon_core.shell:Skip shell extension 'powershell' for command environment: Not usable outside of PowerShell
[12.292s] DEBUG:colcon.colcon_core.shell:Skip shell extension 'dsv' for command environment
[12.312s] DEBUG:colcon.colcon_core.event_handler.log_command:Invoking command in '/home/jagdeesh/tracker/build/test_ros_gz_bridge': AMENT_PREFIX_PATH=/home/jagdeesh/tracker/install/ros_gz_bridge:/home/jagdeesh/tracker/install/ros_gz_interfaces:${AMENT_PREFIX_PATH} CMAKE_PREFIX_PATH=/home/jagdeesh/tracker/install/ros_gz_bridge:/home/jagdeesh/tracker/install/ros_gz_interfaces:/opt/ros/humble LD_LIBRARY_PATH=/home/jagdeesh/tracker/install/ros_gz_bridge/lib:/home/jagdeesh/tracker/install/ros_gz_interfaces/lib:${LD_LIBRARY_PATH} PYTHONPATH=/home/jagdeesh/tracker/install/ros_gz_interfaces/local/lib/python3.10/dist-packages:${PYTHONPATH} /usr/bin/cmake --build /home/jagdeesh/tracker/build/test_ros_gz_bridge -- -j12 -l12
[12.499s] DEBUG:colcon.colcon_core.event_handler.log_command:Invoked command in '/home/jagdeesh/tracker/build/test_ros_gz_bridge' returned '0': AMENT_PREFIX_PATH=/home/jagdeesh/tracker/install/ros_gz_bridge:/home/jagdeesh/tracker/install/ros_gz_interfaces:${AMENT_PREFIX_PATH} CMAKE_PREFIX_PATH=/home/jagdeesh/tracker/install/ros_gz_bridge:/home/jagdeesh/tracker/install/ros_gz_interfaces:/opt/ros/humble LD_LIBRARY_PATH=/home/jagdeesh/tracker/install/ros_gz_bridge/lib:/home/jagdeesh/tracker/install/ros_gz_interfaces/lib:${LD_LIBRARY_PATH} PYTHONPATH=/home/jagdeesh/tracker/install/ros_gz_interfaces/local/lib/python3.10/dist-packages:${PYTHONPATH} /usr/bin/cmake --build /home/jagdeesh/tracker/build/test_ros_gz_bridge -- -j12 -l12
[12.502s] DEBUG:colcon.colcon_core.event_handler.log_command:Invoking command in '/home/jagdeesh/tracker/build/test_ros_gz_bridge': AMENT_PREFIX_PATH=/home/jagdeesh/tracker/install/ros_gz_bridge:/home/jagdeesh/tracker/install/ros_gz_interfaces:${AMENT_PREFIX_PATH} CMAKE_PREFIX_PATH=/home/jagdeesh/tracker/install/ros_gz_bridge:/home/jagdeesh/tracker/install/ros_gz_interfaces:/opt/ros/humble LD_LIBRARY_PATH=/home/jagdeesh/tracker/install/ros_gz_bridge/lib:/home/jagdeesh/tracker/install/ros_gz_interfaces/lib:${LD_LIBRARY_PATH} PYTHONPATH=/home/jagdeesh/tracker/install/ros_gz_interfaces/local/lib/python3.10/dist-packages:${PYTHONPATH} /usr/bin/cmake --install /home/jagdeesh/tracker/build/test_ros_gz_bridge
[12.519s] Level 1:colcon.colcon_core.environment:create_environment_scripts_only(test_ros_gz_bridge)
[12.520s] Level 1:colcon.colcon_core.environment:checking '/home/jagdeesh/tracker/install/test_ros_gz_bridge' for CMake module files
[12.521s] DEBUG:colcon.colcon_core.event_handler.log_command:Invoked command in '/home/jagdeesh/tracker/build/test_ros_gz_bridge' returned '0': AMENT_PREFIX_PATH=/home/jagdeesh/tracker/install/ros_gz_bridge:/home/jagdeesh/tracker/install/ros_gz_interfaces:${AMENT_PREFIX_PATH} CMAKE_PREFIX_PATH=/home/jagdeesh/tracker/install/ros_gz_bridge:/home/jagdeesh/tracker/install/ros_gz_interfaces:/opt/ros/humble LD_LIBRARY_PATH=/home/jagdeesh/tracker/install/ros_gz_bridge/lib:/home/jagdeesh/tracker/install/ros_gz_interfaces/lib:${LD_LIBRARY_PATH} PYTHONPATH=/home/jagdeesh/tracker/install/ros_gz_interfaces/local/lib/python3.10/dist-packages:${PYTHONPATH} /usr/bin/cmake --install /home/jagdeesh/tracker/build/test_ros_gz_bridge
[12.522s] Level 1:colcon.colcon_core.environment:checking '/home/jagdeesh/tracker/install/test_ros_gz_bridge' for CMake config files
[12.522s] Level 1:colcon.colcon_core.shell:create_environment_hook('test_ros_gz_bridge', 'cmake_prefix_path')
[12.522s] INFO:colcon.colcon_core.shell:Creating environment hook '/home/jagdeesh/tracker/install/test_ros_gz_bridge/share/test_ros_gz_bridge/hook/cmake_prefix_path.ps1'
[12.523s] INFO:colcon.colcon_core.shell:Creating environment descriptor '/home/jagdeesh/tracker/install/test_ros_gz_bridge/share/test_ros_gz_bridge/hook/cmake_prefix_path.dsv'
[12.524s] INFO:colcon.colcon_core.shell:Creating environment hook '/home/jagdeesh/tracker/install/test_ros_gz_bridge/share/test_ros_gz_bridge/hook/cmake_prefix_path.sh'
[12.525s] Level 1:colcon.colcon_core.environment:checking '/home/jagdeesh/tracker/install/test_ros_gz_bridge/bin'
[12.525s] Level 1:colcon.colcon_core.environment:checking '/home/jagdeesh/tracker/install/test_ros_gz_bridge/lib/pkgconfig/test_ros_gz_bridge.pc'
[12.525s] Level 1:colcon.colcon_core.environment:checking '/home/jagdeesh/tracker/install/test_ros_gz_bridge/lib/python3.10/site-packages'
[12.526s] Level 1:colcon.colcon_core.environment:checking '/home/jagdeesh/tracker/install/test_ros_gz_bridge/bin'
[12.526s] INFO:colcon.colcon_core.shell:Creating package script '/home/jagdeesh/tracker/install/test_ros_gz_bridge/share/test_ros_gz_bridge/package.ps1'
[12.527s] INFO:colcon.colcon_core.shell:Creating package descriptor '/home/jagdeesh/tracker/install/test_ros_gz_bridge/share/test_ros_gz_bridge/package.dsv'
[12.527s] INFO:colcon.colcon_core.shell:Creating package script '/home/jagdeesh/tracker/install/test_ros_gz_bridge/share/test_ros_gz_bridge/package.sh'
[12.528s] INFO:colcon.colcon_core.shell:Creating package script '/home/jagdeesh/tracker/install/test_ros_gz_bridge/share/test_ros_gz_bridge/package.bash'
[12.528s] INFO:colcon.colcon_core.shell:Creating package script '/home/jagdeesh/tracker/install/test_ros_gz_bridge/share/test_ros_gz_bridge/package.zsh'
[12.529s] Level 1:colcon.colcon_core.environment:create_file_with_runtime_dependencies(/home/jagdeesh/tracker/install/test_ros_gz_bridge/share/colcon-core/packages/test_ros_gz_bridge)
[12.529s] Level 1:colcon.colcon_core.environment:create_environment_scripts_only(test_ros_gz_bridge)
[12.530s] Level 1:colcon.colcon_core.environment:checking '/home/jagdeesh/tracker/install/test_ros_gz_bridge' for CMake module files
[12.530s] Level 1:colcon.colcon_core.environment:checking '/home/jagdeesh/tracker/install/test_ros_gz_bridge' for CMake config files
[12.531s] Level 1:colcon.colcon_core.shell:create_environment_hook('test_ros_gz_bridge', 'cmake_prefix_path')
[12.531s] INFO:colcon.colcon_core.shell:Creating environment hook '/home/jagdeesh/tracker/install/test_ros_gz_bridge/share/test_ros_gz_bridge/hook/cmake_prefix_path.ps1'
[12.532s] INFO:colcon.colcon_core.shell:Creating environment descriptor '/home/jagdeesh/tracker/install/test_ros_gz_bridge/share/test_ros_gz_bridge/hook/cmake_prefix_path.dsv'
[12.532s] INFO:colcon.colcon_core.shell:Creating environment hook '/home/jagdeesh/tracker/install/test_ros_gz_bridge/share/test_ros_gz_bridge/hook/cmake_prefix_path.sh'
[12.533s] Level 1:colcon.colcon_core.environment:checking '/home/jagdeesh/tracker/install/test_ros_gz_bridge/bin'
[12.533s] Level 1:colcon.colcon_core.environment:checking '/home/jagdeesh/tracker/install/test_ros_gz_bridge/lib/pkgconfig/test_ros_gz_bridge.pc'
[12.533s] Level 1:colcon.colcon_core.environment:checking '/home/jagdeesh/tracker/install/test_ros_gz_bridge/lib/python3.10/site-packages'
[12.534s] Level 1:colcon.colcon_core.environment:checking '/home/jagdeesh/tracker/install/test_ros_gz_bridge/bin'
[12.534s] INFO:colcon.colcon_core.shell:Creating package script '/home/jagdeesh/tracker/install/test_ros_gz_bridge/share/test_ros_gz_bridge/package.ps1'
[12.535s] INFO:colcon.colcon_core.shell:Creating package descriptor '/home/jagdeesh/tracker/install/test_ros_gz_bridge/share/test_ros_gz_bridge/package.dsv'
[12.536s] INFO:colcon.colcon_core.shell:Creating package script '/home/jagdeesh/tracker/install/test_ros_gz_bridge/share/test_ros_gz_bridge/package.sh'
[12.537s] INFO:colcon.colcon_core.shell:Creating package script '/home/jagdeesh/tracker/install/test_ros_gz_bridge/share/test_ros_gz_bridge/package.bash'
[12.538s] INFO:colcon.colcon_core.shell:Creating package script '/home/jagdeesh/tracker/install/test_ros_gz_bridge/share/test_ros_gz_bridge/package.zsh'
[12.539s] Level 1:colcon.colcon_core.environment:create_file_with_runtime_dependencies(/home/jagdeesh/tracker/install/test_ros_gz_bridge/share/colcon-core/packages/test_ros_gz_bridge)
[12.539s] INFO:colcon.colcon_ros.task.ament_cmake.build:Building ROS package in '/home/jagdeesh/tracker/src/ros_gz/ros_ign' with build type 'ament_cmake'
[12.540s] INFO:colcon.colcon_cmake.task.cmake.build:Building CMake package in '/home/jagdeesh/tracker/src/ros_gz/ros_ign'
[12.540s] INFO:colcon.colcon_core.shell:Skip shell extension 'powershell' for command environment: Not usable outside of PowerShell
[12.540s] DEBUG:colcon.colcon_core.shell:Skip shell extension 'dsv' for command environment
[12.570s] DEBUG:colcon.colcon_core.event_handler.log_command:Invoking command in '/home/jagdeesh/tracker/build/ros_ign': AMENT_PREFIX_PATH=/home/jagdeesh/tracker/install/ros_ign_gazebo_demos:/home/jagdeesh/tracker/install/ros_gz:/home/jagdeesh/tracker/install/ros_ign_image:/home/jagdeesh/tracker/install/ros_gz_sim_demos:/home/jagdeesh/tracker/install/ros_ign_bridge:/home/jagdeesh/tracker/install/ros_gz_image:/home/jagdeesh/tracker/install/ros_ign_gazebo:/home/jagdeesh/tracker/install/ros_gz_bridge:/home/jagdeesh/tracker/install/ros_gz_sim:/home/jagdeesh/tracker/install/ros_gz_interfaces:${AMENT_PREFIX_PATH} CMAKE_PREFIX_PATH=/home/jagdeesh/tracker/install/ros_ign_gazebo_demos:/home/jagdeesh/tracker/install/ros_gz:/home/jagdeesh/tracker/install/ros_ign_image:/home/jagdeesh/tracker/install/ros_gz_sim_demos:/home/jagdeesh/tracker/install/ros_ign_bridge:/home/jagdeesh/tracker/install/ros_gz_image:/home/jagdeesh/tracker/install/ros_ign_gazebo:/home/jagdeesh/tracker/install/ros_gz_bridge:/home/jagdeesh/tracker/install/ros_gz_sim:/home/jagdeesh/tracker/install/ros_gz_interfaces:/opt/ros/humble LD_LIBRARY_PATH=/home/jagdeesh/tracker/install/ros_gz_bridge/lib:/home/jagdeesh/tracker/install/ros_gz_sim/lib:/home/jagdeesh/tracker/install/ros_gz_interfaces/lib:${LD_LIBRARY_PATH} PYTHONPATH=/home/jagdeesh/tracker/install/ros_gz_interfaces/local/lib/python3.10/dist-packages:${PYTHONPATH} /usr/bin/cmake --build /home/jagdeesh/tracker/build/ros_ign -- -j12 -l12
[12.626s] DEBUG:colcon.colcon_core.event_handler.log_command:Invoked command in '/home/jagdeesh/tracker/build/ros_ign' returned '0': AMENT_PREFIX_PATH=/home/jagdeesh/tracker/install/ros_ign_gazebo_demos:/home/jagdeesh/tracker/install/ros_gz:/home/jagdeesh/tracker/install/ros_ign_image:/home/jagdeesh/tracker/install/ros_gz_sim_demos:/home/jagdeesh/tracker/install/ros_ign_bridge:/home/jagdeesh/tracker/install/ros_gz_image:/home/jagdeesh/tracker/install/ros_ign_gazebo:/home/jagdeesh/tracker/install/ros_gz_bridge:/home/jagdeesh/tracker/install/ros_gz_sim:/home/jagdeesh/tracker/install/ros_gz_interfaces:${AMENT_PREFIX_PATH} CMAKE_PREFIX_PATH=/home/jagdeesh/tracker/install/ros_ign_gazebo_demos:/home/jagdeesh/tracker/install/ros_gz:/home/jagdeesh/tracker/install/ros_ign_image:/home/jagdeesh/tracker/install/ros_gz_sim_demos:/home/jagdeesh/tracker/install/ros_ign_bridge:/home/jagdeesh/tracker/install/ros_gz_image:/home/jagdeesh/tracker/install/ros_ign_gazebo:/home/jagdeesh/tracker/install/ros_gz_bridge:/home/jagdeesh/tracker/install/ros_gz_sim:/home/jagdeesh/tracker/install/ros_gz_interfaces:/opt/ros/humble LD_LIBRARY_PATH=/home/jagdeesh/tracker/install/ros_gz_bridge/lib:/home/jagdeesh/tracker/install/ros_gz_sim/lib:/home/jagdeesh/tracker/install/ros_gz_interfaces/lib:${LD_LIBRARY_PATH} PYTHONPATH=/home/jagdeesh/tracker/install/ros_gz_interfaces/local/lib/python3.10/dist-packages:${PYTHONPATH} /usr/bin/cmake --build /home/jagdeesh/tracker/build/ros_ign -- -j12 -l12
[12.628s] DEBUG:colcon.colcon_core.event_handler.log_command:Invoking command in '/home/jagdeesh/tracker/build/ros_ign': AMENT_PREFIX_PATH=/home/jagdeesh/tracker/install/ros_ign_gazebo_demos:/home/jagdeesh/tracker/install/ros_gz:/home/jagdeesh/tracker/install/ros_ign_image:/home/jagdeesh/tracker/install/ros_gz_sim_demos:/home/jagdeesh/tracker/install/ros_ign_bridge:/home/jagdeesh/tracker/install/ros_gz_image:/home/jagdeesh/tracker/install/ros_ign_gazebo:/home/jagdeesh/tracker/install/ros_gz_bridge:/home/jagdeesh/tracker/install/ros_gz_sim:/home/jagdeesh/tracker/install/ros_gz_interfaces:${AMENT_PREFIX_PATH} CMAKE_PREFIX_PATH=/home/jagdeesh/tracker/install/ros_ign_gazebo_demos:/home/jagdeesh/tracker/install/ros_gz:/home/jagdeesh/tracker/install/ros_ign_image:/home/jagdeesh/tracker/install/ros_gz_sim_demos:/home/jagdeesh/tracker/install/ros_ign_bridge:/home/jagdeesh/tracker/install/ros_gz_image:/home/jagdeesh/tracker/install/ros_ign_gazebo:/home/jagdeesh/tracker/install/ros_gz_bridge:/home/jagdeesh/tracker/install/ros_gz_sim:/home/jagdeesh/tracker/install/ros_gz_interfaces:/opt/ros/humble LD_LIBRARY_PATH=/home/jagdeesh/tracker/install/ros_gz_bridge/lib:/home/jagdeesh/tracker/install/ros_gz_sim/lib:/home/jagdeesh/tracker/install/ros_gz_interfaces/lib:${LD_LIBRARY_PATH} PYTHONPATH=/home/jagdeesh/tracker/install/ros_gz_interfaces/local/lib/python3.10/dist-packages:${PYTHONPATH} /usr/bin/cmake --install /home/jagdeesh/tracker/build/ros_ign
[12.644s] Level 1:colcon.colcon_core.environment:create_environment_scripts_only(ros_ign)
[12.644s] Level 1:colcon.colcon_core.environment:checking '/home/jagdeesh/tracker/install/ros_ign' for CMake module files
[12.645s] DEBUG:colcon.colcon_core.event_handler.log_command:Invoked command in '/home/jagdeesh/tracker/build/ros_ign' returned '0': AMENT_PREFIX_PATH=/home/jagdeesh/tracker/install/ros_ign_gazebo_demos:/home/jagdeesh/tracker/install/ros_gz:/home/jagdeesh/tracker/install/ros_ign_image:/home/jagdeesh/tracker/install/ros_gz_sim_demos:/home/jagdeesh/tracker/install/ros_ign_bridge:/home/jagdeesh/tracker/install/ros_gz_image:/home/jagdeesh/tracker/install/ros_ign_gazebo:/home/jagdeesh/tracker/install/ros_gz_bridge:/home/jagdeesh/tracker/install/ros_gz_sim:/home/jagdeesh/tracker/install/ros_gz_interfaces:${AMENT_PREFIX_PATH} CMAKE_PREFIX_PATH=/home/jagdeesh/tracker/install/ros_ign_gazebo_demos:/home/jagdeesh/tracker/install/ros_gz:/home/jagdeesh/tracker/install/ros_ign_image:/home/jagdeesh/tracker/install/ros_gz_sim_demos:/home/jagdeesh/tracker/install/ros_ign_bridge:/home/jagdeesh/tracker/install/ros_gz_image:/home/jagdeesh/tracker/install/ros_ign_gazebo:/home/jagdeesh/tracker/install/ros_gz_bridge:/home/jagdeesh/tracker/install/ros_gz_sim:/home/jagdeesh/tracker/install/ros_gz_interfaces:/opt/ros/humble LD_LIBRARY_PATH=/home/jagdeesh/tracker/install/ros_gz_bridge/lib:/home/jagdeesh/tracker/install/ros_gz_sim/lib:/home/jagdeesh/tracker/install/ros_gz_interfaces/lib:${LD_LIBRARY_PATH} PYTHONPATH=/home/jagdeesh/tracker/install/ros_gz_interfaces/local/lib/python3.10/dist-packages:${PYTHONPATH} /usr/bin/cmake --install /home/jagdeesh/tracker/build/ros_ign
[12.646s] Level 1:colcon.colcon_core.environment:checking '/home/jagdeesh/tracker/install/ros_ign' for CMake config files
[12.646s] Level 1:colcon.colcon_core.shell:create_environment_hook('ros_ign', 'cmake_prefix_path')
[12.646s] INFO:colcon.colcon_core.shell:Creating environment hook '/home/jagdeesh/tracker/install/ros_ign/share/ros_ign/hook/cmake_prefix_path.ps1'
[12.647s] INFO:colcon.colcon_core.shell:Creating environment descriptor '/home/jagdeesh/tracker/install/ros_ign/share/ros_ign/hook/cmake_prefix_path.dsv'
[12.648s] INFO:colcon.colcon_core.shell:Creating environment hook '/home/jagdeesh/tracker/install/ros_ign/share/ros_ign/hook/cmake_prefix_path.sh'
[12.649s] Level 1:colcon.colcon_core.environment:checking '/home/jagdeesh/tracker/install/ros_ign/bin'
[12.649s] Level 1:colcon.colcon_core.environment:checking '/home/jagdeesh/tracker/install/ros_ign/lib/pkgconfig/ros_ign.pc'
[12.650s] Level 1:colcon.colcon_core.environment:checking '/home/jagdeesh/tracker/install/ros_ign/lib/python3.10/site-packages'
[12.650s] Level 1:colcon.colcon_core.environment:checking '/home/jagdeesh/tracker/install/ros_ign/bin'
[12.651s] INFO:colcon.colcon_core.shell:Creating package script '/home/jagdeesh/tracker/install/ros_ign/share/ros_ign/package.ps1'
[12.652s] INFO:colcon.colcon_core.shell:Creating package descriptor '/home/jagdeesh/tracker/install/ros_ign/share/ros_ign/package.dsv'
[12.653s] INFO:colcon.colcon_core.shell:Creating package script '/home/jagdeesh/tracker/install/ros_ign/share/ros_ign/package.sh'
[12.654s] INFO:colcon.colcon_core.shell:Creating package script '/home/jagdeesh/tracker/install/ros_ign/share/ros_ign/package.bash'
[12.654s] INFO:colcon.colcon_core.shell:Creating package script '/home/jagdeesh/tracker/install/ros_ign/share/ros_ign/package.zsh'
[12.655s] Level 1:colcon.colcon_core.environment:create_file_with_runtime_dependencies(/home/jagdeesh/tracker/install/ros_ign/share/colcon-core/packages/ros_ign)
[12.656s] Level 1:colcon.colcon_core.environment:create_environment_scripts_only(ros_ign)
[12.656s] Level 1:colcon.colcon_core.environment:checking '/home/jagdeesh/tracker/install/ros_ign' for CMake module files
[12.657s] Level 1:colcon.colcon_core.environment:checking '/home/jagdeesh/tracker/install/ros_ign' for CMake config files
[12.657s] Level 1:colcon.colcon_core.shell:create_environment_hook('ros_ign', 'cmake_prefix_path')
[12.657s] INFO:colcon.colcon_core.shell:Creating environment hook '/home/jagdeesh/tracker/install/ros_ign/share/ros_ign/hook/cmake_prefix_path.ps1'
[12.658s] INFO:colcon.colcon_core.shell:Creating environment descriptor '/home/jagdeesh/tracker/install/ros_ign/share/ros_ign/hook/cmake_prefix_path.dsv'
[12.659s] INFO:colcon.colcon_core.shell:Creating environment hook '/home/jagdeesh/tracker/install/ros_ign/share/ros_ign/hook/cmake_prefix_path.sh'
[12.660s] Level 1:colcon.colcon_core.environment:checking '/home/jagdeesh/tracker/install/ros_ign/bin'
[12.660s] Level 1:colcon.colcon_core.environment:checking '/home/jagdeesh/tracker/install/ros_ign/lib/pkgconfig/ros_ign.pc'
[12.660s] Level 1:colcon.colcon_core.environment:checking '/home/jagdeesh/tracker/install/ros_ign/lib/python3.10/site-packages'
[12.661s] Level 1:colcon.colcon_core.environment:checking '/home/jagdeesh/tracker/install/ros_ign/bin'
[12.661s] INFO:colcon.colcon_core.shell:Creating package script '/home/jagdeesh/tracker/install/ros_ign/share/ros_ign/package.ps1'
[12.662s] INFO:colcon.colcon_core.shell:Creating package descriptor '/home/jagdeesh/tracker/install/ros_ign/share/ros_ign/package.dsv'
[12.663s] INFO:colcon.colcon_core.shell:Creating package script '/home/jagdeesh/tracker/install/ros_ign/share/ros_ign/package.sh'
[12.663s] INFO:colcon.colcon_core.shell:Creating package script '/home/jagdeesh/tracker/install/ros_ign/share/ros_ign/package.bash'
[12.664s] INFO:colcon.colcon_core.shell:Creating package script '/home/jagdeesh/tracker/install/ros_ign/share/ros_ign/package.zsh'
[12.665s] Level 1:colcon.colcon_core.environment:create_file_with_runtime_dependencies(/home/jagdeesh/tracker/install/ros_ign/share/colcon-core/packages/ros_ign)
[13.149s] DEBUG:colcon.colcon_core.event_handler.log_command:Invoked command in '/home/jagdeesh/tracker/build/precision_land' returned '0': AMENT_PREFIX_PATH=/home/jagdeesh/tracker/install/px4_ros2_cpp:/home/jagdeesh/tracker/install/px4_msgs:${AMENT_PREFIX_PATH} CMAKE_PREFIX_PATH=/home/jagdeesh/tracker/install/px4_ros2_cpp:/home/jagdeesh/tracker/install/px4_msgs:/opt/ros/humble LD_LIBRARY_PATH=/home/jagdeesh/tracker/install/px4_ros2_cpp/lib:/home/jagdeesh/tracker/install/px4_msgs/lib:${LD_LIBRARY_PATH} PYTHONPATH=/home/jagdeesh/tracker/install/px4_msgs/local/lib/python3.10/dist-packages:${PYTHONPATH} /usr/bin/cmake /home/jagdeesh/tracker/fixed_src/precision_land -DCMAKE_BUILD_TYPE=Release -DCMAKE_INSTALL_PREFIX=/home/jagdeesh/tracker/install/precision_land
[13.151s] DEBUG:colcon.colcon_core.event_handler.log_command:Invoking command in '/home/jagdeesh/tracker/build/precision_land': AMENT_PREFIX_PATH=/home/jagdeesh/tracker/install/px4_ros2_cpp:/home/jagdeesh/tracker/install/px4_msgs:${AMENT_PREFIX_PATH} CMAKE_PREFIX_PATH=/home/jagdeesh/tracker/install/px4_ros2_cpp:/home/jagdeesh/tracker/install/px4_msgs:/opt/ros/humble LD_LIBRARY_PATH=/home/jagdeesh/tracker/install/px4_ros2_cpp/lib:/home/jagdeesh/tracker/install/px4_msgs/lib:${LD_LIBRARY_PATH} PYTHONPATH=/home/jagdeesh/tracker/install/px4_msgs/local/lib/python3.10/dist-packages:${PYTHONPATH} /usr/bin/cmake --build /home/jagdeesh/tracker/build/precision_land -- -j12 -l12
[13.266s] DEBUG:colcon.colcon_core.event_handler.log_command:Invoked command in '/home/jagdeesh/tracker/build/precision_land' returned '0': AMENT_PREFIX_PATH=/home/jagdeesh/tracker/install/px4_ros2_cpp:/home/jagdeesh/tracker/install/px4_msgs:${AMENT_PREFIX_PATH} CMAKE_PREFIX_PATH=/home/jagdeesh/tracker/install/px4_ros2_cpp:/home/jagdeesh/tracker/install/px4_msgs:/opt/ros/humble LD_LIBRARY_PATH=/home/jagdeesh/tracker/install/px4_ros2_cpp/lib:/home/jagdeesh/tracker/install/px4_msgs/lib:${LD_LIBRARY_PATH} PYTHONPATH=/home/jagdeesh/tracker/install/px4_msgs/local/lib/python3.10/dist-packages:${PYTHONPATH} /usr/bin/cmake --build /home/jagdeesh/tracker/build/precision_land -- -j12 -l12
[13.268s] DEBUG:colcon.colcon_core.event_handler.log_command:Invoking command in '/home/jagdeesh/tracker/build/precision_land': AMENT_PREFIX_PATH=/home/jagdeesh/tracker/install/px4_ros2_cpp:/home/jagdeesh/tracker/install/px4_msgs:${AMENT_PREFIX_PATH} CMAKE_PREFIX_PATH=/home/jagdeesh/tracker/install/px4_ros2_cpp:/home/jagdeesh/tracker/install/px4_msgs:/opt/ros/humble LD_LIBRARY_PATH=/home/jagdeesh/tracker/install/px4_ros2_cpp/lib:/home/jagdeesh/tracker/install/px4_msgs/lib:${LD_LIBRARY_PATH} PYTHONPATH=/home/jagdeesh/tracker/install/px4_msgs/local/lib/python3.10/dist-packages:${PYTHONPATH} /usr/bin/cmake --install /home/jagdeesh/tracker/build/precision_land
[13.285s] Level 1:colcon.colcon_core.environment:create_environment_scripts_only(precision_land)
[13.286s] Level 1:colcon.colcon_core.environment:checking '/home/jagdeesh/tracker/install/precision_land' for CMake module files
[13.287s] DEBUG:colcon.colcon_core.event_handler.log_command:Invoked command in '/home/jagdeesh/tracker/build/precision_land' returned '0': AMENT_PREFIX_PATH=/home/jagdeesh/tracker/install/px4_ros2_cpp:/home/jagdeesh/tracker/install/px4_msgs:${AMENT_PREFIX_PATH} CMAKE_PREFIX_PATH=/home/jagdeesh/tracker/install/px4_ros2_cpp:/home/jagdeesh/tracker/install/px4_msgs:/opt/ros/humble LD_LIBRARY_PATH=/home/jagdeesh/tracker/install/px4_ros2_cpp/lib:/home/jagdeesh/tracker/install/px4_msgs/lib:${LD_LIBRARY_PATH} PYTHONPATH=/home/jagdeesh/tracker/install/px4_msgs/local/lib/python3.10/dist-packages:${PYTHONPATH} /usr/bin/cmake --install /home/jagdeesh/tracker/build/precision_land
[13.287s] Level 1:colcon.colcon_core.environment:checking '/home/jagdeesh/tracker/install/precision_land' for CMake config files
[13.288s] Level 1:colcon.colcon_core.shell:create_environment_hook('precision_land', 'cmake_prefix_path')
[13.288s] INFO:colcon.colcon_core.shell:Creating environment hook '/home/jagdeesh/tracker/install/precision_land/share/precision_land/hook/cmake_prefix_path.ps1'
[13.288s] INFO:colcon.colcon_core.shell:Creating environment descriptor '/home/jagdeesh/tracker/install/precision_land/share/precision_land/hook/cmake_prefix_path.dsv'
[13.289s] INFO:colcon.colcon_core.shell:Creating environment hook '/home/jagdeesh/tracker/install/precision_land/share/precision_land/hook/cmake_prefix_path.sh'
[13.289s] Level 1:colcon.colcon_core.environment:checking '/home/jagdeesh/tracker/install/precision_land/lib'
[13.289s] Level 1:colcon.colcon_core.environment:checking '/home/jagdeesh/tracker/install/precision_land/bin'
[13.290s] Level 1:colcon.colcon_core.environment:checking '/home/jagdeesh/tracker/install/precision_land/lib/pkgconfig/precision_land.pc'
[13.290s] Level 1:colcon.colcon_core.environment:checking '/home/jagdeesh/tracker/install/precision_land/lib/python3.10/site-packages'
[13.290s] Level 1:colcon.colcon_core.environment:checking '/home/jagdeesh/tracker/install/precision_land/bin'
[13.291s] INFO:colcon.colcon_core.shell:Creating package script '/home/jagdeesh/tracker/install/precision_land/share/precision_land/package.ps1'
[13.291s] INFO:colcon.colcon_core.shell:Creating package descriptor '/home/jagdeesh/tracker/install/precision_land/share/precision_land/package.dsv'
[13.292s] INFO:colcon.colcon_core.shell:Creating package script '/home/jagdeesh/tracker/install/precision_land/share/precision_land/package.sh'
[13.292s] INFO:colcon.colcon_core.shell:Creating package script '/home/jagdeesh/tracker/install/precision_land/share/precision_land/package.bash'
[13.292s] INFO:colcon.colcon_core.shell:Creating package script '/home/jagdeesh/tracker/install/precision_land/share/precision_land/package.zsh'
[13.293s] Level 1:colcon.colcon_core.environment:create_file_with_runtime_dependencies(/home/jagdeesh/tracker/install/precision_land/share/colcon-core/packages/precision_land)
[13.293s] Level 1:colcon.colcon_core.environment:create_environment_scripts_only(precision_land)
[13.294s] Level 1:colcon.colcon_core.environment:checking '/home/jagdeesh/tracker/install/precision_land' for CMake module files
[13.294s] Level 1:colcon.colcon_core.environment:checking '/home/jagdeesh/tracker/install/precision_land' for CMake config files
[13.294s] Level 1:colcon.colcon_core.shell:create_environment_hook('precision_land', 'cmake_prefix_path')
[13.294s] INFO:colcon.colcon_core.shell:Creating environment hook '/home/jagdeesh/tracker/install/precision_land/share/precision_land/hook/cmake_prefix_path.ps1'
[13.295s] INFO:colcon.colcon_core.shell:Creating environment descriptor '/home/jagdeesh/tracker/install/precision_land/share/precision_land/hook/cmake_prefix_path.dsv'
[13.295s] INFO:colcon.colcon_core.shell:Creating environment hook '/home/jagdeesh/tracker/install/precision_land/share/precision_land/hook/cmake_prefix_path.sh'
[13.296s] Level 1:colcon.colcon_core.environment:checking '/home/jagdeesh/tracker/install/precision_land/lib'
[13.296s] Level 1:colcon.colcon_core.environment:checking '/home/jagdeesh/tracker/install/precision_land/bin'
[13.296s] Level 1:colcon.colcon_core.environment:checking '/home/jagdeesh/tracker/install/precision_land/lib/pkgconfig/precision_land.pc'
[13.296s] Level 1:colcon.colcon_core.environment:checking '/home/jagdeesh/tracker/install/precision_land/lib/python3.10/site-packages'
[13.297s] Level 1:colcon.colcon_core.environment:checking '/home/jagdeesh/tracker/install/precision_land/bin'
[13.297s] INFO:colcon.colcon_core.shell:Creating package script '/home/jagdeesh/tracker/install/precision_land/share/precision_land/package.ps1'
[13.298s] INFO:colcon.colcon_core.shell:Creating package descriptor '/home/jagdeesh/tracker/install/precision_land/share/precision_land/package.dsv'
[13.299s] INFO:colcon.colcon_core.shell:Creating package script '/home/jagdeesh/tracker/install/precision_land/share/precision_land/package.sh'
[13.299s] INFO:colcon.colcon_core.shell:Creating package script '/home/jagdeesh/tracker/install/precision_land/share/precision_land/package.bash'
[13.300s] INFO:colcon.colcon_core.shell:Creating package script '/home/jagdeesh/tracker/install/precision_land/share/precision_land/package.zsh'
[13.300s] Level 1:colcon.colcon_core.environment:create_file_with_runtime_dependencies(/home/jagdeesh/tracker/install/precision_land/share/colcon-core/packages/precision_land)
[13.301s] DEBUG:colcon.colcon_parallel_executor.executor.parallel:closing loop
[13.301s] DEBUG:colcon.colcon_parallel_executor.executor.parallel:loop closed
[13.301s] DEBUG:colcon.colcon_parallel_executor.executor.parallel:run_until_complete finished with '0'
[13.301s] DEBUG:colcon.colcon_core.event_reactor:joining thread
[13.312s] INFO:colcon.colcon_core.plugin_system:Skipping extension 'colcon_notification.desktop_notification.terminal_notifier': Not used on non-Darwin systems
[13.312s] INFO:colcon.colcon_core.plugin_system:Skipping extension 'colcon_notification.desktop_notification.win32': Not used on non-Windows systems
[13.312s] INFO:colcon.colcon_notification.desktop_notification:Sending desktop notification using 'notify2'
[13.340s] DEBUG:colcon.colcon_core.event_reactor:joined thread
[13.340s] INFO:colcon.colcon_core.shell:Creating prefix script '/home/jagdeesh/tracker/install/local_setup.ps1'
[13.342s] INFO:colcon.colcon_core.shell:Creating prefix util module '/home/jagdeesh/tracker/install/_local_setup_util_ps1.py'
[13.345s] INFO:colcon.colcon_core.shell:Creating prefix chain script '/home/jagdeesh/tracker/install/setup.ps1'
[13.347s] INFO:colcon.colcon_core.shell:Creating prefix script '/home/jagdeesh/tracker/install/local_setup.sh'
[13.348s] INFO:colcon.colcon_core.shell:Creating prefix util module '/home/jagdeesh/tracker/install/_local_setup_util_sh.py'
[13.349s] INFO:colcon.colcon_core.shell:Creating prefix chain script '/home/jagdeesh/tracker/install/setup.sh'
[13.351s] INFO:colcon.colcon_core.shell:Creating prefix script '/home/jagdeesh/tracker/install/local_setup.bash'
[13.352s] INFO:colcon.colcon_core.shell:Creating prefix chain script '/home/jagdeesh/tracker/install/setup.bash'
[13.353s] INFO:colcon.colcon_core.shell:Creating prefix script '/home/jagdeesh/tracker/install/local_setup.zsh'
[13.355s] INFO:colcon.colcon_core.shell:Creating prefix chain script '/home/jagdeesh/tracker/install/setup.zsh'
