[0.099s] DEBUG:colcon:Command line arguments: ['/usr/bin/colcon', 'build', '--parallel-workers', '2', '--allow-overriding', 'cv_bridge', 'image_geometry', '--cmake-args', '-DCMAKE_BUILD_TYPE=Release']
[0.100s] DEBUG:colcon:Parsed command line arguments: Namespace(log_base=None, log_level=None, verb_name='build', build_base='build', install_base='install', merge_install=False, symlink_install=False, test_result_base=None, continue_on_error=False, executor='parallel', parallel_workers=2, event_handlers=None, ignore_user_meta=False, metas=['./colcon.meta'], base_paths=['.'], packages_ignore=None, packages_ignore_regex=None, paths=None, packages_up_to=None, packages_up_to_regex=None, packages_above=None, packages_above_and_dependencies=None, packages_above_depth=None, packages_select_by_dep=None, packages_skip_by_dep=None, packages_skip_up_to=None, packages_select_build_failed=False, packages_skip_build_finished=False, packages_select_test_failures=False, packages_skip_test_passed=False, packages_select=None, packages_skip=None, packages_select_regex=None, packages_skip_regex=None, packages_start=None, packages_end=None, allow_overriding=['cv_bridge', 'image_geometry'], cmake_args=['-DCMAKE_BUILD_TYPE=Release'], cmake_target=None, cmake_target_skip_unavailable=False, cmake_clean_cache=False, cmake_clean_first=False, cmake_force_configure=False, ament_cmake_args=None, catkin_cmake_args=None, catkin_skip_building_tests=False, mixin_files=None, mixin=None, verb_parser=<colcon_mixin.mixin.mixin_argument.MixinArgumentDecorator object at 0x773645873520>, verb_extension=<colcon_core.verb.build.BuildVerb object at 0x773645872ec0>, main=<bound method BuildVerb.main of <colcon_core.verb.build.BuildVerb object at 0x773645872ec0>>, mixin_verb=('build',))
[0.219s] Level 1:colcon.colcon_core.package_discovery:discover_packages(colcon_meta) check parameters
[0.219s] Level 1:colcon.colcon_core.package_discovery:discover_packages(recursive) check parameters
[0.219s] Level 1:colcon.colcon_core.package_discovery:discover_packages(ignore) check parameters
[0.219s] Level 1:colcon.colcon_core.package_discovery:discover_packages(path) check parameters
[0.219s] Level 1:colcon.colcon_core.package_discovery:discover_packages(colcon_meta) discover
[0.219s] Level 1:colcon.colcon_core.package_discovery:discover_packages(recursive) discover
[0.219s] INFO:colcon.colcon_core.package_discovery:Crawling recursively for packages in '/home/jagdeesh/tracker'
[0.219s] Level 1:colcon.colcon_core.package_identification:_identify(.) by extensions ['ignore', 'ignore_ament_install']
[0.220s] Level 1:colcon.colcon_core.package_identification:_identify(.) by extension 'ignore'
[0.220s] Level 1:colcon.colcon_core.package_identification:_identify(.) by extension 'ignore_ament_install'
[0.220s] Level 1:colcon.colcon_core.package_identification:_identify(.) by extensions ['colcon_pkg']
[0.220s] Level 1:colcon.colcon_core.package_identification:_identify(.) by extension 'colcon_pkg'
[0.220s] Level 1:colcon.colcon_core.package_identification:_identify(.) by extensions ['colcon_meta']
[0.220s] Level 1:colcon.colcon_core.package_identification:_identify(.) by extension 'colcon_meta'
[0.220s] Level 1:colcon.colcon_core.package_identification:_identify(.) by extensions ['ros']
[0.220s] Level 1:colcon.colcon_core.package_identification:_identify(.) by extension 'ros'
[0.227s] Level 1:colcon.colcon_core.package_identification:_identify(.) by extensions ['cmake', 'python']
[0.227s] Level 1:colcon.colcon_core.package_identification:_identify(.) by extension 'cmake'
[0.227s] Level 1:colcon.colcon_core.package_identification:_identify(.) by extension 'python'
[0.227s] Level 1:colcon.colcon_core.package_identification:_identify(.) by extensions ['python_setup_py']
[0.227s] Level 1:colcon.colcon_core.package_identification:_identify(.) by extension 'python_setup_py'
[0.227s] Level 1:colcon.colcon_core.package_identification:_identify(build) by extensions ['ignore', 'ignore_ament_install']
[0.227s] Level 1:colcon.colcon_core.package_identification:_identify(build) by extension 'ignore'
[0.227s] Level 1:colcon.colcon_core.package_identification:_identify(build) ignored
[0.227s] Level 1:colcon.colcon_core.package_identification:_identify(fixed_src) by extensions ['ignore', 'ignore_ament_install']
[0.227s] Level 1:colcon.colcon_core.package_identification:_identify(fixed_src) by extension 'ignore'
[0.227s] Level 1:colcon.colcon_core.package_identification:_identify(fixed_src) by extension 'ignore_ament_install'
[0.227s] Level 1:colcon.colcon_core.package_identification:_identify(fixed_src) by extensions ['colcon_pkg']
[0.227s] Level 1:colcon.colcon_core.package_identification:_identify(fixed_src) by extension 'colcon_pkg'
[0.227s] Level 1:colcon.colcon_core.package_identification:_identify(fixed_src) by extensions ['colcon_meta']
[0.228s] Level 1:colcon.colcon_core.package_identification:_identify(fixed_src) by extension 'colcon_meta'
[0.228s] Level 1:colcon.colcon_core.package_identification:_identify(fixed_src) by extensions ['ros']
[0.228s] Level 1:colcon.colcon_core.package_identification:_identify(fixed_src) by extension 'ros'
[0.228s] Level 1:colcon.colcon_core.package_identification:_identify(fixed_src) by extensions ['cmake', 'python']
[0.228s] Level 1:colcon.colcon_core.package_identification:_identify(fixed_src) by extension 'cmake'
[0.228s] Level 1:colcon.colcon_core.package_identification:_identify(fixed_src) by extension 'python'
[0.228s] Level 1:colcon.colcon_core.package_identification:_identify(fixed_src) by extensions ['python_setup_py']
[0.228s] Level 1:colcon.colcon_core.package_identification:_identify(fixed_src) by extension 'python_setup_py'
[0.228s] Level 1:colcon.colcon_core.package_identification:_identify(fixed_src/aruco_tracker) by extensions ['ignore', 'ignore_ament_install']
[0.228s] Level 1:colcon.colcon_core.package_identification:_identify(fixed_src/aruco_tracker) by extension 'ignore'
[0.228s] Level 1:colcon.colcon_core.package_identification:_identify(fixed_src/aruco_tracker) by extension 'ignore_ament_install'
[0.228s] Level 1:colcon.colcon_core.package_identification:_identify(fixed_src/aruco_tracker) by extensions ['colcon_pkg']
[0.228s] Level 1:colcon.colcon_core.package_identification:_identify(fixed_src/aruco_tracker) by extension 'colcon_pkg'
[0.228s] Level 1:colcon.colcon_core.package_identification:_identify(fixed_src/aruco_tracker) by extensions ['colcon_meta']
[0.228s] Level 1:colcon.colcon_core.package_identification:_identify(fixed_src/aruco_tracker) by extension 'colcon_meta'
[0.228s] Level 1:colcon.colcon_core.package_identification:_identify(fixed_src/aruco_tracker) by extensions ['ros']
[0.228s] Level 1:colcon.colcon_core.package_identification:_identify(fixed_src/aruco_tracker) by extension 'ros'
[0.231s] DEBUG:colcon.colcon_core.package_identification:Package 'fixed_src/aruco_tracker' with type 'ros.ament_cmake' and name 'aruco_tracker'
[0.231s] Level 1:colcon.colcon_core.package_identification:_identify(fixed_src/precision_land) by extensions ['ignore', 'ignore_ament_install']
[0.231s] Level 1:colcon.colcon_core.package_identification:_identify(fixed_src/precision_land) by extension 'ignore'
[0.231s] Level 1:colcon.colcon_core.package_identification:_identify(fixed_src/precision_land) by extension 'ignore_ament_install'
[0.231s] Level 1:colcon.colcon_core.package_identification:_identify(fixed_src/precision_land) by extensions ['colcon_pkg']
[0.231s] Level 1:colcon.colcon_core.package_identification:_identify(fixed_src/precision_land) by extension 'colcon_pkg'
[0.231s] Level 1:colcon.colcon_core.package_identification:_identify(fixed_src/precision_land) by extensions ['colcon_meta']
[0.231s] Level 1:colcon.colcon_core.package_identification:_identify(fixed_src/precision_land) by extension 'colcon_meta'
[0.231s] Level 1:colcon.colcon_core.package_identification:_identify(fixed_src/precision_land) by extensions ['ros']
[0.231s] Level 1:colcon.colcon_core.package_identification:_identify(fixed_src/precision_land) by extension 'ros'
[0.231s] DEBUG:colcon.colcon_core.package_identification:Package 'fixed_src/precision_land' with type 'ros.ament_cmake' and name 'precision_land'
[0.232s] Level 1:colcon.colcon_core.package_identification:_identify(install) by extensions ['ignore', 'ignore_ament_install']
[0.232s] Level 1:colcon.colcon_core.package_identification:_identify(install) by extension 'ignore'
[0.232s] Level 1:colcon.colcon_core.package_identification:_identify(install) ignored
[0.232s] Level 1:colcon.colcon_core.package_identification:_identify(log) by extensions ['ignore', 'ignore_ament_install']
[0.232s] Level 1:colcon.colcon_core.package_identification:_identify(log) by extension 'ignore'
[0.232s] Level 1:colcon.colcon_core.package_identification:_identify(log) ignored
[0.232s] Level 1:colcon.colcon_core.package_identification:_identify(services) by extensions ['ignore', 'ignore_ament_install']
[0.232s] Level 1:colcon.colcon_core.package_identification:_identify(services) by extension 'ignore'
[0.232s] Level 1:colcon.colcon_core.package_identification:_identify(services) by extension 'ignore_ament_install'
[0.232s] Level 1:colcon.colcon_core.package_identification:_identify(services) by extensions ['colcon_pkg']
[0.232s] Level 1:colcon.colcon_core.package_identification:_identify(services) by extension 'colcon_pkg'
[0.232s] Level 1:colcon.colcon_core.package_identification:_identify(services) by extensions ['colcon_meta']
[0.232s] Level 1:colcon.colcon_core.package_identification:_identify(services) by extension 'colcon_meta'
[0.232s] Level 1:colcon.colcon_core.package_identification:_identify(services) by extensions ['ros']
[0.232s] Level 1:colcon.colcon_core.package_identification:_identify(services) by extension 'ros'
[0.232s] Level 1:colcon.colcon_core.package_identification:_identify(services) by extensions ['cmake', 'python']
[0.232s] Level 1:colcon.colcon_core.package_identification:_identify(services) by extension 'cmake'
[0.232s] Level 1:colcon.colcon_core.package_identification:_identify(services) by extension 'python'
[0.232s] Level 1:colcon.colcon_core.package_identification:_identify(services) by extensions ['python_setup_py']
[0.232s] Level 1:colcon.colcon_core.package_identification:_identify(services) by extension 'python_setup_py'
[0.232s] Level 1:colcon.colcon_core.package_identification:_identify(src) by extensions ['ignore', 'ignore_ament_install']
[0.232s] Level 1:colcon.colcon_core.package_identification:_identify(src) by extension 'ignore'
[0.232s] Level 1:colcon.colcon_core.package_identification:_identify(src) by extension 'ignore_ament_install'
[0.232s] Level 1:colcon.colcon_core.package_identification:_identify(src) by extensions ['colcon_pkg']
[0.232s] Level 1:colcon.colcon_core.package_identification:_identify(src) by extension 'colcon_pkg'
[0.232s] Level 1:colcon.colcon_core.package_identification:_identify(src) by extensions ['colcon_meta']
[0.232s] Level 1:colcon.colcon_core.package_identification:_identify(src) by extension 'colcon_meta'
[0.232s] Level 1:colcon.colcon_core.package_identification:_identify(src) by extensions ['ros']
[0.232s] Level 1:colcon.colcon_core.package_identification:_identify(src) by extension 'ros'
[0.232s] Level 1:colcon.colcon_core.package_identification:_identify(src) by extensions ['cmake', 'python']
[0.232s] Level 1:colcon.colcon_core.package_identification:_identify(src) by extension 'cmake'
[0.232s] Level 1:colcon.colcon_core.package_identification:_identify(src) by extension 'python'
[0.232s] Level 1:colcon.colcon_core.package_identification:_identify(src) by extensions ['python_setup_py']
[0.232s] Level 1:colcon.colcon_core.package_identification:_identify(src) by extension 'python_setup_py'
[0.233s] Level 1:colcon.colcon_core.package_identification:_identify(src/px4-ros2-interface-lib) by extensions ['ignore', 'ignore_ament_install']
[0.233s] Level 1:colcon.colcon_core.package_identification:_identify(src/px4-ros2-interface-lib) by extension 'ignore'
[0.233s] Level 1:colcon.colcon_core.package_identification:_identify(src/px4-ros2-interface-lib) by extension 'ignore_ament_install'
[0.233s] Level 1:colcon.colcon_core.package_identification:_identify(src/px4-ros2-interface-lib) by extensions ['colcon_pkg']
[0.233s] Level 1:colcon.colcon_core.package_identification:_identify(src/px4-ros2-interface-lib) by extension 'colcon_pkg'
[0.233s] Level 1:colcon.colcon_core.package_identification:_identify(src/px4-ros2-interface-lib) by extensions ['colcon_meta']
[0.233s] Level 1:colcon.colcon_core.package_identification:_identify(src/px4-ros2-interface-lib) by extension 'colcon_meta'
[0.233s] Level 1:colcon.colcon_core.package_identification:_identify(src/px4-ros2-interface-lib) by extensions ['ros']
[0.233s] Level 1:colcon.colcon_core.package_identification:_identify(src/px4-ros2-interface-lib) by extension 'ros'
[0.233s] Level 1:colcon.colcon_core.package_identification:_identify(src/px4-ros2-interface-lib) by extensions ['cmake', 'python']
[0.233s] Level 1:colcon.colcon_core.package_identification:_identify(src/px4-ros2-interface-lib) by extension 'cmake'
[0.233s] Level 1:colcon.colcon_core.package_identification:_identify(src/px4-ros2-interface-lib) by extension 'python'
[0.233s] Level 1:colcon.colcon_core.package_identification:_identify(src/px4-ros2-interface-lib) by extensions ['python_setup_py']
[0.233s] Level 1:colcon.colcon_core.package_identification:_identify(src/px4-ros2-interface-lib) by extension 'python_setup_py'
[0.233s] Level 1:colcon.colcon_core.package_identification:_identify(src/px4-ros2-interface-lib/examples) by extensions ['ignore', 'ignore_ament_install']
[0.233s] Level 1:colcon.colcon_core.package_identification:_identify(src/px4-ros2-interface-lib/examples) by extension 'ignore'
[0.233s] Level 1:colcon.colcon_core.package_identification:_identify(src/px4-ros2-interface-lib/examples) by extension 'ignore_ament_install'
[0.233s] Level 1:colcon.colcon_core.package_identification:_identify(src/px4-ros2-interface-lib/examples) by extensions ['colcon_pkg']
[0.233s] Level 1:colcon.colcon_core.package_identification:_identify(src/px4-ros2-interface-lib/examples) by extension 'colcon_pkg'
[0.233s] Level 1:colcon.colcon_core.package_identification:_identify(src/px4-ros2-interface-lib/examples) by extensions ['colcon_meta']
[0.233s] Level 1:colcon.colcon_core.package_identification:_identify(src/px4-ros2-interface-lib/examples) by extension 'colcon_meta'
[0.233s] Level 1:colcon.colcon_core.package_identification:_identify(src/px4-ros2-interface-lib/examples) by extensions ['ros']
[0.233s] Level 1:colcon.colcon_core.package_identification:_identify(src/px4-ros2-interface-lib/examples) by extension 'ros'
[0.233s] Level 1:colcon.colcon_core.package_identification:_identify(src/px4-ros2-interface-lib/examples) by extensions ['cmake', 'python']
[0.233s] Level 1:colcon.colcon_core.package_identification:_identify(src/px4-ros2-interface-lib/examples) by extension 'cmake'
[0.233s] Level 1:colcon.colcon_core.package_identification:_identify(src/px4-ros2-interface-lib/examples) by extension 'python'
[0.233s] Level 1:colcon.colcon_core.package_identification:_identify(src/px4-ros2-interface-lib/examples) by extensions ['python_setup_py']
[0.233s] Level 1:colcon.colcon_core.package_identification:_identify(src/px4-ros2-interface-lib/examples) by extension 'python_setup_py'
[0.233s] Level 1:colcon.colcon_core.package_identification:_identify(src/px4-ros2-interface-lib/examples/cpp) by extensions ['ignore', 'ignore_ament_install']
[0.233s] Level 1:colcon.colcon_core.package_identification:_identify(src/px4-ros2-interface-lib/examples/cpp) by extension 'ignore'
[0.233s] Level 1:colcon.colcon_core.package_identification:_identify(src/px4-ros2-interface-lib/examples/cpp) by extension 'ignore_ament_install'
[0.233s] Level 1:colcon.colcon_core.package_identification:_identify(src/px4-ros2-interface-lib/examples/cpp) by extensions ['colcon_pkg']
[0.233s] Level 1:colcon.colcon_core.package_identification:_identify(src/px4-ros2-interface-lib/examples/cpp) by extension 'colcon_pkg'
[0.233s] Level 1:colcon.colcon_core.package_identification:_identify(src/px4-ros2-interface-lib/examples/cpp) by extensions ['colcon_meta']
[0.233s] Level 1:colcon.colcon_core.package_identification:_identify(src/px4-ros2-interface-lib/examples/cpp) by extension 'colcon_meta'
[0.233s] Level 1:colcon.colcon_core.package_identification:_identify(src/px4-ros2-interface-lib/examples/cpp) by extensions ['ros']
[0.233s] Level 1:colcon.colcon_core.package_identification:_identify(src/px4-ros2-interface-lib/examples/cpp) by extension 'ros'
[0.233s] Level 1:colcon.colcon_core.package_identification:_identify(src/px4-ros2-interface-lib/examples/cpp) by extensions ['cmake', 'python']
[0.234s] Level 1:colcon.colcon_core.package_identification:_identify(src/px4-ros2-interface-lib/examples/cpp) by extension 'cmake'
[0.234s] Level 1:colcon.colcon_core.package_identification:_identify(src/px4-ros2-interface-lib/examples/cpp) by extension 'python'
[0.234s] Level 1:colcon.colcon_core.package_identification:_identify(src/px4-ros2-interface-lib/examples/cpp) by extensions ['python_setup_py']
[0.234s] Level 1:colcon.colcon_core.package_identification:_identify(src/px4-ros2-interface-lib/examples/cpp) by extension 'python_setup_py'
[0.234s] Level 1:colcon.colcon_core.package_identification:_identify(src/px4-ros2-interface-lib/examples/cpp/modes) by extensions ['ignore', 'ignore_ament_install']
[0.234s] Level 1:colcon.colcon_core.package_identification:_identify(src/px4-ros2-interface-lib/examples/cpp/modes) by extension 'ignore'
[0.234s] Level 1:colcon.colcon_core.package_identification:_identify(src/px4-ros2-interface-lib/examples/cpp/modes) by extension 'ignore_ament_install'
[0.234s] Level 1:colcon.colcon_core.package_identification:_identify(src/px4-ros2-interface-lib/examples/cpp/modes) by extensions ['colcon_pkg']
[0.234s] Level 1:colcon.colcon_core.package_identification:_identify(src/px4-ros2-interface-lib/examples/cpp/modes) by extension 'colcon_pkg'
[0.234s] Level 1:colcon.colcon_core.package_identification:_identify(src/px4-ros2-interface-lib/examples/cpp/modes) by extensions ['colcon_meta']
[0.234s] Level 1:colcon.colcon_core.package_identification:_identify(src/px4-ros2-interface-lib/examples/cpp/modes) by extension 'colcon_meta'
[0.234s] Level 1:colcon.colcon_core.package_identification:_identify(src/px4-ros2-interface-lib/examples/cpp/modes) by extensions ['ros']
[0.234s] Level 1:colcon.colcon_core.package_identification:_identify(src/px4-ros2-interface-lib/examples/cpp/modes) by extension 'ros'
[0.234s] Level 1:colcon.colcon_core.package_identification:_identify(src/px4-ros2-interface-lib/examples/cpp/modes) by extensions ['cmake', 'python']
[0.234s] Level 1:colcon.colcon_core.package_identification:_identify(src/px4-ros2-interface-lib/examples/cpp/modes) by extension 'cmake'
[0.234s] Level 1:colcon.colcon_core.package_identification:_identify(src/px4-ros2-interface-lib/examples/cpp/modes) by extension 'python'
[0.234s] Level 1:colcon.colcon_core.package_identification:_identify(src/px4-ros2-interface-lib/examples/cpp/modes) by extensions ['python_setup_py']
[0.234s] Level 1:colcon.colcon_core.package_identification:_identify(src/px4-ros2-interface-lib/examples/cpp/modes) by extension 'python_setup_py'
[0.234s] Level 1:colcon.colcon_core.package_identification:_identify(src/px4-ros2-interface-lib/examples/cpp/modes/executor_with_multiple_modes) by extensions ['ignore', 'ignore_ament_install']
[0.234s] Level 1:colcon.colcon_core.package_identification:_identify(src/px4-ros2-interface-lib/examples/cpp/modes/executor_with_multiple_modes) by extension 'ignore'
[0.234s] Level 1:colcon.colcon_core.package_identification:_identify(src/px4-ros2-interface-lib/examples/cpp/modes/executor_with_multiple_modes) by extension 'ignore_ament_install'
[0.234s] Level 1:colcon.colcon_core.package_identification:_identify(src/px4-ros2-interface-lib/examples/cpp/modes/executor_with_multiple_modes) by extensions ['colcon_pkg']
[0.234s] Level 1:colcon.colcon_core.package_identification:_identify(src/px4-ros2-interface-lib/examples/cpp/modes/executor_with_multiple_modes) by extension 'colcon_pkg'
[0.234s] Level 1:colcon.colcon_core.package_identification:_identify(src/px4-ros2-interface-lib/examples/cpp/modes/executor_with_multiple_modes) by extensions ['colcon_meta']
[0.234s] Level 1:colcon.colcon_core.package_identification:_identify(src/px4-ros2-interface-lib/examples/cpp/modes/executor_with_multiple_modes) by extension 'colcon_meta'
[0.234s] Level 1:colcon.colcon_core.package_identification:_identify(src/px4-ros2-interface-lib/examples/cpp/modes/executor_with_multiple_modes) by extensions ['ros']
[0.234s] Level 1:colcon.colcon_core.package_identification:_identify(src/px4-ros2-interface-lib/examples/cpp/modes/executor_with_multiple_modes) by extension 'ros'
[0.235s] DEBUG:colcon.colcon_core.package_identification:Package 'src/px4-ros2-interface-lib/examples/cpp/modes/executor_with_multiple_modes' with type 'ros.ament_cmake' and name 'example_executor_with_multiple_modes_cpp'
[0.235s] Level 1:colcon.colcon_core.package_identification:_identify(src/px4-ros2-interface-lib/examples/cpp/modes/fw_attitude) by extensions ['ignore', 'ignore_ament_install']
[0.242s] Level 1:colcon.colcon_core.package_identification:_identify(src/px4-ros2-interface-lib/examples/cpp/modes/fw_attitude) by extension 'ignore'
[0.242s] Level 1:colcon.colcon_core.package_identification:_identify(src/px4-ros2-interface-lib/examples/cpp/modes/fw_attitude) by extension 'ignore_ament_install'
[0.242s] Level 1:colcon.colcon_core.package_identification:_identify(src/px4-ros2-interface-lib/examples/cpp/modes/fw_attitude) by extensions ['colcon_pkg']
[0.242s] Level 1:colcon.colcon_core.package_identification:_identify(src/px4-ros2-interface-lib/examples/cpp/modes/fw_attitude) by extension 'colcon_pkg'
[0.242s] Level 1:colcon.colcon_core.package_identification:_identify(src/px4-ros2-interface-lib/examples/cpp/modes/fw_attitude) by extensions ['colcon_meta']
[0.242s] Level 1:colcon.colcon_core.package_identification:_identify(src/px4-ros2-interface-lib/examples/cpp/modes/fw_attitude) by extension 'colcon_meta'
[0.242s] Level 1:colcon.colcon_core.package_identification:_identify(src/px4-ros2-interface-lib/examples/cpp/modes/fw_attitude) by extensions ['ros']
[0.242s] Level 1:colcon.colcon_core.package_identification:_identify(src/px4-ros2-interface-lib/examples/cpp/modes/fw_attitude) by extension 'ros'
[0.243s] DEBUG:colcon.colcon_core.package_identification:Package 'src/px4-ros2-interface-lib/examples/cpp/modes/fw_attitude' with type 'ros.ament_cmake' and name 'example_mode_fw_attitude_cpp'
[0.243s] Level 1:colcon.colcon_core.package_identification:_identify(src/px4-ros2-interface-lib/examples/cpp/modes/goto) by extensions ['ignore', 'ignore_ament_install']
[0.243s] Level 1:colcon.colcon_core.package_identification:_identify(src/px4-ros2-interface-lib/examples/cpp/modes/goto) by extension 'ignore'
[0.243s] Level 1:colcon.colcon_core.package_identification:_identify(src/px4-ros2-interface-lib/examples/cpp/modes/goto) by extension 'ignore_ament_install'
[0.243s] Level 1:colcon.colcon_core.package_identification:_identify(src/px4-ros2-interface-lib/examples/cpp/modes/goto) by extensions ['colcon_pkg']
[0.243s] Level 1:colcon.colcon_core.package_identification:_identify(src/px4-ros2-interface-lib/examples/cpp/modes/goto) by extension 'colcon_pkg'
[0.243s] Level 1:colcon.colcon_core.package_identification:_identify(src/px4-ros2-interface-lib/examples/cpp/modes/goto) by extensions ['colcon_meta']
[0.243s] Level 1:colcon.colcon_core.package_identification:_identify(src/px4-ros2-interface-lib/examples/cpp/modes/goto) by extension 'colcon_meta'
[0.243s] Level 1:colcon.colcon_core.package_identification:_identify(src/px4-ros2-interface-lib/examples/cpp/modes/goto) by extensions ['ros']
[0.243s] Level 1:colcon.colcon_core.package_identification:_identify(src/px4-ros2-interface-lib/examples/cpp/modes/goto) by extension 'ros'
[0.243s] DEBUG:colcon.colcon_core.package_identification:Package 'src/px4-ros2-interface-lib/examples/cpp/modes/goto' with type 'ros.ament_cmake' and name 'example_mode_goto_cpp'
[0.244s] Level 1:colcon.colcon_core.package_identification:_identify(src/px4-ros2-interface-lib/examples/cpp/modes/goto_global) by extensions ['ignore', 'ignore_ament_install']
[0.244s] Level 1:colcon.colcon_core.package_identification:_identify(src/px4-ros2-interface-lib/examples/cpp/modes/goto_global) by extension 'ignore'
[0.244s] Level 1:colcon.colcon_core.package_identification:_identify(src/px4-ros2-interface-lib/examples/cpp/modes/goto_global) by extension 'ignore_ament_install'
[0.244s] Level 1:colcon.colcon_core.package_identification:_identify(src/px4-ros2-interface-lib/examples/cpp/modes/goto_global) by extensions ['colcon_pkg']
[0.244s] Level 1:colcon.colcon_core.package_identification:_identify(src/px4-ros2-interface-lib/examples/cpp/modes/goto_global) by extension 'colcon_pkg'
[0.244s] Level 1:colcon.colcon_core.package_identification:_identify(src/px4-ros2-interface-lib/examples/cpp/modes/goto_global) by extensions ['colcon_meta']
[0.244s] Level 1:colcon.colcon_core.package_identification:_identify(src/px4-ros2-interface-lib/examples/cpp/modes/goto_global) by extension 'colcon_meta'
[0.244s] Level 1:colcon.colcon_core.package_identification:_identify(src/px4-ros2-interface-lib/examples/cpp/modes/goto_global) by extensions ['ros']
[0.244s] Level 1:colcon.colcon_core.package_identification:_identify(src/px4-ros2-interface-lib/examples/cpp/modes/goto_global) by extension 'ros'
[0.244s] DEBUG:colcon.colcon_core.package_identification:Package 'src/px4-ros2-interface-lib/examples/cpp/modes/goto_global' with type 'ros.ament_cmake' and name 'example_mode_goto_global_cpp'
[0.244s] Level 1:colcon.colcon_core.package_identification:_identify(src/px4-ros2-interface-lib/examples/cpp/modes/manual) by extensions ['ignore', 'ignore_ament_install']
[0.244s] Level 1:colcon.colcon_core.package_identification:_identify(src/px4-ros2-interface-lib/examples/cpp/modes/manual) by extension 'ignore'
[0.244s] Level 1:colcon.colcon_core.package_identification:_identify(src/px4-ros2-interface-lib/examples/cpp/modes/manual) by extension 'ignore_ament_install'
[0.244s] Level 1:colcon.colcon_core.package_identification:_identify(src/px4-ros2-interface-lib/examples/cpp/modes/manual) by extensions ['colcon_pkg']
[0.244s] Level 1:colcon.colcon_core.package_identification:_identify(src/px4-ros2-interface-lib/examples/cpp/modes/manual) by extension 'colcon_pkg'
[0.244s] Level 1:colcon.colcon_core.package_identification:_identify(src/px4-ros2-interface-lib/examples/cpp/modes/manual) by extensions ['colcon_meta']
[0.244s] Level 1:colcon.colcon_core.package_identification:_identify(src/px4-ros2-interface-lib/examples/cpp/modes/manual) by extension 'colcon_meta'
[0.244s] Level 1:colcon.colcon_core.package_identification:_identify(src/px4-ros2-interface-lib/examples/cpp/modes/manual) by extensions ['ros']
[0.244s] Level 1:colcon.colcon_core.package_identification:_identify(src/px4-ros2-interface-lib/examples/cpp/modes/manual) by extension 'ros'
[0.245s] DEBUG:colcon.colcon_core.package_identification:Package 'src/px4-ros2-interface-lib/examples/cpp/modes/manual' with type 'ros.ament_cmake' and name 'example_mode_manual_cpp'
[0.245s] Level 1:colcon.colcon_core.package_identification:_identify(src/px4-ros2-interface-lib/examples/cpp/modes/mission) by extensions ['ignore', 'ignore_ament_install']
[0.245s] Level 1:colcon.colcon_core.package_identification:_identify(src/px4-ros2-interface-lib/examples/cpp/modes/mission) by extension 'ignore'
[0.245s] Level 1:colcon.colcon_core.package_identification:_identify(src/px4-ros2-interface-lib/examples/cpp/modes/mission) by extension 'ignore_ament_install'
[0.245s] Level 1:colcon.colcon_core.package_identification:_identify(src/px4-ros2-interface-lib/examples/cpp/modes/mission) by extensions ['colcon_pkg']
[0.245s] Level 1:colcon.colcon_core.package_identification:_identify(src/px4-ros2-interface-lib/examples/cpp/modes/mission) by extension 'colcon_pkg'
[0.245s] Level 1:colcon.colcon_core.package_identification:_identify(src/px4-ros2-interface-lib/examples/cpp/modes/mission) by extensions ['colcon_meta']
[0.245s] Level 1:colcon.colcon_core.package_identification:_identify(src/px4-ros2-interface-lib/examples/cpp/modes/mission) by extension 'colcon_meta'
[0.245s] Level 1:colcon.colcon_core.package_identification:_identify(src/px4-ros2-interface-lib/examples/cpp/modes/mission) by extensions ['ros']
[0.245s] Level 1:colcon.colcon_core.package_identification:_identify(src/px4-ros2-interface-lib/examples/cpp/modes/mission) by extension 'ros'
[0.246s] DEBUG:colcon.colcon_core.package_identification:Package 'src/px4-ros2-interface-lib/examples/cpp/modes/mission' with type 'ros.ament_cmake' and name 'example_mode_mission_cpp'
[0.246s] Level 1:colcon.colcon_core.package_identification:_identify(src/px4-ros2-interface-lib/examples/cpp/modes/mode_with_executor) by extensions ['ignore', 'ignore_ament_install']
[0.246s] Level 1:colcon.colcon_core.package_identification:_identify(src/px4-ros2-interface-lib/examples/cpp/modes/mode_with_executor) by extension 'ignore'
[0.246s] Level 1:colcon.colcon_core.package_identification:_identify(src/px4-ros2-interface-lib/examples/cpp/modes/mode_with_executor) by extension 'ignore_ament_install'
[0.246s] Level 1:colcon.colcon_core.package_identification:_identify(src/px4-ros2-interface-lib/examples/cpp/modes/mode_with_executor) by extensions ['colcon_pkg']
[0.246s] Level 1:colcon.colcon_core.package_identification:_identify(src/px4-ros2-interface-lib/examples/cpp/modes/mode_with_executor) by extension 'colcon_pkg'
[0.246s] Level 1:colcon.colcon_core.package_identification:_identify(src/px4-ros2-interface-lib/examples/cpp/modes/mode_with_executor) by extensions ['colcon_meta']
[0.246s] Level 1:colcon.colcon_core.package_identification:_identify(src/px4-ros2-interface-lib/examples/cpp/modes/mode_with_executor) by extension 'colcon_meta'
[0.246s] Level 1:colcon.colcon_core.package_identification:_identify(src/px4-ros2-interface-lib/examples/cpp/modes/mode_with_executor) by extensions ['ros']
[0.246s] Level 1:colcon.colcon_core.package_identification:_identify(src/px4-ros2-interface-lib/examples/cpp/modes/mode_with_executor) by extension 'ros'
[0.246s] DEBUG:colcon.colcon_core.package_identification:Package 'src/px4-ros2-interface-lib/examples/cpp/modes/mode_with_executor' with type 'ros.ament_cmake' and name 'example_mode_with_executor_cpp'
[0.246s] Level 1:colcon.colcon_core.package_identification:_identify(src/px4-ros2-interface-lib/examples/cpp/modes/rover_velocity) by extensions ['ignore', 'ignore_ament_install']
[0.247s] Level 1:colcon.colcon_core.package_identification:_identify(src/px4-ros2-interface-lib/examples/cpp/modes/rover_velocity) by extension 'ignore'
[0.247s] Level 1:colcon.colcon_core.package_identification:_identify(src/px4-ros2-interface-lib/examples/cpp/modes/rover_velocity) by extension 'ignore_ament_install'
[0.247s] Level 1:colcon.colcon_core.package_identification:_identify(src/px4-ros2-interface-lib/examples/cpp/modes/rover_velocity) by extensions ['colcon_pkg']
[0.247s] Level 1:colcon.colcon_core.package_identification:_identify(src/px4-ros2-interface-lib/examples/cpp/modes/rover_velocity) by extension 'colcon_pkg'
[0.247s] Level 1:colcon.colcon_core.package_identification:_identify(src/px4-ros2-interface-lib/examples/cpp/modes/rover_velocity) by extensions ['colcon_meta']
[0.247s] Level 1:colcon.colcon_core.package_identification:_identify(src/px4-ros2-interface-lib/examples/cpp/modes/rover_velocity) by extension 'colcon_meta'
[0.247s] Level 1:colcon.colcon_core.package_identification:_identify(src/px4-ros2-interface-lib/examples/cpp/modes/rover_velocity) by extensions ['ros']
[0.247s] Level 1:colcon.colcon_core.package_identification:_identify(src/px4-ros2-interface-lib/examples/cpp/modes/rover_velocity) by extension 'ros'
[0.247s] DEBUG:colcon.colcon_core.package_identification:Package 'src/px4-ros2-interface-lib/examples/cpp/modes/rover_velocity' with type 'ros.ament_cmake' and name 'example_rover_velocity_mode_cpp'
[0.247s] Level 1:colcon.colcon_core.package_identification:_identify(src/px4-ros2-interface-lib/examples/cpp/modes/rtl_replacement) by extensions ['ignore', 'ignore_ament_install']
[0.247s] Level 1:colcon.colcon_core.package_identification:_identify(src/px4-ros2-interface-lib/examples/cpp/modes/rtl_replacement) by extension 'ignore'
[0.247s] Level 1:colcon.colcon_core.package_identification:_identify(src/px4-ros2-interface-lib/examples/cpp/modes/rtl_replacement) by extension 'ignore_ament_install'
[0.247s] Level 1:colcon.colcon_core.package_identification:_identify(src/px4-ros2-interface-lib/examples/cpp/modes/rtl_replacement) by extensions ['colcon_pkg']
[0.247s] Level 1:colcon.colcon_core.package_identification:_identify(src/px4-ros2-interface-lib/examples/cpp/modes/rtl_replacement) by extension 'colcon_pkg'
[0.247s] Level 1:colcon.colcon_core.package_identification:_identify(src/px4-ros2-interface-lib/examples/cpp/modes/rtl_replacement) by extensions ['colcon_meta']
[0.247s] Level 1:colcon.colcon_core.package_identification:_identify(src/px4-ros2-interface-lib/examples/cpp/modes/rtl_replacement) by extension 'colcon_meta'
[0.247s] Level 1:colcon.colcon_core.package_identification:_identify(src/px4-ros2-interface-lib/examples/cpp/modes/rtl_replacement) by extensions ['ros']
[0.247s] Level 1:colcon.colcon_core.package_identification:_identify(src/px4-ros2-interface-lib/examples/cpp/modes/rtl_replacement) by extension 'ros'
[0.248s] DEBUG:colcon.colcon_core.package_identification:Package 'src/px4-ros2-interface-lib/examples/cpp/modes/rtl_replacement' with type 'ros.ament_cmake' and name 'example_mode_rtl_replacement_cpp'
[0.248s] Level 1:colcon.colcon_core.package_identification:_identify(src/px4-ros2-interface-lib/examples/cpp/modes/vtol) by extensions ['ignore', 'ignore_ament_install']
[0.248s] Level 1:colcon.colcon_core.package_identification:_identify(src/px4-ros2-interface-lib/examples/cpp/modes/vtol) by extension 'ignore'
[0.248s] Level 1:colcon.colcon_core.package_identification:_identify(src/px4-ros2-interface-lib/examples/cpp/modes/vtol) by extension 'ignore_ament_install'
[0.248s] Level 1:colcon.colcon_core.package_identification:_identify(src/px4-ros2-interface-lib/examples/cpp/modes/vtol) by extensions ['colcon_pkg']
[0.248s] Level 1:colcon.colcon_core.package_identification:_identify(src/px4-ros2-interface-lib/examples/cpp/modes/vtol) by extension 'colcon_pkg'
[0.248s] Level 1:colcon.colcon_core.package_identification:_identify(src/px4-ros2-interface-lib/examples/cpp/modes/vtol) by extensions ['colcon_meta']
[0.248s] Level 1:colcon.colcon_core.package_identification:_identify(src/px4-ros2-interface-lib/examples/cpp/modes/vtol) by extension 'colcon_meta'
[0.248s] Level 1:colcon.colcon_core.package_identification:_identify(src/px4-ros2-interface-lib/examples/cpp/modes/vtol) by extensions ['ros']
[0.248s] Level 1:colcon.colcon_core.package_identification:_identify(src/px4-ros2-interface-lib/examples/cpp/modes/vtol) by extension 'ros'
[0.248s] DEBUG:colcon.colcon_core.package_identification:Package 'src/px4-ros2-interface-lib/examples/cpp/modes/vtol' with type 'ros.ament_cmake' and name 'example_mode_vtol_cpp'
[0.248s] Level 1:colcon.colcon_core.package_identification:_identify(src/px4-ros2-interface-lib/examples/cpp/navigation) by extensions ['ignore', 'ignore_ament_install']
[0.248s] Level 1:colcon.colcon_core.package_identification:_identify(src/px4-ros2-interface-lib/examples/cpp/navigation) by extension 'ignore'
[0.248s] Level 1:colcon.colcon_core.package_identification:_identify(src/px4-ros2-interface-lib/examples/cpp/navigation) by extension 'ignore_ament_install'
[0.249s] Level 1:colcon.colcon_core.package_identification:_identify(src/px4-ros2-interface-lib/examples/cpp/navigation) by extensions ['colcon_pkg']
[0.249s] Level 1:colcon.colcon_core.package_identification:_identify(src/px4-ros2-interface-lib/examples/cpp/navigation) by extension 'colcon_pkg'
[0.249s] Level 1:colcon.colcon_core.package_identification:_identify(src/px4-ros2-interface-lib/examples/cpp/navigation) by extensions ['colcon_meta']
[0.249s] Level 1:colcon.colcon_core.package_identification:_identify(src/px4-ros2-interface-lib/examples/cpp/navigation) by extension 'colcon_meta'
[0.249s] Level 1:colcon.colcon_core.package_identification:_identify(src/px4-ros2-interface-lib/examples/cpp/navigation) by extensions ['ros']
[0.249s] Level 1:colcon.colcon_core.package_identification:_identify(src/px4-ros2-interface-lib/examples/cpp/navigation) by extension 'ros'
[0.249s] Level 1:colcon.colcon_core.package_identification:_identify(src/px4-ros2-interface-lib/examples/cpp/navigation) by extensions ['cmake', 'python']
[0.249s] Level 1:colcon.colcon_core.package_identification:_identify(src/px4-ros2-interface-lib/examples/cpp/navigation) by extension 'cmake'
[0.249s] Level 1:colcon.colcon_core.package_identification:_identify(src/px4-ros2-interface-lib/examples/cpp/navigation) by extension 'python'
[0.249s] Level 1:colcon.colcon_core.package_identification:_identify(src/px4-ros2-interface-lib/examples/cpp/navigation) by extensions ['python_setup_py']
[0.249s] Level 1:colcon.colcon_core.package_identification:_identify(src/px4-ros2-interface-lib/examples/cpp/navigation) by extension 'python_setup_py'
[0.249s] Level 1:colcon.colcon_core.package_identification:_identify(src/px4-ros2-interface-lib/examples/cpp/navigation/global_navigation) by extensions ['ignore', 'ignore_ament_install']
[0.249s] Level 1:colcon.colcon_core.package_identification:_identify(src/px4-ros2-interface-lib/examples/cpp/navigation/global_navigation) by extension 'ignore'
[0.249s] Level 1:colcon.colcon_core.package_identification:_identify(src/px4-ros2-interface-lib/examples/cpp/navigation/global_navigation) by extension 'ignore_ament_install'
[0.249s] Level 1:colcon.colcon_core.package_identification:_identify(src/px4-ros2-interface-lib/examples/cpp/navigation/global_navigation) by extensions ['colcon_pkg']
[0.249s] Level 1:colcon.colcon_core.package_identification:_identify(src/px4-ros2-interface-lib/examples/cpp/navigation/global_navigation) by extension 'colcon_pkg'
[0.249s] Level 1:colcon.colcon_core.package_identification:_identify(src/px4-ros2-interface-lib/examples/cpp/navigation/global_navigation) by extensions ['colcon_meta']
[0.249s] Level 1:colcon.colcon_core.package_identification:_identify(src/px4-ros2-interface-lib/examples/cpp/navigation/global_navigation) by extension 'colcon_meta'
[0.249s] Level 1:colcon.colcon_core.package_identification:_identify(src/px4-ros2-interface-lib/examples/cpp/navigation/global_navigation) by extensions ['ros']
[0.249s] Level 1:colcon.colcon_core.package_identification:_identify(src/px4-ros2-interface-lib/examples/cpp/navigation/global_navigation) by extension 'ros'
[0.249s] DEBUG:colcon.colcon_core.package_identification:Package 'src/px4-ros2-interface-lib/examples/cpp/navigation/global_navigation' with type 'ros.ament_cmake' and name 'example_global_navigation_cpp'
[0.249s] Level 1:colcon.colcon_core.package_identification:_identify(src/px4-ros2-interface-lib/examples/cpp/navigation/local_navigation) by extensions ['ignore', 'ignore_ament_install']
[0.250s] Level 1:colcon.colcon_core.package_identification:_identify(src/px4-ros2-interface-lib/examples/cpp/navigation/local_navigation) by extension 'ignore'
[0.250s] Level 1:colcon.colcon_core.package_identification:_identify(src/px4-ros2-interface-lib/examples/cpp/navigation/local_navigation) by extension 'ignore_ament_install'
[0.250s] Level 1:colcon.colcon_core.package_identification:_identify(src/px4-ros2-interface-lib/examples/cpp/navigation/local_navigation) by extensions ['colcon_pkg']
[0.250s] Level 1:colcon.colcon_core.package_identification:_identify(src/px4-ros2-interface-lib/examples/cpp/navigation/local_navigation) by extension 'colcon_pkg'
[0.250s] Level 1:colcon.colcon_core.package_identification:_identify(src/px4-ros2-interface-lib/examples/cpp/navigation/local_navigation) by extensions ['colcon_meta']
[0.250s] Level 1:colcon.colcon_core.package_identification:_identify(src/px4-ros2-interface-lib/examples/cpp/navigation/local_navigation) by extension 'colcon_meta'
[0.250s] Level 1:colcon.colcon_core.package_identification:_identify(src/px4-ros2-interface-lib/examples/cpp/navigation/local_navigation) by extensions ['ros']
[0.250s] Level 1:colcon.colcon_core.package_identification:_identify(src/px4-ros2-interface-lib/examples/cpp/navigation/local_navigation) by extension 'ros'
[0.250s] DEBUG:colcon.colcon_core.package_identification:Package 'src/px4-ros2-interface-lib/examples/cpp/navigation/local_navigation' with type 'ros.ament_cmake' and name 'example_local_navigation_cpp'
[0.250s] Level 1:colcon.colcon_core.package_identification:_identify(src/px4-ros2-interface-lib/mission) by extensions ['ignore', 'ignore_ament_install']
[0.250s] Level 1:colcon.colcon_core.package_identification:_identify(src/px4-ros2-interface-lib/mission) by extension 'ignore'
[0.250s] Level 1:colcon.colcon_core.package_identification:_identify(src/px4-ros2-interface-lib/mission) by extension 'ignore_ament_install'
[0.250s] Level 1:colcon.colcon_core.package_identification:_identify(src/px4-ros2-interface-lib/mission) by extensions ['colcon_pkg']
[0.250s] Level 1:colcon.colcon_core.package_identification:_identify(src/px4-ros2-interface-lib/mission) by extension 'colcon_pkg'
[0.250s] Level 1:colcon.colcon_core.package_identification:_identify(src/px4-ros2-interface-lib/mission) by extensions ['colcon_meta']
[0.250s] Level 1:colcon.colcon_core.package_identification:_identify(src/px4-ros2-interface-lib/mission) by extension 'colcon_meta'
[0.250s] Level 1:colcon.colcon_core.package_identification:_identify(src/px4-ros2-interface-lib/mission) by extensions ['ros']
[0.250s] Level 1:colcon.colcon_core.package_identification:_identify(src/px4-ros2-interface-lib/mission) by extension 'ros'
[0.250s] Level 1:colcon.colcon_core.package_identification:_identify(src/px4-ros2-interface-lib/mission) by extensions ['cmake', 'python']
[0.250s] Level 1:colcon.colcon_core.package_identification:_identify(src/px4-ros2-interface-lib/mission) by extension 'cmake'
[0.250s] Level 1:colcon.colcon_core.package_identification:_identify(src/px4-ros2-interface-lib/mission) by extension 'python'
[0.250s] Level 1:colcon.colcon_core.package_identification:_identify(src/px4-ros2-interface-lib/mission) by extensions ['python_setup_py']
[0.251s] Level 1:colcon.colcon_core.package_identification:_identify(src/px4-ros2-interface-lib/mission) by extension 'python_setup_py'
[0.251s] Level 1:colcon.colcon_core.package_identification:_identify(src/px4-ros2-interface-lib/mission/examples) by extensions ['ignore', 'ignore_ament_install']
[0.251s] Level 1:colcon.colcon_core.package_identification:_identify(src/px4-ros2-interface-lib/mission/examples) by extension 'ignore'
[0.251s] Level 1:colcon.colcon_core.package_identification:_identify(src/px4-ros2-interface-lib/mission/examples) by extension 'ignore_ament_install'
[0.251s] Level 1:colcon.colcon_core.package_identification:_identify(src/px4-ros2-interface-lib/mission/examples) by extensions ['colcon_pkg']
[0.251s] Level 1:colcon.colcon_core.package_identification:_identify(src/px4-ros2-interface-lib/mission/examples) by extension 'colcon_pkg'
[0.251s] Level 1:colcon.colcon_core.package_identification:_identify(src/px4-ros2-interface-lib/mission/examples) by extensions ['colcon_meta']
[0.251s] Level 1:colcon.colcon_core.package_identification:_identify(src/px4-ros2-interface-lib/mission/examples) by extension 'colcon_meta'
[0.251s] Level 1:colcon.colcon_core.package_identification:_identify(src/px4-ros2-interface-lib/mission/examples) by extensions ['ros']
[0.251s] Level 1:colcon.colcon_core.package_identification:_identify(src/px4-ros2-interface-lib/mission/examples) by extension 'ros'
[0.251s] Level 1:colcon.colcon_core.package_identification:_identify(src/px4-ros2-interface-lib/mission/examples) by extensions ['cmake', 'python']
[0.251s] Level 1:colcon.colcon_core.package_identification:_identify(src/px4-ros2-interface-lib/mission/examples) by extension 'cmake'
[0.251s] Level 1:colcon.colcon_core.package_identification:_identify(src/px4-ros2-interface-lib/mission/examples) by extension 'python'
[0.251s] Level 1:colcon.colcon_core.package_identification:_identify(src/px4-ros2-interface-lib/mission/examples) by extensions ['python_setup_py']
[0.251s] Level 1:colcon.colcon_core.package_identification:_identify(src/px4-ros2-interface-lib/mission/examples) by extension 'python_setup_py'
[0.251s] Level 1:colcon.colcon_core.package_identification:_identify(src/px4-ros2-interface-lib/px4_ros2_cpp) by extensions ['ignore', 'ignore_ament_install']
[0.251s] Level 1:colcon.colcon_core.package_identification:_identify(src/px4-ros2-interface-lib/px4_ros2_cpp) by extension 'ignore'
[0.251s] Level 1:colcon.colcon_core.package_identification:_identify(src/px4-ros2-interface-lib/px4_ros2_cpp) by extension 'ignore_ament_install'
[0.251s] Level 1:colcon.colcon_core.package_identification:_identify(src/px4-ros2-interface-lib/px4_ros2_cpp) by extensions ['colcon_pkg']
[0.251s] Level 1:colcon.colcon_core.package_identification:_identify(src/px4-ros2-interface-lib/px4_ros2_cpp) by extension 'colcon_pkg'
[0.251s] Level 1:colcon.colcon_core.package_identification:_identify(src/px4-ros2-interface-lib/px4_ros2_cpp) by extensions ['colcon_meta']
[0.251s] Level 1:colcon.colcon_core.package_identification:_identify(src/px4-ros2-interface-lib/px4_ros2_cpp) by extension 'colcon_meta'
[0.251s] Level 1:colcon.colcon_core.package_identification:_identify(src/px4-ros2-interface-lib/px4_ros2_cpp) by extensions ['ros']
[0.251s] Level 1:colcon.colcon_core.package_identification:_identify(src/px4-ros2-interface-lib/px4_ros2_cpp) by extension 'ros'
[0.252s] DEBUG:colcon.colcon_core.package_identification:Package 'src/px4-ros2-interface-lib/px4_ros2_cpp' with type 'ros.ament_cmake' and name 'px4_ros2_cpp'
[0.252s] Level 1:colcon.colcon_core.package_identification:_identify(src/px4-ros2-interface-lib/scripts) by extensions ['ignore', 'ignore_ament_install']
[0.252s] Level 1:colcon.colcon_core.package_identification:_identify(src/px4-ros2-interface-lib/scripts) by extension 'ignore'
[0.252s] Level 1:colcon.colcon_core.package_identification:_identify(src/px4-ros2-interface-lib/scripts) by extension 'ignore_ament_install'
[0.252s] Level 1:colcon.colcon_core.package_identification:_identify(src/px4-ros2-interface-lib/scripts) by extensions ['colcon_pkg']
[0.252s] Level 1:colcon.colcon_core.package_identification:_identify(src/px4-ros2-interface-lib/scripts) by extension 'colcon_pkg'
[0.252s] Level 1:colcon.colcon_core.package_identification:_identify(src/px4-ros2-interface-lib/scripts) by extensions ['colcon_meta']
[0.252s] Level 1:colcon.colcon_core.package_identification:_identify(src/px4-ros2-interface-lib/scripts) by extension 'colcon_meta'
[0.252s] Level 1:colcon.colcon_core.package_identification:_identify(src/px4-ros2-interface-lib/scripts) by extensions ['ros']
[0.252s] Level 1:colcon.colcon_core.package_identification:_identify(src/px4-ros2-interface-lib/scripts) by extension 'ros'
[0.252s] Level 1:colcon.colcon_core.package_identification:_identify(src/px4-ros2-interface-lib/scripts) by extensions ['cmake', 'python']
[0.252s] Level 1:colcon.colcon_core.package_identification:_identify(src/px4-ros2-interface-lib/scripts) by extension 'cmake'
[0.252s] Level 1:colcon.colcon_core.package_identification:_identify(src/px4-ros2-interface-lib/scripts) by extension 'python'
[0.252s] Level 1:colcon.colcon_core.package_identification:_identify(src/px4-ros2-interface-lib/scripts) by extensions ['python_setup_py']
[0.252s] Level 1:colcon.colcon_core.package_identification:_identify(src/px4-ros2-interface-lib/scripts) by extension 'python_setup_py'
[0.252s] Level 1:colcon.colcon_core.package_identification:_identify(src/px4_msgs) by extensions ['ignore', 'ignore_ament_install']
[0.252s] Level 1:colcon.colcon_core.package_identification:_identify(src/px4_msgs) by extension 'ignore'
[0.252s] Level 1:colcon.colcon_core.package_identification:_identify(src/px4_msgs) by extension 'ignore_ament_install'
[0.252s] Level 1:colcon.colcon_core.package_identification:_identify(src/px4_msgs) by extensions ['colcon_pkg']
[0.252s] Level 1:colcon.colcon_core.package_identification:_identify(src/px4_msgs) by extension 'colcon_pkg'
[0.252s] Level 1:colcon.colcon_core.package_identification:_identify(src/px4_msgs) by extensions ['colcon_meta']
[0.252s] Level 1:colcon.colcon_core.package_identification:_identify(src/px4_msgs) by extension 'colcon_meta'
[0.252s] Level 1:colcon.colcon_core.package_identification:_identify(src/px4_msgs) by extensions ['ros']
[0.252s] Level 1:colcon.colcon_core.package_identification:_identify(src/px4_msgs) by extension 'ros'
[0.253s] DEBUG:colcon.colcon_core.package_identification:Package 'src/px4_msgs' with type 'ros.ament_cmake' and name 'px4_msgs'
[0.253s] Level 1:colcon.colcon_core.package_identification:_identify(src/ros_gz) by extensions ['ignore', 'ignore_ament_install']
[0.253s] Level 1:colcon.colcon_core.package_identification:_identify(src/ros_gz) by extension 'ignore'
[0.253s] Level 1:colcon.colcon_core.package_identification:_identify(src/ros_gz) by extension 'ignore_ament_install'
[0.253s] Level 1:colcon.colcon_core.package_identification:_identify(src/ros_gz) by extensions ['colcon_pkg']
[0.253s] Level 1:colcon.colcon_core.package_identification:_identify(src/ros_gz) by extension 'colcon_pkg'
[0.253s] Level 1:colcon.colcon_core.package_identification:_identify(src/ros_gz) by extensions ['colcon_meta']
[0.253s] Level 1:colcon.colcon_core.package_identification:_identify(src/ros_gz) by extension 'colcon_meta'
[0.253s] Level 1:colcon.colcon_core.package_identification:_identify(src/ros_gz) by extensions ['ros']
[0.253s] Level 1:colcon.colcon_core.package_identification:_identify(src/ros_gz) by extension 'ros'
[0.253s] Level 1:colcon.colcon_core.package_identification:_identify(src/ros_gz) by extensions ['cmake', 'python']
[0.253s] Level 1:colcon.colcon_core.package_identification:_identify(src/ros_gz) by extension 'cmake'
[0.253s] Level 1:colcon.colcon_core.package_identification:_identify(src/ros_gz) by extension 'python'
[0.253s] Level 1:colcon.colcon_core.package_identification:_identify(src/ros_gz) by extensions ['python_setup_py']
[0.253s] Level 1:colcon.colcon_core.package_identification:_identify(src/ros_gz) by extension 'python_setup_py'
[0.253s] Level 1:colcon.colcon_core.package_identification:_identify(src/ros_gz/ros_gz) by extensions ['ignore', 'ignore_ament_install']
[0.253s] Level 1:colcon.colcon_core.package_identification:_identify(src/ros_gz/ros_gz) by extension 'ignore'
[0.253s] Level 1:colcon.colcon_core.package_identification:_identify(src/ros_gz/ros_gz) by extension 'ignore_ament_install'
[0.253s] Level 1:colcon.colcon_core.package_identification:_identify(src/ros_gz/ros_gz) by extensions ['colcon_pkg']
[0.253s] Level 1:colcon.colcon_core.package_identification:_identify(src/ros_gz/ros_gz) by extension 'colcon_pkg'
[0.253s] Level 1:colcon.colcon_core.package_identification:_identify(src/ros_gz/ros_gz) by extensions ['colcon_meta']
[0.253s] Level 1:colcon.colcon_core.package_identification:_identify(src/ros_gz/ros_gz) by extension 'colcon_meta'
[0.253s] Level 1:colcon.colcon_core.package_identification:_identify(src/ros_gz/ros_gz) by extensions ['ros']
[0.253s] Level 1:colcon.colcon_core.package_identification:_identify(src/ros_gz/ros_gz) by extension 'ros'
[0.254s] DEBUG:colcon.colcon_core.package_identification:Package 'src/ros_gz/ros_gz' with type 'ros.ament_cmake' and name 'ros_gz'
[0.254s] Level 1:colcon.colcon_core.package_identification:_identify(src/ros_gz/ros_gz_bridge) by extensions ['ignore', 'ignore_ament_install']
[0.254s] Level 1:colcon.colcon_core.package_identification:_identify(src/ros_gz/ros_gz_bridge) by extension 'ignore'
[0.254s] Level 1:colcon.colcon_core.package_identification:_identify(src/ros_gz/ros_gz_bridge) by extension 'ignore_ament_install'
[0.254s] Level 1:colcon.colcon_core.package_identification:_identify(src/ros_gz/ros_gz_bridge) by extensions ['colcon_pkg']
[0.254s] Level 1:colcon.colcon_core.package_identification:_identify(src/ros_gz/ros_gz_bridge) by extension 'colcon_pkg'
[0.254s] Level 1:colcon.colcon_core.package_identification:_identify(src/ros_gz/ros_gz_bridge) by extensions ['colcon_meta']
[0.254s] Level 1:colcon.colcon_core.package_identification:_identify(src/ros_gz/ros_gz_bridge) by extension 'colcon_meta'
[0.254s] Level 1:colcon.colcon_core.package_identification:_identify(src/ros_gz/ros_gz_bridge) by extensions ['ros']
[0.254s] Level 1:colcon.colcon_core.package_identification:_identify(src/ros_gz/ros_gz_bridge) by extension 'ros'
[0.263s] DEBUG:colcon.colcon_core.package_identification:Package 'src/ros_gz/ros_gz_bridge' with type 'ros.ament_cmake' and name 'ros_gz_bridge'
[0.263s] Level 1:colcon.colcon_core.package_identification:_identify(src/ros_gz/ros_gz_image) by extensions ['ignore', 'ignore_ament_install']
[0.263s] Level 1:colcon.colcon_core.package_identification:_identify(src/ros_gz/ros_gz_image) by extension 'ignore'
[0.263s] Level 1:colcon.colcon_core.package_identification:_identify(src/ros_gz/ros_gz_image) by extension 'ignore_ament_install'
[0.264s] Level 1:colcon.colcon_core.package_identification:_identify(src/ros_gz/ros_gz_image) by extensions ['colcon_pkg']
[0.264s] Level 1:colcon.colcon_core.package_identification:_identify(src/ros_gz/ros_gz_image) by extension 'colcon_pkg'
[0.264s] Level 1:colcon.colcon_core.package_identification:_identify(src/ros_gz/ros_gz_image) by extensions ['colcon_meta']
[0.264s] Level 1:colcon.colcon_core.package_identification:_identify(src/ros_gz/ros_gz_image) by extension 'colcon_meta'
[0.264s] Level 1:colcon.colcon_core.package_identification:_identify(src/ros_gz/ros_gz_image) by extensions ['ros']
[0.264s] Level 1:colcon.colcon_core.package_identification:_identify(src/ros_gz/ros_gz_image) by extension 'ros'
[0.272s] DEBUG:colcon.colcon_core.package_identification:Package 'src/ros_gz/ros_gz_image' with type 'ros.ament_cmake' and name 'ros_gz_image'
[0.272s] Level 1:colcon.colcon_core.package_identification:_identify(src/ros_gz/ros_gz_interfaces) by extensions ['ignore', 'ignore_ament_install']
[0.272s] Level 1:colcon.colcon_core.package_identification:_identify(src/ros_gz/ros_gz_interfaces) by extension 'ignore'
[0.272s] Level 1:colcon.colcon_core.package_identification:_identify(src/ros_gz/ros_gz_interfaces) by extension 'ignore_ament_install'
[0.272s] Level 1:colcon.colcon_core.package_identification:_identify(src/ros_gz/ros_gz_interfaces) by extensions ['colcon_pkg']
[0.272s] Level 1:colcon.colcon_core.package_identification:_identify(src/ros_gz/ros_gz_interfaces) by extension 'colcon_pkg'
[0.272s] Level 1:colcon.colcon_core.package_identification:_identify(src/ros_gz/ros_gz_interfaces) by extensions ['colcon_meta']
[0.272s] Level 1:colcon.colcon_core.package_identification:_identify(src/ros_gz/ros_gz_interfaces) by extension 'colcon_meta'
[0.272s] Level 1:colcon.colcon_core.package_identification:_identify(src/ros_gz/ros_gz_interfaces) by extensions ['ros']
[0.272s] Level 1:colcon.colcon_core.package_identification:_identify(src/ros_gz/ros_gz_interfaces) by extension 'ros'
[0.272s] DEBUG:colcon.colcon_core.package_identification:Package 'src/ros_gz/ros_gz_interfaces' with type 'ros.ament_cmake' and name 'ros_gz_interfaces'
[0.272s] Level 1:colcon.colcon_core.package_identification:_identify(src/ros_gz/ros_gz_point_cloud) by extensions ['ignore', 'ignore_ament_install']
[0.272s] Level 1:colcon.colcon_core.package_identification:_identify(src/ros_gz/ros_gz_point_cloud) by extension 'ignore'
[0.272s] Level 1:colcon.colcon_core.package_identification:_identify(src/ros_gz/ros_gz_point_cloud) ignored
[0.272s] Level 1:colcon.colcon_core.package_identification:_identify(src/ros_gz/ros_gz_sim) by extensions ['ignore', 'ignore_ament_install']
[0.273s] Level 1:colcon.colcon_core.package_identification:_identify(src/ros_gz/ros_gz_sim) by extension 'ignore'
[0.273s] Level 1:colcon.colcon_core.package_identification:_identify(src/ros_gz/ros_gz_sim) by extension 'ignore_ament_install'
[0.273s] Level 1:colcon.colcon_core.package_identification:_identify(src/ros_gz/ros_gz_sim) by extensions ['colcon_pkg']
[0.273s] Level 1:colcon.colcon_core.package_identification:_identify(src/ros_gz/ros_gz_sim) by extension 'colcon_pkg'
[0.273s] Level 1:colcon.colcon_core.package_identification:_identify(src/ros_gz/ros_gz_sim) by extensions ['colcon_meta']
[0.273s] Level 1:colcon.colcon_core.package_identification:_identify(src/ros_gz/ros_gz_sim) by extension 'colcon_meta'
[0.273s] Level 1:colcon.colcon_core.package_identification:_identify(src/ros_gz/ros_gz_sim) by extensions ['ros']
[0.273s] Level 1:colcon.colcon_core.package_identification:_identify(src/ros_gz/ros_gz_sim) by extension 'ros'
[0.281s] DEBUG:colcon.colcon_core.package_identification:Package 'src/ros_gz/ros_gz_sim' with type 'ros.ament_cmake' and name 'ros_gz_sim'
[0.282s] Level 1:colcon.colcon_core.package_identification:_identify(src/ros_gz/ros_gz_sim_demos) by extensions ['ignore', 'ignore_ament_install']
[0.282s] Level 1:colcon.colcon_core.package_identification:_identify(src/ros_gz/ros_gz_sim_demos) by extension 'ignore'
[0.282s] Level 1:colcon.colcon_core.package_identification:_identify(src/ros_gz/ros_gz_sim_demos) by extension 'ignore_ament_install'
[0.282s] Level 1:colcon.colcon_core.package_identification:_identify(src/ros_gz/ros_gz_sim_demos) by extensions ['colcon_pkg']
[0.282s] Level 1:colcon.colcon_core.package_identification:_identify(src/ros_gz/ros_gz_sim_demos) by extension 'colcon_pkg'
[0.282s] Level 1:colcon.colcon_core.package_identification:_identify(src/ros_gz/ros_gz_sim_demos) by extensions ['colcon_meta']
[0.282s] Level 1:colcon.colcon_core.package_identification:_identify(src/ros_gz/ros_gz_sim_demos) by extension 'colcon_meta'
[0.282s] Level 1:colcon.colcon_core.package_identification:_identify(src/ros_gz/ros_gz_sim_demos) by extensions ['ros']
[0.282s] Level 1:colcon.colcon_core.package_identification:_identify(src/ros_gz/ros_gz_sim_demos) by extension 'ros'
[0.283s] DEBUG:colcon.colcon_core.package_identification:Package 'src/ros_gz/ros_gz_sim_demos' with type 'ros.ament_cmake' and name 'ros_gz_sim_demos'
[0.283s] Level 1:colcon.colcon_core.package_identification:_identify(src/ros_gz/ros_ign) by extensions ['ignore', 'ignore_ament_install']
[0.283s] Level 1:colcon.colcon_core.package_identification:_identify(src/ros_gz/ros_ign) by extension 'ignore'
[0.283s] Level 1:colcon.colcon_core.package_identification:_identify(src/ros_gz/ros_ign) by extension 'ignore_ament_install'
[0.283s] Level 1:colcon.colcon_core.package_identification:_identify(src/ros_gz/ros_ign) by extensions ['colcon_pkg']
[0.283s] Level 1:colcon.colcon_core.package_identification:_identify(src/ros_gz/ros_ign) by extension 'colcon_pkg'
[0.283s] Level 1:colcon.colcon_core.package_identification:_identify(src/ros_gz/ros_ign) by extensions ['colcon_meta']
[0.283s] Level 1:colcon.colcon_core.package_identification:_identify(src/ros_gz/ros_ign) by extension 'colcon_meta'
[0.283s] Level 1:colcon.colcon_core.package_identification:_identify(src/ros_gz/ros_ign) by extensions ['ros']
[0.283s] Level 1:colcon.colcon_core.package_identification:_identify(src/ros_gz/ros_ign) by extension 'ros'
[0.284s] DEBUG:colcon.colcon_core.package_identification:Package 'src/ros_gz/ros_ign' with type 'ros.ament_cmake' and name 'ros_ign'
[0.284s] Level 1:colcon.colcon_core.package_identification:_identify(src/ros_gz/ros_ign_bridge) by extensions ['ignore', 'ignore_ament_install']
[0.284s] Level 1:colcon.colcon_core.package_identification:_identify(src/ros_gz/ros_ign_bridge) by extension 'ignore'
[0.284s] Level 1:colcon.colcon_core.package_identification:_identify(src/ros_gz/ros_ign_bridge) by extension 'ignore_ament_install'
[0.284s] Level 1:colcon.colcon_core.package_identification:_identify(src/ros_gz/ros_ign_bridge) by extensions ['colcon_pkg']
[0.284s] Level 1:colcon.colcon_core.package_identification:_identify(src/ros_gz/ros_ign_bridge) by extension 'colcon_pkg'
[0.284s] Level 1:colcon.colcon_core.package_identification:_identify(src/ros_gz/ros_ign_bridge) by extensions ['colcon_meta']
[0.284s] Level 1:colcon.colcon_core.package_identification:_identify(src/ros_gz/ros_ign_bridge) by extension 'colcon_meta'
[0.284s] Level 1:colcon.colcon_core.package_identification:_identify(src/ros_gz/ros_ign_bridge) by extensions ['ros']
[0.284s] Level 1:colcon.colcon_core.package_identification:_identify(src/ros_gz/ros_ign_bridge) by extension 'ros'
[0.284s] DEBUG:colcon.colcon_core.package_identification:Package 'src/ros_gz/ros_ign_bridge' with type 'ros.ament_cmake' and name 'ros_ign_bridge'
[0.284s] Level 1:colcon.colcon_core.package_identification:_identify(src/ros_gz/ros_ign_gazebo) by extensions ['ignore', 'ignore_ament_install']
[0.284s] Level 1:colcon.colcon_core.package_identification:_identify(src/ros_gz/ros_ign_gazebo) by extension 'ignore'
[0.285s] Level 1:colcon.colcon_core.package_identification:_identify(src/ros_gz/ros_ign_gazebo) by extension 'ignore_ament_install'
[0.285s] Level 1:colcon.colcon_core.package_identification:_identify(src/ros_gz/ros_ign_gazebo) by extensions ['colcon_pkg']
[0.285s] Level 1:colcon.colcon_core.package_identification:_identify(src/ros_gz/ros_ign_gazebo) by extension 'colcon_pkg'
[0.285s] Level 1:colcon.colcon_core.package_identification:_identify(src/ros_gz/ros_ign_gazebo) by extensions ['colcon_meta']
[0.285s] Level 1:colcon.colcon_core.package_identification:_identify(src/ros_gz/ros_ign_gazebo) by extension 'colcon_meta'
[0.285s] Level 1:colcon.colcon_core.package_identification:_identify(src/ros_gz/ros_ign_gazebo) by extensions ['ros']
[0.285s] Level 1:colcon.colcon_core.package_identification:_identify(src/ros_gz/ros_ign_gazebo) by extension 'ros'
[0.285s] DEBUG:colcon.colcon_core.package_identification:Package 'src/ros_gz/ros_ign_gazebo' with type 'ros.ament_cmake' and name 'ros_ign_gazebo'
[0.285s] Level 1:colcon.colcon_core.package_identification:_identify(src/ros_gz/ros_ign_gazebo_demos) by extensions ['ignore', 'ignore_ament_install']
[0.285s] Level 1:colcon.colcon_core.package_identification:_identify(src/ros_gz/ros_ign_gazebo_demos) by extension 'ignore'
[0.285s] Level 1:colcon.colcon_core.package_identification:_identify(src/ros_gz/ros_ign_gazebo_demos) by extension 'ignore_ament_install'
[0.285s] Level 1:colcon.colcon_core.package_identification:_identify(src/ros_gz/ros_ign_gazebo_demos) by extensions ['colcon_pkg']
[0.285s] Level 1:colcon.colcon_core.package_identification:_identify(src/ros_gz/ros_ign_gazebo_demos) by extension 'colcon_pkg'
[0.285s] Level 1:colcon.colcon_core.package_identification:_identify(src/ros_gz/ros_ign_gazebo_demos) by extensions ['colcon_meta']
[0.285s] Level 1:colcon.colcon_core.package_identification:_identify(src/ros_gz/ros_ign_gazebo_demos) by extension 'colcon_meta'
[0.285s] Level 1:colcon.colcon_core.package_identification:_identify(src/ros_gz/ros_ign_gazebo_demos) by extensions ['ros']
[0.285s] Level 1:colcon.colcon_core.package_identification:_identify(src/ros_gz/ros_ign_gazebo_demos) by extension 'ros'
[0.286s] DEBUG:colcon.colcon_core.package_identification:Package 'src/ros_gz/ros_ign_gazebo_demos' with type 'ros.ament_cmake' and name 'ros_ign_gazebo_demos'
[0.286s] Level 1:colcon.colcon_core.package_identification:_identify(src/ros_gz/ros_ign_image) by extensions ['ignore', 'ignore_ament_install']
[0.286s] Level 1:colcon.colcon_core.package_identification:_identify(src/ros_gz/ros_ign_image) by extension 'ignore'
[0.286s] Level 1:colcon.colcon_core.package_identification:_identify(src/ros_gz/ros_ign_image) by extension 'ignore_ament_install'
[0.286s] Level 1:colcon.colcon_core.package_identification:_identify(src/ros_gz/ros_ign_image) by extensions ['colcon_pkg']
[0.286s] Level 1:colcon.colcon_core.package_identification:_identify(src/ros_gz/ros_ign_image) by extension 'colcon_pkg'
[0.286s] Level 1:colcon.colcon_core.package_identification:_identify(src/ros_gz/ros_ign_image) by extensions ['colcon_meta']
[0.286s] Level 1:colcon.colcon_core.package_identification:_identify(src/ros_gz/ros_ign_image) by extension 'colcon_meta'
[0.286s] Level 1:colcon.colcon_core.package_identification:_identify(src/ros_gz/ros_ign_image) by extensions ['ros']
[0.286s] Level 1:colcon.colcon_core.package_identification:_identify(src/ros_gz/ros_ign_image) by extension 'ros'
[0.286s] DEBUG:colcon.colcon_core.package_identification:Package 'src/ros_gz/ros_ign_image' with type 'ros.ament_cmake' and name 'ros_ign_image'
[0.286s] Level 1:colcon.colcon_core.package_identification:_identify(src/ros_gz/ros_ign_interfaces) by extensions ['ignore', 'ignore_ament_install']
[0.286s] Level 1:colcon.colcon_core.package_identification:_identify(src/ros_gz/ros_ign_interfaces) by extension 'ignore'
[0.286s] Level 1:colcon.colcon_core.package_identification:_identify(src/ros_gz/ros_ign_interfaces) by extension 'ignore_ament_install'
[0.286s] Level 1:colcon.colcon_core.package_identification:_identify(src/ros_gz/ros_ign_interfaces) by extensions ['colcon_pkg']
[0.286s] Level 1:colcon.colcon_core.package_identification:_identify(src/ros_gz/ros_ign_interfaces) by extension 'colcon_pkg'
[0.286s] Level 1:colcon.colcon_core.package_identification:_identify(src/ros_gz/ros_ign_interfaces) by extensions ['colcon_meta']
[0.286s] Level 1:colcon.colcon_core.package_identification:_identify(src/ros_gz/ros_ign_interfaces) by extension 'colcon_meta'
[0.287s] Level 1:colcon.colcon_core.package_identification:_identify(src/ros_gz/ros_ign_interfaces) by extensions ['ros']
[0.287s] Level 1:colcon.colcon_core.package_identification:_identify(src/ros_gz/ros_ign_interfaces) by extension 'ros'
[0.287s] DEBUG:colcon.colcon_core.package_identification:Package 'src/ros_gz/ros_ign_interfaces' with type 'ros.ament_cmake' and name 'ros_ign_interfaces'
[0.287s] Level 1:colcon.colcon_core.package_identification:_identify(src/ros_gz/test_ros_gz_bridge) by extensions ['ignore', 'ignore_ament_install']
[0.287s] Level 1:colcon.colcon_core.package_identification:_identify(src/ros_gz/test_ros_gz_bridge) by extension 'ignore'
[0.287s] Level 1:colcon.colcon_core.package_identification:_identify(src/ros_gz/test_ros_gz_bridge) by extension 'ignore_ament_install'
[0.287s] Level 1:colcon.colcon_core.package_identification:_identify(src/ros_gz/test_ros_gz_bridge) by extensions ['colcon_pkg']
[0.287s] Level 1:colcon.colcon_core.package_identification:_identify(src/ros_gz/test_ros_gz_bridge) by extension 'colcon_pkg'
[0.287s] Level 1:colcon.colcon_core.package_identification:_identify(src/ros_gz/test_ros_gz_bridge) by extensions ['colcon_meta']
[0.287s] Level 1:colcon.colcon_core.package_identification:_identify(src/ros_gz/test_ros_gz_bridge) by extension 'colcon_meta'
[0.287s] Level 1:colcon.colcon_core.package_identification:_identify(src/ros_gz/test_ros_gz_bridge) by extensions ['ros']
[0.287s] Level 1:colcon.colcon_core.package_identification:_identify(src/ros_gz/test_ros_gz_bridge) by extension 'ros'
[0.288s] DEBUG:colcon.colcon_core.package_identification:Package 'src/ros_gz/test_ros_gz_bridge' with type 'ros.ament_cmake' and name 'test_ros_gz_bridge'
[0.288s] Level 1:colcon.colcon_core.package_identification:_identify(src/ros_gz/tools) by extensions ['ignore', 'ignore_ament_install']
[0.288s] Level 1:colcon.colcon_core.package_identification:_identify(src/ros_gz/tools) by extension 'ignore'
[0.288s] Level 1:colcon.colcon_core.package_identification:_identify(src/ros_gz/tools) by extension 'ignore_ament_install'
[0.288s] Level 1:colcon.colcon_core.package_identification:_identify(src/ros_gz/tools) by extensions ['colcon_pkg']
[0.288s] Level 1:colcon.colcon_core.package_identification:_identify(src/ros_gz/tools) by extension 'colcon_pkg'
[0.288s] Level 1:colcon.colcon_core.package_identification:_identify(src/ros_gz/tools) by extensions ['colcon_meta']
[0.288s] Level 1:colcon.colcon_core.package_identification:_identify(src/ros_gz/tools) by extension 'colcon_meta'
[0.288s] Level 1:colcon.colcon_core.package_identification:_identify(src/ros_gz/tools) by extensions ['ros']
[0.288s] Level 1:colcon.colcon_core.package_identification:_identify(src/ros_gz/tools) by extension 'ros'
[0.288s] Level 1:colcon.colcon_core.package_identification:_identify(src/ros_gz/tools) by extensions ['cmake', 'python']
[0.288s] Level 1:colcon.colcon_core.package_identification:_identify(src/ros_gz/tools) by extension 'cmake'
[0.288s] Level 1:colcon.colcon_core.package_identification:_identify(src/ros_gz/tools) by extension 'python'
[0.288s] Level 1:colcon.colcon_core.package_identification:_identify(src/ros_gz/tools) by extensions ['python_setup_py']
[0.288s] Level 1:colcon.colcon_core.package_identification:_identify(src/ros_gz/tools) by extension 'python_setup_py'
[0.288s] Level 1:colcon.colcon_core.package_identification:_identify(src/vision_opencv) by extensions ['ignore', 'ignore_ament_install']
[0.288s] Level 1:colcon.colcon_core.package_identification:_identify(src/vision_opencv) by extension 'ignore'
[0.288s] Level 1:colcon.colcon_core.package_identification:_identify(src/vision_opencv) by extension 'ignore_ament_install'
[0.288s] Level 1:colcon.colcon_core.package_identification:_identify(src/vision_opencv) by extensions ['colcon_pkg']
[0.288s] Level 1:colcon.colcon_core.package_identification:_identify(src/vision_opencv) by extension 'colcon_pkg'
[0.288s] Level 1:colcon.colcon_core.package_identification:_identify(src/vision_opencv) by extensions ['colcon_meta']
[0.288s] Level 1:colcon.colcon_core.package_identification:_identify(src/vision_opencv) by extension 'colcon_meta'
[0.288s] Level 1:colcon.colcon_core.package_identification:_identify(src/vision_opencv) by extensions ['ros']
[0.288s] Level 1:colcon.colcon_core.package_identification:_identify(src/vision_opencv) by extension 'ros'
[0.288s] Level 1:colcon.colcon_core.package_identification:_identify(src/vision_opencv) by extensions ['cmake', 'python']
[0.288s] Level 1:colcon.colcon_core.package_identification:_identify(src/vision_opencv) by extension 'cmake'
[0.288s] Level 1:colcon.colcon_core.package_identification:_identify(src/vision_opencv) by extension 'python'
[0.288s] Level 1:colcon.colcon_core.package_identification:_identify(src/vision_opencv) by extensions ['python_setup_py']
[0.288s] Level 1:colcon.colcon_core.package_identification:_identify(src/vision_opencv) by extension 'python_setup_py'
[0.288s] Level 1:colcon.colcon_core.package_identification:_identify(src/vision_opencv/cv_bridge) by extensions ['ignore', 'ignore_ament_install']
[0.288s] Level 1:colcon.colcon_core.package_identification:_identify(src/vision_opencv/cv_bridge) by extension 'ignore'
[0.288s] Level 1:colcon.colcon_core.package_identification:_identify(src/vision_opencv/cv_bridge) by extension 'ignore_ament_install'
[0.288s] Level 1:colcon.colcon_core.package_identification:_identify(src/vision_opencv/cv_bridge) by extensions ['colcon_pkg']
[0.288s] Level 1:colcon.colcon_core.package_identification:_identify(src/vision_opencv/cv_bridge) by extension 'colcon_pkg'
[0.289s] Level 1:colcon.colcon_core.package_identification:_identify(src/vision_opencv/cv_bridge) by extensions ['colcon_meta']
[0.289s] Level 1:colcon.colcon_core.package_identification:_identify(src/vision_opencv/cv_bridge) by extension 'colcon_meta'
[0.289s] Level 1:colcon.colcon_core.package_identification:_identify(src/vision_opencv/cv_bridge) by extensions ['ros']
[0.289s] Level 1:colcon.colcon_core.package_identification:_identify(src/vision_opencv/cv_bridge) by extension 'ros'
[0.289s] DEBUG:colcon.colcon_core.package_identification:Package 'src/vision_opencv/cv_bridge' with type 'ros.ament_cmake' and name 'cv_bridge'
[0.289s] Level 1:colcon.colcon_core.package_identification:_identify(src/vision_opencv/image_geometry) by extensions ['ignore', 'ignore_ament_install']
[0.289s] Level 1:colcon.colcon_core.package_identification:_identify(src/vision_opencv/image_geometry) by extension 'ignore'
[0.289s] Level 1:colcon.colcon_core.package_identification:_identify(src/vision_opencv/image_geometry) by extension 'ignore_ament_install'
[0.289s] Level 1:colcon.colcon_core.package_identification:_identify(src/vision_opencv/image_geometry) by extensions ['colcon_pkg']
[0.289s] Level 1:colcon.colcon_core.package_identification:_identify(src/vision_opencv/image_geometry) by extension 'colcon_pkg'
[0.289s] Level 1:colcon.colcon_core.package_identification:_identify(src/vision_opencv/image_geometry) by extensions ['colcon_meta']
[0.289s] Level 1:colcon.colcon_core.package_identification:_identify(src/vision_opencv/image_geometry) by extension 'colcon_meta'
[0.289s] Level 1:colcon.colcon_core.package_identification:_identify(src/vision_opencv/image_geometry) by extensions ['ros']
[0.290s] Level 1:colcon.colcon_core.package_identification:_identify(src/vision_opencv/image_geometry) by extension 'ros'
[0.290s] DEBUG:colcon.colcon_core.package_identification:Package 'src/vision_opencv/image_geometry' with type 'ros.ament_cmake' and name 'image_geometry'
[0.290s] Level 1:colcon.colcon_core.package_identification:_identify(src/vision_opencv/opencv_tests) by extensions ['ignore', 'ignore_ament_install']
[0.290s] Level 1:colcon.colcon_core.package_identification:_identify(src/vision_opencv/opencv_tests) by extension 'ignore'
[0.290s] Level 1:colcon.colcon_core.package_identification:_identify(src/vision_opencv/opencv_tests) by extension 'ignore_ament_install'
[0.290s] Level 1:colcon.colcon_core.package_identification:_identify(src/vision_opencv/opencv_tests) by extensions ['colcon_pkg']
[0.290s] Level 1:colcon.colcon_core.package_identification:_identify(src/vision_opencv/opencv_tests) by extension 'colcon_pkg'
[0.290s] Level 1:colcon.colcon_core.package_identification:_identify(src/vision_opencv/opencv_tests) by extensions ['colcon_meta']
[0.290s] Level 1:colcon.colcon_core.package_identification:_identify(src/vision_opencv/opencv_tests) by extension 'colcon_meta'
[0.290s] Level 1:colcon.colcon_core.package_identification:_identify(src/vision_opencv/opencv_tests) by extensions ['ros']
[0.290s] Level 1:colcon.colcon_core.package_identification:_identify(src/vision_opencv/opencv_tests) by extension 'ros'
[0.291s] DEBUG:colcon.colcon_core.package_identification:Package 'src/vision_opencv/opencv_tests' with type 'ros.ament_python' and name 'opencv_tests'
[0.291s] Level 1:colcon.colcon_core.package_identification:_identify(src/vision_opencv/vision_opencv) by extensions ['ignore', 'ignore_ament_install']
[0.291s] Level 1:colcon.colcon_core.package_identification:_identify(src/vision_opencv/vision_opencv) by extension 'ignore'
[0.291s] Level 1:colcon.colcon_core.package_identification:_identify(src/vision_opencv/vision_opencv) by extension 'ignore_ament_install'
[0.291s] Level 1:colcon.colcon_core.package_identification:_identify(src/vision_opencv/vision_opencv) by extensions ['colcon_pkg']
[0.291s] Level 1:colcon.colcon_core.package_identification:_identify(src/vision_opencv/vision_opencv) by extension 'colcon_pkg'
[0.291s] Level 1:colcon.colcon_core.package_identification:_identify(src/vision_opencv/vision_opencv) by extensions ['colcon_meta']
[0.291s] Level 1:colcon.colcon_core.package_identification:_identify(src/vision_opencv/vision_opencv) by extension 'colcon_meta'
[0.291s] Level 1:colcon.colcon_core.package_identification:_identify(src/vision_opencv/vision_opencv) by extensions ['ros']
[0.291s] Level 1:colcon.colcon_core.package_identification:_identify(src/vision_opencv/vision_opencv) by extension 'ros'
[0.291s] DEBUG:colcon.colcon_core.package_identification:Package 'src/vision_opencv/vision_opencv' with type 'ros.ament_cmake' and name 'vision_opencv'
[0.291s] Level 1:colcon.colcon_core.package_discovery:discover_packages(recursive) using defaults
[0.291s] Level 1:colcon.colcon_core.package_discovery:discover_packages(ignore) discover
[0.291s] Level 1:colcon.colcon_core.package_discovery:discover_packages(ignore) using defaults
[0.291s] Level 1:colcon.colcon_core.package_discovery:discover_packages(path) discover
[0.291s] Level 1:colcon.colcon_core.package_discovery:discover_packages(path) using defaults
[0.310s] Level 1:colcon.colcon_core.package_discovery:discover_packages(prefix_path) check parameters
[0.310s] Level 1:colcon.colcon_core.package_discovery:discover_packages(prefix_path) discover
[0.314s] DEBUG:colcon.colcon_installed_package_information.package_discovery:Found 288 installed packages in /opt/ros/humble
[0.315s] Level 1:colcon.colcon_core.package_discovery:discover_packages(prefix_path) using defaults
[0.337s] Level 5:colcon.colcon_core.verb:set package 'cv_bridge' build argument 'cmake_args' from command line to '['-DCMAKE_BUILD_TYPE=Release']'
[0.337s] Level 5:colcon.colcon_core.verb:set package 'cv_bridge' build argument 'cmake_target' from command line to 'None'
[0.337s] Level 5:colcon.colcon_core.verb:set package 'cv_bridge' build argument 'cmake_target_skip_unavailable' from command line to 'False'
[0.337s] Level 5:colcon.colcon_core.verb:set package 'cv_bridge' build argument 'cmake_clean_cache' from command line to 'False'
[0.337s] Level 5:colcon.colcon_core.verb:set package 'cv_bridge' build argument 'cmake_clean_first' from command line to 'False'
[0.337s] Level 5:colcon.colcon_core.verb:set package 'cv_bridge' build argument 'cmake_force_configure' from command line to 'False'
[0.337s] Level 5:colcon.colcon_core.verb:set package 'cv_bridge' build argument 'ament_cmake_args' from command line to 'None'
[0.337s] Level 5:colcon.colcon_core.verb:set package 'cv_bridge' build argument 'catkin_cmake_args' from command line to 'None'
[0.337s] Level 5:colcon.colcon_core.verb:set package 'cv_bridge' build argument 'catkin_skip_building_tests' from command line to 'False'
[0.337s] DEBUG:colcon.colcon_core.verb:Building package 'cv_bridge' with the following arguments: {'ament_cmake_args': None, 'build_base': '/home/jagdeesh/tracker/build/cv_bridge', 'catkin_cmake_args': None, 'catkin_skip_building_tests': False, 'cmake_args': ['-DCMAKE_BUILD_TYPE=Release'], 'cmake_clean_cache': False, 'cmake_clean_first': False, 'cmake_force_configure': False, 'cmake_target': None, 'cmake_target_skip_unavailable': False, 'install_base': '/home/jagdeesh/tracker/install/cv_bridge', 'merge_install': False, 'path': '/home/jagdeesh/tracker/src/vision_opencv/cv_bridge', 'symlink_install': False, 'test_result_base': None}
[0.337s] Level 5:colcon.colcon_core.verb:set package 'image_geometry' build argument 'cmake_args' from command line to '['-DCMAKE_BUILD_TYPE=Release']'
[0.337s] Level 5:colcon.colcon_core.verb:set package 'image_geometry' build argument 'cmake_target' from command line to 'None'
[0.337s] Level 5:colcon.colcon_core.verb:set package 'image_geometry' build argument 'cmake_target_skip_unavailable' from command line to 'False'
[0.338s] Level 5:colcon.colcon_core.verb:set package 'image_geometry' build argument 'cmake_clean_cache' from command line to 'False'
[0.338s] Level 5:colcon.colcon_core.verb:set package 'image_geometry' build argument 'cmake_clean_first' from command line to 'False'
[0.338s] Level 5:colcon.colcon_core.verb:set package 'image_geometry' build argument 'cmake_force_configure' from command line to 'False'
[0.338s] Level 5:colcon.colcon_core.verb:set package 'image_geometry' build argument 'ament_cmake_args' from command line to 'None'
[0.338s] Level 5:colcon.colcon_core.verb:set package 'image_geometry' build argument 'catkin_cmake_args' from command line to 'None'
[0.338s] Level 5:colcon.colcon_core.verb:set package 'image_geometry' build argument 'catkin_skip_building_tests' from command line to 'False'
[0.338s] DEBUG:colcon.colcon_core.verb:Building package 'image_geometry' with the following arguments: {'ament_cmake_args': None, 'build_base': '/home/jagdeesh/tracker/build/image_geometry', 'catkin_cmake_args': None, 'catkin_skip_building_tests': False, 'cmake_args': ['-DCMAKE_BUILD_TYPE=Release'], 'cmake_clean_cache': False, 'cmake_clean_first': False, 'cmake_force_configure': False, 'cmake_target': None, 'cmake_target_skip_unavailable': False, 'install_base': '/home/jagdeesh/tracker/install/image_geometry', 'merge_install': False, 'path': '/home/jagdeesh/tracker/src/vision_opencv/image_geometry', 'symlink_install': False, 'test_result_base': None}
[0.338s] Level 5:colcon.colcon_core.verb:set package 'px4_msgs' build argument 'cmake_args' from command line to '['-DCMAKE_BUILD_TYPE=Release']'
[0.338s] Level 5:colcon.colcon_core.verb:set package 'px4_msgs' build argument 'cmake_target' from command line to 'None'
[0.338s] Level 5:colcon.colcon_core.verb:set package 'px4_msgs' build argument 'cmake_target_skip_unavailable' from command line to 'False'
[0.338s] Level 5:colcon.colcon_core.verb:set package 'px4_msgs' build argument 'cmake_clean_cache' from command line to 'False'
[0.338s] Level 5:colcon.colcon_core.verb:set package 'px4_msgs' build argument 'cmake_clean_first' from command line to 'False'
[0.338s] Level 5:colcon.colcon_core.verb:set package 'px4_msgs' build argument 'cmake_force_configure' from command line to 'False'
[0.338s] Level 5:colcon.colcon_core.verb:set package 'px4_msgs' build argument 'ament_cmake_args' from command line to 'None'
[0.338s] Level 5:colcon.colcon_core.verb:set package 'px4_msgs' build argument 'catkin_cmake_args' from command line to 'None'
[0.338s] Level 5:colcon.colcon_core.verb:set package 'px4_msgs' build argument 'catkin_skip_building_tests' from command line to 'False'
[0.338s] DEBUG:colcon.colcon_core.verb:Building package 'px4_msgs' with the following arguments: {'ament_cmake_args': None, 'build_base': '/home/jagdeesh/tracker/build/px4_msgs', 'catkin_cmake_args': None, 'catkin_skip_building_tests': False, 'cmake_args': ['-DCMAKE_BUILD_TYPE=Release'], 'cmake_clean_cache': False, 'cmake_clean_first': False, 'cmake_force_configure': False, 'cmake_target': None, 'cmake_target_skip_unavailable': False, 'install_base': '/home/jagdeesh/tracker/install/px4_msgs', 'merge_install': False, 'path': '/home/jagdeesh/tracker/src/px4_msgs', 'symlink_install': False, 'test_result_base': None}
[0.338s] Level 5:colcon.colcon_core.verb:set package 'ros_gz_interfaces' build argument 'cmake_args' from command line to '['-DCMAKE_BUILD_TYPE=Release']'
[0.338s] Level 5:colcon.colcon_core.verb:set package 'ros_gz_interfaces' build argument 'cmake_target' from command line to 'None'
[0.338s] Level 5:colcon.colcon_core.verb:set package 'ros_gz_interfaces' build argument 'cmake_target_skip_unavailable' from command line to 'False'
[0.338s] Level 5:colcon.colcon_core.verb:set package 'ros_gz_interfaces' build argument 'cmake_clean_cache' from command line to 'False'
[0.338s] Level 5:colcon.colcon_core.verb:set package 'ros_gz_interfaces' build argument 'cmake_clean_first' from command line to 'False'
[0.338s] Level 5:colcon.colcon_core.verb:set package 'ros_gz_interfaces' build argument 'cmake_force_configure' from command line to 'False'
[0.338s] Level 5:colcon.colcon_core.verb:set package 'ros_gz_interfaces' build argument 'ament_cmake_args' from command line to 'None'
[0.338s] Level 5:colcon.colcon_core.verb:set package 'ros_gz_interfaces' build argument 'catkin_cmake_args' from command line to 'None'
[0.338s] Level 5:colcon.colcon_core.verb:set package 'ros_gz_interfaces' build argument 'catkin_skip_building_tests' from command line to 'False'
[0.338s] DEBUG:colcon.colcon_core.verb:Building package 'ros_gz_interfaces' with the following arguments: {'ament_cmake_args': None, 'build_base': '/home/jagdeesh/tracker/build/ros_gz_interfaces', 'catkin_cmake_args': None, 'catkin_skip_building_tests': False, 'cmake_args': ['-DCMAKE_BUILD_TYPE=Release'], 'cmake_clean_cache': False, 'cmake_clean_first': False, 'cmake_force_configure': False, 'cmake_target': None, 'cmake_target_skip_unavailable': False, 'install_base': '/home/jagdeesh/tracker/install/ros_gz_interfaces', 'merge_install': False, 'path': '/home/jagdeesh/tracker/src/ros_gz/ros_gz_interfaces', 'symlink_install': False, 'test_result_base': None}
[0.338s] Level 5:colcon.colcon_core.verb:set package 'ros_gz_sim' build argument 'cmake_args' from command line to '['-DCMAKE_BUILD_TYPE=Release']'
[0.338s] Level 5:colcon.colcon_core.verb:set package 'ros_gz_sim' build argument 'cmake_target' from command line to 'None'
[0.338s] Level 5:colcon.colcon_core.verb:set package 'ros_gz_sim' build argument 'cmake_target_skip_unavailable' from command line to 'False'
[0.338s] Level 5:colcon.colcon_core.verb:set package 'ros_gz_sim' build argument 'cmake_clean_cache' from command line to 'False'
[0.338s] Level 5:colcon.colcon_core.verb:set package 'ros_gz_sim' build argument 'cmake_clean_first' from command line to 'False'
[0.339s] Level 5:colcon.colcon_core.verb:set package 'ros_gz_sim' build argument 'cmake_force_configure' from command line to 'False'
[0.339s] Level 5:colcon.colcon_core.verb:set package 'ros_gz_sim' build argument 'ament_cmake_args' from command line to 'None'
[0.339s] Level 5:colcon.colcon_core.verb:set package 'ros_gz_sim' build argument 'catkin_cmake_args' from command line to 'None'
[0.339s] Level 5:colcon.colcon_core.verb:set package 'ros_gz_sim' build argument 'catkin_skip_building_tests' from command line to 'False'
[0.339s] DEBUG:colcon.colcon_core.verb:Building package 'ros_gz_sim' with the following arguments: {'ament_cmake_args': None, 'build_base': '/home/jagdeesh/tracker/build/ros_gz_sim', 'catkin_cmake_args': None, 'catkin_skip_building_tests': False, 'cmake_args': ['-DCMAKE_BUILD_TYPE=Release'], 'cmake_clean_cache': False, 'cmake_clean_first': False, 'cmake_force_configure': False, 'cmake_target': None, 'cmake_target_skip_unavailable': False, 'install_base': '/home/jagdeesh/tracker/install/ros_gz_sim', 'merge_install': False, 'path': '/home/jagdeesh/tracker/src/ros_gz/ros_gz_sim', 'symlink_install': False, 'test_result_base': None}
[0.339s] Level 5:colcon.colcon_core.verb:set package 'aruco_tracker' build argument 'cmake_args' from command line to '['-DCMAKE_BUILD_TYPE=Release']'
[0.339s] Level 5:colcon.colcon_core.verb:set package 'aruco_tracker' build argument 'cmake_target' from command line to 'None'
[0.339s] Level 5:colcon.colcon_core.verb:set package 'aruco_tracker' build argument 'cmake_target_skip_unavailable' from command line to 'False'
[0.339s] Level 5:colcon.colcon_core.verb:set package 'aruco_tracker' build argument 'cmake_clean_cache' from command line to 'False'
[0.339s] Level 5:colcon.colcon_core.verb:set package 'aruco_tracker' build argument 'cmake_clean_first' from command line to 'False'
[0.339s] Level 5:colcon.colcon_core.verb:set package 'aruco_tracker' build argument 'cmake_force_configure' from command line to 'False'
[0.339s] Level 5:colcon.colcon_core.verb:set package 'aruco_tracker' build argument 'ament_cmake_args' from command line to 'None'
[0.339s] Level 5:colcon.colcon_core.verb:set package 'aruco_tracker' build argument 'catkin_cmake_args' from command line to 'None'
[0.339s] Level 5:colcon.colcon_core.verb:set package 'aruco_tracker' build argument 'catkin_skip_building_tests' from command line to 'False'
[0.339s] DEBUG:colcon.colcon_core.verb:Building package 'aruco_tracker' with the following arguments: {'ament_cmake_args': None, 'build_base': '/home/jagdeesh/tracker/build/aruco_tracker', 'catkin_cmake_args': None, 'catkin_skip_building_tests': False, 'cmake_args': ['-DCMAKE_BUILD_TYPE=Release'], 'cmake_clean_cache': False, 'cmake_clean_first': False, 'cmake_force_configure': False, 'cmake_target': None, 'cmake_target_skip_unavailable': False, 'install_base': '/home/jagdeesh/tracker/install/aruco_tracker', 'merge_install': False, 'path': '/home/jagdeesh/tracker/fixed_src/aruco_tracker', 'symlink_install': False, 'test_result_base': None}
[0.339s] Level 5:colcon.colcon_core.verb:set package 'opencv_tests' build argument 'cmake_args' from command line to '['-DCMAKE_BUILD_TYPE=Release']'
[0.339s] Level 5:colcon.colcon_core.verb:set package 'opencv_tests' build argument 'cmake_target' from command line to 'None'
[0.339s] Level 5:colcon.colcon_core.verb:set package 'opencv_tests' build argument 'cmake_target_skip_unavailable' from command line to 'False'
[0.339s] Level 5:colcon.colcon_core.verb:set package 'opencv_tests' build argument 'cmake_clean_cache' from command line to 'False'
[0.339s] Level 5:colcon.colcon_core.verb:set package 'opencv_tests' build argument 'cmake_clean_first' from command line to 'False'
[0.339s] Level 5:colcon.colcon_core.verb:set package 'opencv_tests' build argument 'cmake_force_configure' from command line to 'False'
[0.339s] Level 5:colcon.colcon_core.verb:set package 'opencv_tests' build argument 'ament_cmake_args' from command line to 'None'
[0.339s] Level 5:colcon.colcon_core.verb:set package 'opencv_tests' build argument 'catkin_cmake_args' from command line to 'None'
[0.339s] Level 5:colcon.colcon_core.verb:set package 'opencv_tests' build argument 'catkin_skip_building_tests' from command line to 'False'
[0.339s] DEBUG:colcon.colcon_core.verb:Building package 'opencv_tests' with the following arguments: {'ament_cmake_args': None, 'build_base': '/home/jagdeesh/tracker/build/opencv_tests', 'catkin_cmake_args': None, 'catkin_skip_building_tests': False, 'cmake_args': ['-DCMAKE_BUILD_TYPE=Release'], 'cmake_clean_cache': False, 'cmake_clean_first': False, 'cmake_force_configure': False, 'cmake_target': None, 'cmake_target_skip_unavailable': False, 'install_base': '/home/jagdeesh/tracker/install/opencv_tests', 'merge_install': False, 'path': '/home/jagdeesh/tracker/src/vision_opencv/opencv_tests', 'symlink_install': False, 'test_result_base': None}
[0.339s] Level 5:colcon.colcon_core.verb:set package 'px4_ros2_cpp' build argument 'cmake_args' from command line to '['-DCMAKE_BUILD_TYPE=Release']'
[0.339s] Level 5:colcon.colcon_core.verb:set package 'px4_ros2_cpp' build argument 'cmake_target' from command line to 'None'
[0.339s] Level 5:colcon.colcon_core.verb:set package 'px4_ros2_cpp' build argument 'cmake_target_skip_unavailable' from command line to 'False'
[0.339s] Level 5:colcon.colcon_core.verb:set package 'px4_ros2_cpp' build argument 'cmake_clean_cache' from command line to 'False'
[0.339s] Level 5:colcon.colcon_core.verb:set package 'px4_ros2_cpp' build argument 'cmake_clean_first' from command line to 'False'
[0.339s] Level 5:colcon.colcon_core.verb:set package 'px4_ros2_cpp' build argument 'cmake_force_configure' from command line to 'False'
[0.339s] Level 5:colcon.colcon_core.verb:set package 'px4_ros2_cpp' build argument 'ament_cmake_args' from command line to 'None'
[0.339s] Level 5:colcon.colcon_core.verb:set package 'px4_ros2_cpp' build argument 'catkin_cmake_args' from command line to 'None'
[0.340s] Level 5:colcon.colcon_core.verb:set package 'px4_ros2_cpp' build argument 'catkin_skip_building_tests' from command line to 'False'
[0.340s] DEBUG:colcon.colcon_core.verb:Building package 'px4_ros2_cpp' with the following arguments: {'ament_cmake_args': None, 'build_base': '/home/jagdeesh/tracker/build/px4_ros2_cpp', 'catkin_cmake_args': None, 'catkin_skip_building_tests': False, 'cmake_args': ['-DCMAKE_BUILD_TYPE=Release'], 'cmake_clean_cache': False, 'cmake_clean_first': False, 'cmake_force_configure': False, 'cmake_target': None, 'cmake_target_skip_unavailable': False, 'install_base': '/home/jagdeesh/tracker/install/px4_ros2_cpp', 'merge_install': False, 'path': '/home/jagdeesh/tracker/src/px4-ros2-interface-lib/px4_ros2_cpp', 'symlink_install': False, 'test_result_base': None}
[0.340s] Level 5:colcon.colcon_core.verb:set package 'ros_gz_bridge' build argument 'cmake_args' from command line to '['-DCMAKE_BUILD_TYPE=Release']'
[0.340s] Level 5:colcon.colcon_core.verb:set package 'ros_gz_bridge' build argument 'cmake_target' from command line to 'None'
[0.340s] Level 5:colcon.colcon_core.verb:set package 'ros_gz_bridge' build argument 'cmake_target_skip_unavailable' from command line to 'False'
[0.340s] Level 5:colcon.colcon_core.verb:set package 'ros_gz_bridge' build argument 'cmake_clean_cache' from command line to 'False'
[0.340s] Level 5:colcon.colcon_core.verb:set package 'ros_gz_bridge' build argument 'cmake_clean_first' from command line to 'False'
[0.340s] Level 5:colcon.colcon_core.verb:set package 'ros_gz_bridge' build argument 'cmake_force_configure' from command line to 'False'
[0.340s] Level 5:colcon.colcon_core.verb:set package 'ros_gz_bridge' build argument 'ament_cmake_args' from command line to 'None'
[0.340s] Level 5:colcon.colcon_core.verb:set package 'ros_gz_bridge' build argument 'catkin_cmake_args' from command line to 'None'
[0.340s] Level 5:colcon.colcon_core.verb:set package 'ros_gz_bridge' build argument 'catkin_skip_building_tests' from command line to 'False'
[0.340s] DEBUG:colcon.colcon_core.verb:Building package 'ros_gz_bridge' with the following arguments: {'ament_cmake_args': None, 'build_base': '/home/jagdeesh/tracker/build/ros_gz_bridge', 'catkin_cmake_args': None, 'catkin_skip_building_tests': False, 'cmake_args': ['-DCMAKE_BUILD_TYPE=Release'], 'cmake_clean_cache': False, 'cmake_clean_first': False, 'cmake_force_configure': False, 'cmake_target': None, 'cmake_target_skip_unavailable': False, 'install_base': '/home/jagdeesh/tracker/install/ros_gz_bridge', 'merge_install': False, 'path': '/home/jagdeesh/tracker/src/ros_gz/ros_gz_bridge', 'symlink_install': False, 'test_result_base': None}
[0.340s] Level 5:colcon.colcon_core.verb:set package 'ros_ign_gazebo' build argument 'cmake_args' from command line to '['-DCMAKE_BUILD_TYPE=Release']'
[0.340s] Level 5:colcon.colcon_core.verb:set package 'ros_ign_gazebo' build argument 'cmake_target' from command line to 'None'
[0.340s] Level 5:colcon.colcon_core.verb:set package 'ros_ign_gazebo' build argument 'cmake_target_skip_unavailable' from command line to 'False'
[0.340s] Level 5:colcon.colcon_core.verb:set package 'ros_ign_gazebo' build argument 'cmake_clean_cache' from command line to 'False'
[0.340s] Level 5:colcon.colcon_core.verb:set package 'ros_ign_gazebo' build argument 'cmake_clean_first' from command line to 'False'
[0.340s] Level 5:colcon.colcon_core.verb:set package 'ros_ign_gazebo' build argument 'cmake_force_configure' from command line to 'False'
[0.340s] Level 5:colcon.colcon_core.verb:set package 'ros_ign_gazebo' build argument 'ament_cmake_args' from command line to 'None'
[0.340s] Level 5:colcon.colcon_core.verb:set package 'ros_ign_gazebo' build argument 'catkin_cmake_args' from command line to 'None'
[0.340s] Level 5:colcon.colcon_core.verb:set package 'ros_ign_gazebo' build argument 'catkin_skip_building_tests' from command line to 'False'
[0.340s] DEBUG:colcon.colcon_core.verb:Building package 'ros_ign_gazebo' with the following arguments: {'ament_cmake_args': None, 'build_base': '/home/jagdeesh/tracker/build/ros_ign_gazebo', 'catkin_cmake_args': None, 'catkin_skip_building_tests': False, 'cmake_args': ['-DCMAKE_BUILD_TYPE=Release'], 'cmake_clean_cache': False, 'cmake_clean_first': False, 'cmake_force_configure': False, 'cmake_target': None, 'cmake_target_skip_unavailable': False, 'install_base': '/home/jagdeesh/tracker/install/ros_ign_gazebo', 'merge_install': False, 'path': '/home/jagdeesh/tracker/src/ros_gz/ros_ign_gazebo', 'symlink_install': False, 'test_result_base': None}
[0.340s] Level 5:colcon.colcon_core.verb:set package 'ros_ign_interfaces' build argument 'cmake_args' from command line to '['-DCMAKE_BUILD_TYPE=Release']'
[0.340s] Level 5:colcon.colcon_core.verb:set package 'ros_ign_interfaces' build argument 'cmake_target' from command line to 'None'
[0.340s] Level 5:colcon.colcon_core.verb:set package 'ros_ign_interfaces' build argument 'cmake_target_skip_unavailable' from command line to 'False'
[0.340s] Level 5:colcon.colcon_core.verb:set package 'ros_ign_interfaces' build argument 'cmake_clean_cache' from command line to 'False'
[0.340s] Level 5:colcon.colcon_core.verb:set package 'ros_ign_interfaces' build argument 'cmake_clean_first' from command line to 'False'
[0.340s] Level 5:colcon.colcon_core.verb:set package 'ros_ign_interfaces' build argument 'cmake_force_configure' from command line to 'False'
[0.340s] Level 5:colcon.colcon_core.verb:set package 'ros_ign_interfaces' build argument 'ament_cmake_args' from command line to 'None'
[0.340s] Level 5:colcon.colcon_core.verb:set package 'ros_ign_interfaces' build argument 'catkin_cmake_args' from command line to 'None'
[0.340s] Level 5:colcon.colcon_core.verb:set package 'ros_ign_interfaces' build argument 'catkin_skip_building_tests' from command line to 'False'
[0.340s] DEBUG:colcon.colcon_core.verb:Building package 'ros_ign_interfaces' with the following arguments: {'ament_cmake_args': None, 'build_base': '/home/jagdeesh/tracker/build/ros_ign_interfaces', 'catkin_cmake_args': None, 'catkin_skip_building_tests': False, 'cmake_args': ['-DCMAKE_BUILD_TYPE=Release'], 'cmake_clean_cache': False, 'cmake_clean_first': False, 'cmake_force_configure': False, 'cmake_target': None, 'cmake_target_skip_unavailable': False, 'install_base': '/home/jagdeesh/tracker/install/ros_ign_interfaces', 'merge_install': False, 'path': '/home/jagdeesh/tracker/src/ros_gz/ros_ign_interfaces', 'symlink_install': False, 'test_result_base': None}
[0.341s] Level 5:colcon.colcon_core.verb:set package 'vision_opencv' build argument 'cmake_args' from command line to '['-DCMAKE_BUILD_TYPE=Release']'
[0.341s] Level 5:colcon.colcon_core.verb:set package 'vision_opencv' build argument 'cmake_target' from command line to 'None'
[0.341s] Level 5:colcon.colcon_core.verb:set package 'vision_opencv' build argument 'cmake_target_skip_unavailable' from command line to 'False'
[0.341s] Level 5:colcon.colcon_core.verb:set package 'vision_opencv' build argument 'cmake_clean_cache' from command line to 'False'
[0.341s] Level 5:colcon.colcon_core.verb:set package 'vision_opencv' build argument 'cmake_clean_first' from command line to 'False'
[0.341s] Level 5:colcon.colcon_core.verb:set package 'vision_opencv' build argument 'cmake_force_configure' from command line to 'False'
[0.341s] Level 5:colcon.colcon_core.verb:set package 'vision_opencv' build argument 'ament_cmake_args' from command line to 'None'
[0.341s] Level 5:colcon.colcon_core.verb:set package 'vision_opencv' build argument 'catkin_cmake_args' from command line to 'None'
[0.341s] Level 5:colcon.colcon_core.verb:set package 'vision_opencv' build argument 'catkin_skip_building_tests' from command line to 'False'
[0.341s] DEBUG:colcon.colcon_core.verb:Building package 'vision_opencv' with the following arguments: {'ament_cmake_args': None, 'build_base': '/home/jagdeesh/tracker/build/vision_opencv', 'catkin_cmake_args': None, 'catkin_skip_building_tests': False, 'cmake_args': ['-DCMAKE_BUILD_TYPE=Release'], 'cmake_clean_cache': False, 'cmake_clean_first': False, 'cmake_force_configure': False, 'cmake_target': None, 'cmake_target_skip_unavailable': False, 'install_base': '/home/jagdeesh/tracker/install/vision_opencv', 'merge_install': False, 'path': '/home/jagdeesh/tracker/src/vision_opencv/vision_opencv', 'symlink_install': False, 'test_result_base': None}
[0.341s] Level 5:colcon.colcon_core.verb:set package 'example_executor_with_multiple_modes_cpp' build argument 'cmake_args' from command line to '['-DCMAKE_BUILD_TYPE=Release']'
[0.341s] Level 5:colcon.colcon_core.verb:set package 'example_executor_with_multiple_modes_cpp' build argument 'cmake_target' from command line to 'None'
[0.341s] Level 5:colcon.colcon_core.verb:set package 'example_executor_with_multiple_modes_cpp' build argument 'cmake_target_skip_unavailable' from command line to 'False'
[0.341s] Level 5:colcon.colcon_core.verb:set package 'example_executor_with_multiple_modes_cpp' build argument 'cmake_clean_cache' from command line to 'False'
[0.341s] Level 5:colcon.colcon_core.verb:set package 'example_executor_with_multiple_modes_cpp' build argument 'cmake_clean_first' from command line to 'False'
[0.341s] Level 5:colcon.colcon_core.verb:set package 'example_executor_with_multiple_modes_cpp' build argument 'cmake_force_configure' from command line to 'False'
[0.341s] Level 5:colcon.colcon_core.verb:set package 'example_executor_with_multiple_modes_cpp' build argument 'ament_cmake_args' from command line to 'None'
[0.341s] Level 5:colcon.colcon_core.verb:set package 'example_executor_with_multiple_modes_cpp' build argument 'catkin_cmake_args' from command line to 'None'
[0.341s] Level 5:colcon.colcon_core.verb:set package 'example_executor_with_multiple_modes_cpp' build argument 'catkin_skip_building_tests' from command line to 'False'
[0.341s] DEBUG:colcon.colcon_core.verb:Building package 'example_executor_with_multiple_modes_cpp' with the following arguments: {'ament_cmake_args': None, 'build_base': '/home/jagdeesh/tracker/build/example_executor_with_multiple_modes_cpp', 'catkin_cmake_args': None, 'catkin_skip_building_tests': False, 'cmake_args': ['-DCMAKE_BUILD_TYPE=Release'], 'cmake_clean_cache': False, 'cmake_clean_first': False, 'cmake_force_configure': False, 'cmake_target': None, 'cmake_target_skip_unavailable': False, 'install_base': '/home/jagdeesh/tracker/install/example_executor_with_multiple_modes_cpp', 'merge_install': False, 'path': '/home/jagdeesh/tracker/src/px4-ros2-interface-lib/examples/cpp/modes/executor_with_multiple_modes', 'symlink_install': False, 'test_result_base': None}
[0.341s] Level 5:colcon.colcon_core.verb:set package 'example_global_navigation_cpp' build argument 'cmake_args' from command line to '['-DCMAKE_BUILD_TYPE=Release']'
[0.341s] Level 5:colcon.colcon_core.verb:set package 'example_global_navigation_cpp' build argument 'cmake_target' from command line to 'None'
[0.341s] Level 5:colcon.colcon_core.verb:set package 'example_global_navigation_cpp' build argument 'cmake_target_skip_unavailable' from command line to 'False'
[0.341s] Level 5:colcon.colcon_core.verb:set package 'example_global_navigation_cpp' build argument 'cmake_clean_cache' from command line to 'False'
[0.341s] Level 5:colcon.colcon_core.verb:set package 'example_global_navigation_cpp' build argument 'cmake_clean_first' from command line to 'False'
[0.341s] Level 5:colcon.colcon_core.verb:set package 'example_global_navigation_cpp' build argument 'cmake_force_configure' from command line to 'False'
[0.341s] Level 5:colcon.colcon_core.verb:set package 'example_global_navigation_cpp' build argument 'ament_cmake_args' from command line to 'None'
[0.341s] Level 5:colcon.colcon_core.verb:set package 'example_global_navigation_cpp' build argument 'catkin_cmake_args' from command line to 'None'
[0.341s] Level 5:colcon.colcon_core.verb:set package 'example_global_navigation_cpp' build argument 'catkin_skip_building_tests' from command line to 'False'
[0.341s] DEBUG:colcon.colcon_core.verb:Building package 'example_global_navigation_cpp' with the following arguments: {'ament_cmake_args': None, 'build_base': '/home/jagdeesh/tracker/build/example_global_navigation_cpp', 'catkin_cmake_args': None, 'catkin_skip_building_tests': False, 'cmake_args': ['-DCMAKE_BUILD_TYPE=Release'], 'cmake_clean_cache': False, 'cmake_clean_first': False, 'cmake_force_configure': False, 'cmake_target': None, 'cmake_target_skip_unavailable': False, 'install_base': '/home/jagdeesh/tracker/install/example_global_navigation_cpp', 'merge_install': False, 'path': '/home/jagdeesh/tracker/src/px4-ros2-interface-lib/examples/cpp/navigation/global_navigation', 'symlink_install': False, 'test_result_base': None}
[0.342s] Level 5:colcon.colcon_core.verb:set package 'example_local_navigation_cpp' build argument 'cmake_args' from command line to '['-DCMAKE_BUILD_TYPE=Release']'
[0.342s] Level 5:colcon.colcon_core.verb:set package 'example_local_navigation_cpp' build argument 'cmake_target' from command line to 'None'
[0.342s] Level 5:colcon.colcon_core.verb:set package 'example_local_navigation_cpp' build argument 'cmake_target_skip_unavailable' from command line to 'False'
[0.342s] Level 5:colcon.colcon_core.verb:set package 'example_local_navigation_cpp' build argument 'cmake_clean_cache' from command line to 'False'
[0.342s] Level 5:colcon.colcon_core.verb:set package 'example_local_navigation_cpp' build argument 'cmake_clean_first' from command line to 'False'
[0.342s] Level 5:colcon.colcon_core.verb:set package 'example_local_navigation_cpp' build argument 'cmake_force_configure' from command line to 'False'
[0.342s] Level 5:colcon.colcon_core.verb:set package 'example_local_navigation_cpp' build argument 'ament_cmake_args' from command line to 'None'
[0.342s] Level 5:colcon.colcon_core.verb:set package 'example_local_navigation_cpp' build argument 'catkin_cmake_args' from command line to 'None'
[0.342s] Level 5:colcon.colcon_core.verb:set package 'example_local_navigation_cpp' build argument 'catkin_skip_building_tests' from command line to 'False'
[0.342s] DEBUG:colcon.colcon_core.verb:Building package 'example_local_navigation_cpp' with the following arguments: {'ament_cmake_args': None, 'build_base': '/home/jagdeesh/tracker/build/example_local_navigation_cpp', 'catkin_cmake_args': None, 'catkin_skip_building_tests': False, 'cmake_args': ['-DCMAKE_BUILD_TYPE=Release'], 'cmake_clean_cache': False, 'cmake_clean_first': False, 'cmake_force_configure': False, 'cmake_target': None, 'cmake_target_skip_unavailable': False, 'install_base': '/home/jagdeesh/tracker/install/example_local_navigation_cpp', 'merge_install': False, 'path': '/home/jagdeesh/tracker/src/px4-ros2-interface-lib/examples/cpp/navigation/local_navigation', 'symlink_install': False, 'test_result_base': None}
[0.342s] Level 5:colcon.colcon_core.verb:set package 'example_mode_fw_attitude_cpp' build argument 'cmake_args' from command line to '['-DCMAKE_BUILD_TYPE=Release']'
[0.342s] Level 5:colcon.colcon_core.verb:set package 'example_mode_fw_attitude_cpp' build argument 'cmake_target' from command line to 'None'
[0.342s] Level 5:colcon.colcon_core.verb:set package 'example_mode_fw_attitude_cpp' build argument 'cmake_target_skip_unavailable' from command line to 'False'
[0.342s] Level 5:colcon.colcon_core.verb:set package 'example_mode_fw_attitude_cpp' build argument 'cmake_clean_cache' from command line to 'False'
[0.342s] Level 5:colcon.colcon_core.verb:set package 'example_mode_fw_attitude_cpp' build argument 'cmake_clean_first' from command line to 'False'
[0.342s] Level 5:colcon.colcon_core.verb:set package 'example_mode_fw_attitude_cpp' build argument 'cmake_force_configure' from command line to 'False'
[0.342s] Level 5:colcon.colcon_core.verb:set package 'example_mode_fw_attitude_cpp' build argument 'ament_cmake_args' from command line to 'None'
[0.342s] Level 5:colcon.colcon_core.verb:set package 'example_mode_fw_attitude_cpp' build argument 'catkin_cmake_args' from command line to 'None'
[0.342s] Level 5:colcon.colcon_core.verb:set package 'example_mode_fw_attitude_cpp' build argument 'catkin_skip_building_tests' from command line to 'False'
[0.342s] DEBUG:colcon.colcon_core.verb:Building package 'example_mode_fw_attitude_cpp' with the following arguments: {'ament_cmake_args': None, 'build_base': '/home/jagdeesh/tracker/build/example_mode_fw_attitude_cpp', 'catkin_cmake_args': None, 'catkin_skip_building_tests': False, 'cmake_args': ['-DCMAKE_BUILD_TYPE=Release'], 'cmake_clean_cache': False, 'cmake_clean_first': False, 'cmake_force_configure': False, 'cmake_target': None, 'cmake_target_skip_unavailable': False, 'install_base': '/home/jagdeesh/tracker/install/example_mode_fw_attitude_cpp', 'merge_install': False, 'path': '/home/jagdeesh/tracker/src/px4-ros2-interface-lib/examples/cpp/modes/fw_attitude', 'symlink_install': False, 'test_result_base': None}
[0.342s] Level 5:colcon.colcon_core.verb:set package 'example_mode_goto_cpp' build argument 'cmake_args' from command line to '['-DCMAKE_BUILD_TYPE=Release']'
[0.342s] Level 5:colcon.colcon_core.verb:set package 'example_mode_goto_cpp' build argument 'cmake_target' from command line to 'None'
[0.342s] Level 5:colcon.colcon_core.verb:set package 'example_mode_goto_cpp' build argument 'cmake_target_skip_unavailable' from command line to 'False'
[0.342s] Level 5:colcon.colcon_core.verb:set package 'example_mode_goto_cpp' build argument 'cmake_clean_cache' from command line to 'False'
[0.342s] Level 5:colcon.colcon_core.verb:set package 'example_mode_goto_cpp' build argument 'cmake_clean_first' from command line to 'False'
[0.342s] Level 5:colcon.colcon_core.verb:set package 'example_mode_goto_cpp' build argument 'cmake_force_configure' from command line to 'False'
[0.342s] Level 5:colcon.colcon_core.verb:set package 'example_mode_goto_cpp' build argument 'ament_cmake_args' from command line to 'None'
[0.342s] Level 5:colcon.colcon_core.verb:set package 'example_mode_goto_cpp' build argument 'catkin_cmake_args' from command line to 'None'
[0.342s] Level 5:colcon.colcon_core.verb:set package 'example_mode_goto_cpp' build argument 'catkin_skip_building_tests' from command line to 'False'
[0.342s] DEBUG:colcon.colcon_core.verb:Building package 'example_mode_goto_cpp' with the following arguments: {'ament_cmake_args': None, 'build_base': '/home/jagdeesh/tracker/build/example_mode_goto_cpp', 'catkin_cmake_args': None, 'catkin_skip_building_tests': False, 'cmake_args': ['-DCMAKE_BUILD_TYPE=Release'], 'cmake_clean_cache': False, 'cmake_clean_first': False, 'cmake_force_configure': False, 'cmake_target': None, 'cmake_target_skip_unavailable': False, 'install_base': '/home/jagdeesh/tracker/install/example_mode_goto_cpp', 'merge_install': False, 'path': '/home/jagdeesh/tracker/src/px4-ros2-interface-lib/examples/cpp/modes/goto', 'symlink_install': False, 'test_result_base': None}
[0.343s] Level 5:colcon.colcon_core.verb:set package 'example_mode_goto_global_cpp' build argument 'cmake_args' from command line to '['-DCMAKE_BUILD_TYPE=Release']'
[0.343s] Level 5:colcon.colcon_core.verb:set package 'example_mode_goto_global_cpp' build argument 'cmake_target' from command line to 'None'
[0.343s] Level 5:colcon.colcon_core.verb:set package 'example_mode_goto_global_cpp' build argument 'cmake_target_skip_unavailable' from command line to 'False'
[0.343s] Level 5:colcon.colcon_core.verb:set package 'example_mode_goto_global_cpp' build argument 'cmake_clean_cache' from command line to 'False'
[0.343s] Level 5:colcon.colcon_core.verb:set package 'example_mode_goto_global_cpp' build argument 'cmake_clean_first' from command line to 'False'
[0.343s] Level 5:colcon.colcon_core.verb:set package 'example_mode_goto_global_cpp' build argument 'cmake_force_configure' from command line to 'False'
[0.343s] Level 5:colcon.colcon_core.verb:set package 'example_mode_goto_global_cpp' build argument 'ament_cmake_args' from command line to 'None'
[0.343s] Level 5:colcon.colcon_core.verb:set package 'example_mode_goto_global_cpp' build argument 'catkin_cmake_args' from command line to 'None'
[0.343s] Level 5:colcon.colcon_core.verb:set package 'example_mode_goto_global_cpp' build argument 'catkin_skip_building_tests' from command line to 'False'
[0.343s] DEBUG:colcon.colcon_core.verb:Building package 'example_mode_goto_global_cpp' with the following arguments: {'ament_cmake_args': None, 'build_base': '/home/jagdeesh/tracker/build/example_mode_goto_global_cpp', 'catkin_cmake_args': None, 'catkin_skip_building_tests': False, 'cmake_args': ['-DCMAKE_BUILD_TYPE=Release'], 'cmake_clean_cache': False, 'cmake_clean_first': False, 'cmake_force_configure': False, 'cmake_target': None, 'cmake_target_skip_unavailable': False, 'install_base': '/home/jagdeesh/tracker/install/example_mode_goto_global_cpp', 'merge_install': False, 'path': '/home/jagdeesh/tracker/src/px4-ros2-interface-lib/examples/cpp/modes/goto_global', 'symlink_install': False, 'test_result_base': None}
[0.343s] Level 5:colcon.colcon_core.verb:set package 'example_mode_manual_cpp' build argument 'cmake_args' from command line to '['-DCMAKE_BUILD_TYPE=Release']'
[0.343s] Level 5:colcon.colcon_core.verb:set package 'example_mode_manual_cpp' build argument 'cmake_target' from command line to 'None'
[0.343s] Level 5:colcon.colcon_core.verb:set package 'example_mode_manual_cpp' build argument 'cmake_target_skip_unavailable' from command line to 'False'
[0.343s] Level 5:colcon.colcon_core.verb:set package 'example_mode_manual_cpp' build argument 'cmake_clean_cache' from command line to 'False'
[0.343s] Level 5:colcon.colcon_core.verb:set package 'example_mode_manual_cpp' build argument 'cmake_clean_first' from command line to 'False'
[0.343s] Level 5:colcon.colcon_core.verb:set package 'example_mode_manual_cpp' build argument 'cmake_force_configure' from command line to 'False'
[0.343s] Level 5:colcon.colcon_core.verb:set package 'example_mode_manual_cpp' build argument 'ament_cmake_args' from command line to 'None'
[0.343s] Level 5:colcon.colcon_core.verb:set package 'example_mode_manual_cpp' build argument 'catkin_cmake_args' from command line to 'None'
[0.343s] Level 5:colcon.colcon_core.verb:set package 'example_mode_manual_cpp' build argument 'catkin_skip_building_tests' from command line to 'False'
[0.343s] DEBUG:colcon.colcon_core.verb:Building package 'example_mode_manual_cpp' with the following arguments: {'ament_cmake_args': None, 'build_base': '/home/jagdeesh/tracker/build/example_mode_manual_cpp', 'catkin_cmake_args': None, 'catkin_skip_building_tests': False, 'cmake_args': ['-DCMAKE_BUILD_TYPE=Release'], 'cmake_clean_cache': False, 'cmake_clean_first': False, 'cmake_force_configure': False, 'cmake_target': None, 'cmake_target_skip_unavailable': False, 'install_base': '/home/jagdeesh/tracker/install/example_mode_manual_cpp', 'merge_install': False, 'path': '/home/jagdeesh/tracker/src/px4-ros2-interface-lib/examples/cpp/modes/manual', 'symlink_install': False, 'test_result_base': None}
[0.343s] Level 5:colcon.colcon_core.verb:set package 'example_mode_mission_cpp' build argument 'cmake_args' from command line to '['-DCMAKE_BUILD_TYPE=Release']'
[0.343s] Level 5:colcon.colcon_core.verb:set package 'example_mode_mission_cpp' build argument 'cmake_target' from command line to 'None'
[0.343s] Level 5:colcon.colcon_core.verb:set package 'example_mode_mission_cpp' build argument 'cmake_target_skip_unavailable' from command line to 'False'
[0.343s] Level 5:colcon.colcon_core.verb:set package 'example_mode_mission_cpp' build argument 'cmake_clean_cache' from command line to 'False'
[0.343s] Level 5:colcon.colcon_core.verb:set package 'example_mode_mission_cpp' build argument 'cmake_clean_first' from command line to 'False'
[0.343s] Level 5:colcon.colcon_core.verb:set package 'example_mode_mission_cpp' build argument 'cmake_force_configure' from command line to 'False'
[0.343s] Level 5:colcon.colcon_core.verb:set package 'example_mode_mission_cpp' build argument 'ament_cmake_args' from command line to 'None'
[0.343s] Level 5:colcon.colcon_core.verb:set package 'example_mode_mission_cpp' build argument 'catkin_cmake_args' from command line to 'None'
[0.343s] Level 5:colcon.colcon_core.verb:set package 'example_mode_mission_cpp' build argument 'catkin_skip_building_tests' from command line to 'False'
[0.343s] DEBUG:colcon.colcon_core.verb:Building package 'example_mode_mission_cpp' with the following arguments: {'ament_cmake_args': None, 'build_base': '/home/jagdeesh/tracker/build/example_mode_mission_cpp', 'catkin_cmake_args': None, 'catkin_skip_building_tests': False, 'cmake_args': ['-DCMAKE_BUILD_TYPE=Release'], 'cmake_clean_cache': False, 'cmake_clean_first': False, 'cmake_force_configure': False, 'cmake_target': None, 'cmake_target_skip_unavailable': False, 'install_base': '/home/jagdeesh/tracker/install/example_mode_mission_cpp', 'merge_install': False, 'path': '/home/jagdeesh/tracker/src/px4-ros2-interface-lib/examples/cpp/modes/mission', 'symlink_install': False, 'test_result_base': None}
[0.344s] Level 5:colcon.colcon_core.verb:set package 'example_mode_rtl_replacement_cpp' build argument 'cmake_args' from command line to '['-DCMAKE_BUILD_TYPE=Release']'
[0.344s] Level 5:colcon.colcon_core.verb:set package 'example_mode_rtl_replacement_cpp' build argument 'cmake_target' from command line to 'None'
[0.344s] Level 5:colcon.colcon_core.verb:set package 'example_mode_rtl_replacement_cpp' build argument 'cmake_target_skip_unavailable' from command line to 'False'
[0.344s] Level 5:colcon.colcon_core.verb:set package 'example_mode_rtl_replacement_cpp' build argument 'cmake_clean_cache' from command line to 'False'
[0.344s] Level 5:colcon.colcon_core.verb:set package 'example_mode_rtl_replacement_cpp' build argument 'cmake_clean_first' from command line to 'False'
[0.344s] Level 5:colcon.colcon_core.verb:set package 'example_mode_rtl_replacement_cpp' build argument 'cmake_force_configure' from command line to 'False'
[0.344s] Level 5:colcon.colcon_core.verb:set package 'example_mode_rtl_replacement_cpp' build argument 'ament_cmake_args' from command line to 'None'
[0.344s] Level 5:colcon.colcon_core.verb:set package 'example_mode_rtl_replacement_cpp' build argument 'catkin_cmake_args' from command line to 'None'
[0.344s] Level 5:colcon.colcon_core.verb:set package 'example_mode_rtl_replacement_cpp' build argument 'catkin_skip_building_tests' from command line to 'False'
[0.344s] DEBUG:colcon.colcon_core.verb:Building package 'example_mode_rtl_replacement_cpp' with the following arguments: {'ament_cmake_args': None, 'build_base': '/home/jagdeesh/tracker/build/example_mode_rtl_replacement_cpp', 'catkin_cmake_args': None, 'catkin_skip_building_tests': False, 'cmake_args': ['-DCMAKE_BUILD_TYPE=Release'], 'cmake_clean_cache': False, 'cmake_clean_first': False, 'cmake_force_configure': False, 'cmake_target': None, 'cmake_target_skip_unavailable': False, 'install_base': '/home/jagdeesh/tracker/install/example_mode_rtl_replacement_cpp', 'merge_install': False, 'path': '/home/jagdeesh/tracker/src/px4-ros2-interface-lib/examples/cpp/modes/rtl_replacement', 'symlink_install': False, 'test_result_base': None}
[0.344s] Level 5:colcon.colcon_core.verb:set package 'example_mode_vtol_cpp' build argument 'cmake_args' from command line to '['-DCMAKE_BUILD_TYPE=Release']'
[0.344s] Level 5:colcon.colcon_core.verb:set package 'example_mode_vtol_cpp' build argument 'cmake_target' from command line to 'None'
[0.344s] Level 5:colcon.colcon_core.verb:set package 'example_mode_vtol_cpp' build argument 'cmake_target_skip_unavailable' from command line to 'False'
[0.344s] Level 5:colcon.colcon_core.verb:set package 'example_mode_vtol_cpp' build argument 'cmake_clean_cache' from command line to 'False'
[0.344s] Level 5:colcon.colcon_core.verb:set package 'example_mode_vtol_cpp' build argument 'cmake_clean_first' from command line to 'False'
[0.344s] Level 5:colcon.colcon_core.verb:set package 'example_mode_vtol_cpp' build argument 'cmake_force_configure' from command line to 'False'
[0.344s] Level 5:colcon.colcon_core.verb:set package 'example_mode_vtol_cpp' build argument 'ament_cmake_args' from command line to 'None'
[0.344s] Level 5:colcon.colcon_core.verb:set package 'example_mode_vtol_cpp' build argument 'catkin_cmake_args' from command line to 'None'
[0.344s] Level 5:colcon.colcon_core.verb:set package 'example_mode_vtol_cpp' build argument 'catkin_skip_building_tests' from command line to 'False'
[0.344s] DEBUG:colcon.colcon_core.verb:Building package 'example_mode_vtol_cpp' with the following arguments: {'ament_cmake_args': None, 'build_base': '/home/jagdeesh/tracker/build/example_mode_vtol_cpp', 'catkin_cmake_args': None, 'catkin_skip_building_tests': False, 'cmake_args': ['-DCMAKE_BUILD_TYPE=Release'], 'cmake_clean_cache': False, 'cmake_clean_first': False, 'cmake_force_configure': False, 'cmake_target': None, 'cmake_target_skip_unavailable': False, 'install_base': '/home/jagdeesh/tracker/install/example_mode_vtol_cpp', 'merge_install': False, 'path': '/home/jagdeesh/tracker/src/px4-ros2-interface-lib/examples/cpp/modes/vtol', 'symlink_install': False, 'test_result_base': None}
[0.344s] Level 5:colcon.colcon_core.verb:set package 'example_mode_with_executor_cpp' build argument 'cmake_args' from command line to '['-DCMAKE_BUILD_TYPE=Release']'
[0.344s] Level 5:colcon.colcon_core.verb:set package 'example_mode_with_executor_cpp' build argument 'cmake_target' from command line to 'None'
[0.344s] Level 5:colcon.colcon_core.verb:set package 'example_mode_with_executor_cpp' build argument 'cmake_target_skip_unavailable' from command line to 'False'
[0.344s] Level 5:colcon.colcon_core.verb:set package 'example_mode_with_executor_cpp' build argument 'cmake_clean_cache' from command line to 'False'
[0.344s] Level 5:colcon.colcon_core.verb:set package 'example_mode_with_executor_cpp' build argument 'cmake_clean_first' from command line to 'False'
[0.344s] Level 5:colcon.colcon_core.verb:set package 'example_mode_with_executor_cpp' build argument 'cmake_force_configure' from command line to 'False'
[0.344s] Level 5:colcon.colcon_core.verb:set package 'example_mode_with_executor_cpp' build argument 'ament_cmake_args' from command line to 'None'
[0.344s] Level 5:colcon.colcon_core.verb:set package 'example_mode_with_executor_cpp' build argument 'catkin_cmake_args' from command line to 'None'
[0.344s] Level 5:colcon.colcon_core.verb:set package 'example_mode_with_executor_cpp' build argument 'catkin_skip_building_tests' from command line to 'False'
[0.344s] DEBUG:colcon.colcon_core.verb:Building package 'example_mode_with_executor_cpp' with the following arguments: {'ament_cmake_args': None, 'build_base': '/home/jagdeesh/tracker/build/example_mode_with_executor_cpp', 'catkin_cmake_args': None, 'catkin_skip_building_tests': False, 'cmake_args': ['-DCMAKE_BUILD_TYPE=Release'], 'cmake_clean_cache': False, 'cmake_clean_first': False, 'cmake_force_configure': False, 'cmake_target': None, 'cmake_target_skip_unavailable': False, 'install_base': '/home/jagdeesh/tracker/install/example_mode_with_executor_cpp', 'merge_install': False, 'path': '/home/jagdeesh/tracker/src/px4-ros2-interface-lib/examples/cpp/modes/mode_with_executor', 'symlink_install': False, 'test_result_base': None}
[0.344s] Level 5:colcon.colcon_core.verb:set package 'example_rover_velocity_mode_cpp' build argument 'cmake_args' from command line to '['-DCMAKE_BUILD_TYPE=Release']'
[0.344s] Level 5:colcon.colcon_core.verb:set package 'example_rover_velocity_mode_cpp' build argument 'cmake_target' from command line to 'None'
[0.344s] Level 5:colcon.colcon_core.verb:set package 'example_rover_velocity_mode_cpp' build argument 'cmake_target_skip_unavailable' from command line to 'False'
[0.344s] Level 5:colcon.colcon_core.verb:set package 'example_rover_velocity_mode_cpp' build argument 'cmake_clean_cache' from command line to 'False'
[0.345s] Level 5:colcon.colcon_core.verb:set package 'example_rover_velocity_mode_cpp' build argument 'cmake_clean_first' from command line to 'False'
[0.345s] Level 5:colcon.colcon_core.verb:set package 'example_rover_velocity_mode_cpp' build argument 'cmake_force_configure' from command line to 'False'
[0.345s] Level 5:colcon.colcon_core.verb:set package 'example_rover_velocity_mode_cpp' build argument 'ament_cmake_args' from command line to 'None'
[0.345s] Level 5:colcon.colcon_core.verb:set package 'example_rover_velocity_mode_cpp' build argument 'catkin_cmake_args' from command line to 'None'
[0.345s] Level 5:colcon.colcon_core.verb:set package 'example_rover_velocity_mode_cpp' build argument 'catkin_skip_building_tests' from command line to 'False'
[0.345s] DEBUG:colcon.colcon_core.verb:Building package 'example_rover_velocity_mode_cpp' with the following arguments: {'ament_cmake_args': None, 'build_base': '/home/jagdeesh/tracker/build/example_rover_velocity_mode_cpp', 'catkin_cmake_args': None, 'catkin_skip_building_tests': False, 'cmake_args': ['-DCMAKE_BUILD_TYPE=Release'], 'cmake_clean_cache': False, 'cmake_clean_first': False, 'cmake_force_configure': False, 'cmake_target': None, 'cmake_target_skip_unavailable': False, 'install_base': '/home/jagdeesh/tracker/install/example_rover_velocity_mode_cpp', 'merge_install': False, 'path': '/home/jagdeesh/tracker/src/px4-ros2-interface-lib/examples/cpp/modes/rover_velocity', 'symlink_install': False, 'test_result_base': None}
[0.345s] Level 5:colcon.colcon_core.verb:set package 'precision_land' build argument 'cmake_args' from command line to '['-DCMAKE_BUILD_TYPE=Release']'
[0.345s] Level 5:colcon.colcon_core.verb:set package 'precision_land' build argument 'cmake_target' from command line to 'None'
[0.345s] Level 5:colcon.colcon_core.verb:set package 'precision_land' build argument 'cmake_target_skip_unavailable' from command line to 'False'
[0.345s] Level 5:colcon.colcon_core.verb:set package 'precision_land' build argument 'cmake_clean_cache' from command line to 'False'
[0.345s] Level 5:colcon.colcon_core.verb:set package 'precision_land' build argument 'cmake_clean_first' from command line to 'False'
[0.345s] Level 5:colcon.colcon_core.verb:set package 'precision_land' build argument 'cmake_force_configure' from command line to 'False'
[0.345s] Level 5:colcon.colcon_core.verb:set package 'precision_land' build argument 'ament_cmake_args' from command line to 'None'
[0.345s] Level 5:colcon.colcon_core.verb:set package 'precision_land' build argument 'catkin_cmake_args' from command line to 'None'
[0.345s] Level 5:colcon.colcon_core.verb:set package 'precision_land' build argument 'catkin_skip_building_tests' from command line to 'False'
[0.345s] DEBUG:colcon.colcon_core.verb:Building package 'precision_land' with the following arguments: {'ament_cmake_args': None, 'build_base': '/home/jagdeesh/tracker/build/precision_land', 'catkin_cmake_args': None, 'catkin_skip_building_tests': False, 'cmake_args': ['-DCMAKE_BUILD_TYPE=Release'], 'cmake_clean_cache': False, 'cmake_clean_first': False, 'cmake_force_configure': False, 'cmake_target': None, 'cmake_target_skip_unavailable': False, 'install_base': '/home/jagdeesh/tracker/install/precision_land', 'merge_install': False, 'path': '/home/jagdeesh/tracker/fixed_src/precision_land', 'symlink_install': False, 'test_result_base': None}
[0.345s] Level 5:colcon.colcon_core.verb:set package 'ros_gz_image' build argument 'cmake_args' from command line to '['-DCMAKE_BUILD_TYPE=Release']'
[0.345s] Level 5:colcon.colcon_core.verb:set package 'ros_gz_image' build argument 'cmake_target' from command line to 'None'
[0.345s] Level 5:colcon.colcon_core.verb:set package 'ros_gz_image' build argument 'cmake_target_skip_unavailable' from command line to 'False'
[0.345s] Level 5:colcon.colcon_core.verb:set package 'ros_gz_image' build argument 'cmake_clean_cache' from command line to 'False'
[0.345s] Level 5:colcon.colcon_core.verb:set package 'ros_gz_image' build argument 'cmake_clean_first' from command line to 'False'
[0.345s] Level 5:colcon.colcon_core.verb:set package 'ros_gz_image' build argument 'cmake_force_configure' from command line to 'False'
[0.345s] Level 5:colcon.colcon_core.verb:set package 'ros_gz_image' build argument 'ament_cmake_args' from command line to 'None'
[0.345s] Level 5:colcon.colcon_core.verb:set package 'ros_gz_image' build argument 'catkin_cmake_args' from command line to 'None'
[0.345s] Level 5:colcon.colcon_core.verb:set package 'ros_gz_image' build argument 'catkin_skip_building_tests' from command line to 'False'
[0.345s] DEBUG:colcon.colcon_core.verb:Building package 'ros_gz_image' with the following arguments: {'ament_cmake_args': None, 'build_base': '/home/jagdeesh/tracker/build/ros_gz_image', 'catkin_cmake_args': None, 'catkin_skip_building_tests': False, 'cmake_args': ['-DCMAKE_BUILD_TYPE=Release'], 'cmake_clean_cache': False, 'cmake_clean_first': False, 'cmake_force_configure': False, 'cmake_target': None, 'cmake_target_skip_unavailable': False, 'install_base': '/home/jagdeesh/tracker/install/ros_gz_image', 'merge_install': False, 'path': '/home/jagdeesh/tracker/src/ros_gz/ros_gz_image', 'symlink_install': False, 'test_result_base': None}
[0.345s] Level 5:colcon.colcon_core.verb:set package 'ros_ign_bridge' build argument 'cmake_args' from command line to '['-DCMAKE_BUILD_TYPE=Release']'
[0.345s] Level 5:colcon.colcon_core.verb:set package 'ros_ign_bridge' build argument 'cmake_target' from command line to 'None'
[0.345s] Level 5:colcon.colcon_core.verb:set package 'ros_ign_bridge' build argument 'cmake_target_skip_unavailable' from command line to 'False'
[0.345s] Level 5:colcon.colcon_core.verb:set package 'ros_ign_bridge' build argument 'cmake_clean_cache' from command line to 'False'
[0.345s] Level 5:colcon.colcon_core.verb:set package 'ros_ign_bridge' build argument 'cmake_clean_first' from command line to 'False'
[0.345s] Level 5:colcon.colcon_core.verb:set package 'ros_ign_bridge' build argument 'cmake_force_configure' from command line to 'False'
[0.345s] Level 5:colcon.colcon_core.verb:set package 'ros_ign_bridge' build argument 'ament_cmake_args' from command line to 'None'
[0.345s] Level 5:colcon.colcon_core.verb:set package 'ros_ign_bridge' build argument 'catkin_cmake_args' from command line to 'None'
[0.346s] Level 5:colcon.colcon_core.verb:set package 'ros_ign_bridge' build argument 'catkin_skip_building_tests' from command line to 'False'
[0.346s] DEBUG:colcon.colcon_core.verb:Building package 'ros_ign_bridge' with the following arguments: {'ament_cmake_args': None, 'build_base': '/home/jagdeesh/tracker/build/ros_ign_bridge', 'catkin_cmake_args': None, 'catkin_skip_building_tests': False, 'cmake_args': ['-DCMAKE_BUILD_TYPE=Release'], 'cmake_clean_cache': False, 'cmake_clean_first': False, 'cmake_force_configure': False, 'cmake_target': None, 'cmake_target_skip_unavailable': False, 'install_base': '/home/jagdeesh/tracker/install/ros_ign_bridge', 'merge_install': False, 'path': '/home/jagdeesh/tracker/src/ros_gz/ros_ign_bridge', 'symlink_install': False, 'test_result_base': None}
[0.346s] Level 5:colcon.colcon_core.verb:set package 'test_ros_gz_bridge' build argument 'cmake_args' from command line to '['-DCMAKE_BUILD_TYPE=Release']'
[0.346s] Level 5:colcon.colcon_core.verb:set package 'test_ros_gz_bridge' build argument 'cmake_target' from command line to 'None'
[0.346s] Level 5:colcon.colcon_core.verb:set package 'test_ros_gz_bridge' build argument 'cmake_target_skip_unavailable' from command line to 'False'
[0.346s] Level 5:colcon.colcon_core.verb:set package 'test_ros_gz_bridge' build argument 'cmake_clean_cache' from command line to 'False'
[0.346s] Level 5:colcon.colcon_core.verb:set package 'test_ros_gz_bridge' build argument 'cmake_clean_first' from command line to 'False'
[0.346s] Level 5:colcon.colcon_core.verb:set package 'test_ros_gz_bridge' build argument 'cmake_force_configure' from command line to 'False'
[0.346s] Level 5:colcon.colcon_core.verb:set package 'test_ros_gz_bridge' build argument 'ament_cmake_args' from command line to 'None'
[0.346s] Level 5:colcon.colcon_core.verb:set package 'test_ros_gz_bridge' build argument 'catkin_cmake_args' from command line to 'None'
[0.346s] Level 5:colcon.colcon_core.verb:set package 'test_ros_gz_bridge' build argument 'catkin_skip_building_tests' from command line to 'False'
[0.346s] DEBUG:colcon.colcon_core.verb:Building package 'test_ros_gz_bridge' with the following arguments: {'ament_cmake_args': None, 'build_base': '/home/jagdeesh/tracker/build/test_ros_gz_bridge', 'catkin_cmake_args': None, 'catkin_skip_building_tests': False, 'cmake_args': ['-DCMAKE_BUILD_TYPE=Release'], 'cmake_clean_cache': False, 'cmake_clean_first': False, 'cmake_force_configure': False, 'cmake_target': None, 'cmake_target_skip_unavailable': False, 'install_base': '/home/jagdeesh/tracker/install/test_ros_gz_bridge', 'merge_install': False, 'path': '/home/jagdeesh/tracker/src/ros_gz/test_ros_gz_bridge', 'symlink_install': False, 'test_result_base': None}
[0.346s] Level 5:colcon.colcon_core.verb:set package 'ros_gz_sim_demos' build argument 'cmake_args' from command line to '['-DCMAKE_BUILD_TYPE=Release']'
[0.346s] Level 5:colcon.colcon_core.verb:set package 'ros_gz_sim_demos' build argument 'cmake_target' from command line to 'None'
[0.346s] Level 5:colcon.colcon_core.verb:set package 'ros_gz_sim_demos' build argument 'cmake_target_skip_unavailable' from command line to 'False'
[0.346s] Level 5:colcon.colcon_core.verb:set package 'ros_gz_sim_demos' build argument 'cmake_clean_cache' from command line to 'False'
[0.346s] Level 5:colcon.colcon_core.verb:set package 'ros_gz_sim_demos' build argument 'cmake_clean_first' from command line to 'False'
[0.346s] Level 5:colcon.colcon_core.verb:set package 'ros_gz_sim_demos' build argument 'cmake_force_configure' from command line to 'False'
[0.346s] Level 5:colcon.colcon_core.verb:set package 'ros_gz_sim_demos' build argument 'ament_cmake_args' from command line to 'None'
[0.346s] Level 5:colcon.colcon_core.verb:set package 'ros_gz_sim_demos' build argument 'catkin_cmake_args' from command line to 'None'
[0.346s] Level 5:colcon.colcon_core.verb:set package 'ros_gz_sim_demos' build argument 'catkin_skip_building_tests' from command line to 'False'
[0.346s] DEBUG:colcon.colcon_core.verb:Building package 'ros_gz_sim_demos' with the following arguments: {'ament_cmake_args': None, 'build_base': '/home/jagdeesh/tracker/build/ros_gz_sim_demos', 'catkin_cmake_args': None, 'catkin_skip_building_tests': False, 'cmake_args': ['-DCMAKE_BUILD_TYPE=Release'], 'cmake_clean_cache': False, 'cmake_clean_first': False, 'cmake_force_configure': False, 'cmake_target': None, 'cmake_target_skip_unavailable': False, 'install_base': '/home/jagdeesh/tracker/install/ros_gz_sim_demos', 'merge_install': False, 'path': '/home/jagdeesh/tracker/src/ros_gz/ros_gz_sim_demos', 'symlink_install': False, 'test_result_base': None}
[0.346s] Level 5:colcon.colcon_core.verb:set package 'ros_ign_image' build argument 'cmake_args' from command line to '['-DCMAKE_BUILD_TYPE=Release']'
[0.346s] Level 5:colcon.colcon_core.verb:set package 'ros_ign_image' build argument 'cmake_target' from command line to 'None'
[0.346s] Level 5:colcon.colcon_core.verb:set package 'ros_ign_image' build argument 'cmake_target_skip_unavailable' from command line to 'False'
[0.346s] Level 5:colcon.colcon_core.verb:set package 'ros_ign_image' build argument 'cmake_clean_cache' from command line to 'False'
[0.346s] Level 5:colcon.colcon_core.verb:set package 'ros_ign_image' build argument 'cmake_clean_first' from command line to 'False'
[0.346s] Level 5:colcon.colcon_core.verb:set package 'ros_ign_image' build argument 'cmake_force_configure' from command line to 'False'
[0.346s] Level 5:colcon.colcon_core.verb:set package 'ros_ign_image' build argument 'ament_cmake_args' from command line to 'None'
[0.346s] Level 5:colcon.colcon_core.verb:set package 'ros_ign_image' build argument 'catkin_cmake_args' from command line to 'None'
[0.346s] Level 5:colcon.colcon_core.verb:set package 'ros_ign_image' build argument 'catkin_skip_building_tests' from command line to 'False'
[0.346s] DEBUG:colcon.colcon_core.verb:Building package 'ros_ign_image' with the following arguments: {'ament_cmake_args': None, 'build_base': '/home/jagdeesh/tracker/build/ros_ign_image', 'catkin_cmake_args': None, 'catkin_skip_building_tests': False, 'cmake_args': ['-DCMAKE_BUILD_TYPE=Release'], 'cmake_clean_cache': False, 'cmake_clean_first': False, 'cmake_force_configure': False, 'cmake_target': None, 'cmake_target_skip_unavailable': False, 'install_base': '/home/jagdeesh/tracker/install/ros_ign_image', 'merge_install': False, 'path': '/home/jagdeesh/tracker/src/ros_gz/ros_ign_image', 'symlink_install': False, 'test_result_base': None}
[0.347s] Level 5:colcon.colcon_core.verb:set package 'ros_gz' build argument 'cmake_args' from command line to '['-DCMAKE_BUILD_TYPE=Release']'
[0.347s] Level 5:colcon.colcon_core.verb:set package 'ros_gz' build argument 'cmake_target' from command line to 'None'
[0.347s] Level 5:colcon.colcon_core.verb:set package 'ros_gz' build argument 'cmake_target_skip_unavailable' from command line to 'False'
[0.347s] Level 5:colcon.colcon_core.verb:set package 'ros_gz' build argument 'cmake_clean_cache' from command line to 'False'
[0.347s] Level 5:colcon.colcon_core.verb:set package 'ros_gz' build argument 'cmake_clean_first' from command line to 'False'
[0.347s] Level 5:colcon.colcon_core.verb:set package 'ros_gz' build argument 'cmake_force_configure' from command line to 'False'
[0.347s] Level 5:colcon.colcon_core.verb:set package 'ros_gz' build argument 'ament_cmake_args' from command line to 'None'
[0.347s] Level 5:colcon.colcon_core.verb:set package 'ros_gz' build argument 'catkin_cmake_args' from command line to 'None'
[0.347s] Level 5:colcon.colcon_core.verb:set package 'ros_gz' build argument 'catkin_skip_building_tests' from command line to 'False'
[0.347s] DEBUG:colcon.colcon_core.verb:Building package 'ros_gz' with the following arguments: {'ament_cmake_args': None, 'build_base': '/home/jagdeesh/tracker/build/ros_gz', 'catkin_cmake_args': None, 'catkin_skip_building_tests': False, 'cmake_args': ['-DCMAKE_BUILD_TYPE=Release'], 'cmake_clean_cache': False, 'cmake_clean_first': False, 'cmake_force_configure': False, 'cmake_target': None, 'cmake_target_skip_unavailable': False, 'install_base': '/home/jagdeesh/tracker/install/ros_gz', 'merge_install': False, 'path': '/home/jagdeesh/tracker/src/ros_gz/ros_gz', 'symlink_install': False, 'test_result_base': None}
[0.347s] Level 5:colcon.colcon_core.verb:set package 'ros_ign_gazebo_demos' build argument 'cmake_args' from command line to '['-DCMAKE_BUILD_TYPE=Release']'
[0.347s] Level 5:colcon.colcon_core.verb:set package 'ros_ign_gazebo_demos' build argument 'cmake_target' from command line to 'None'
[0.347s] Level 5:colcon.colcon_core.verb:set package 'ros_ign_gazebo_demos' build argument 'cmake_target_skip_unavailable' from command line to 'False'
[0.347s] Level 5:colcon.colcon_core.verb:set package 'ros_ign_gazebo_demos' build argument 'cmake_clean_cache' from command line to 'False'
[0.347s] Level 5:colcon.colcon_core.verb:set package 'ros_ign_gazebo_demos' build argument 'cmake_clean_first' from command line to 'False'
[0.347s] Level 5:colcon.colcon_core.verb:set package 'ros_ign_gazebo_demos' build argument 'cmake_force_configure' from command line to 'False'
[0.347s] Level 5:colcon.colcon_core.verb:set package 'ros_ign_gazebo_demos' build argument 'ament_cmake_args' from command line to 'None'
[0.347s] Level 5:colcon.colcon_core.verb:set package 'ros_ign_gazebo_demos' build argument 'catkin_cmake_args' from command line to 'None'
[0.347s] Level 5:colcon.colcon_core.verb:set package 'ros_ign_gazebo_demos' build argument 'catkin_skip_building_tests' from command line to 'False'
[0.347s] DEBUG:colcon.colcon_core.verb:Building package 'ros_ign_gazebo_demos' with the following arguments: {'ament_cmake_args': None, 'build_base': '/home/jagdeesh/tracker/build/ros_ign_gazebo_demos', 'catkin_cmake_args': None, 'catkin_skip_building_tests': False, 'cmake_args': ['-DCMAKE_BUILD_TYPE=Release'], 'cmake_clean_cache': False, 'cmake_clean_first': False, 'cmake_force_configure': False, 'cmake_target': None, 'cmake_target_skip_unavailable': False, 'install_base': '/home/jagdeesh/tracker/install/ros_ign_gazebo_demos', 'merge_install': False, 'path': '/home/jagdeesh/tracker/src/ros_gz/ros_ign_gazebo_demos', 'symlink_install': False, 'test_result_base': None}
[0.347s] Level 5:colcon.colcon_core.verb:set package 'ros_ign' build argument 'cmake_args' from command line to '['-DCMAKE_BUILD_TYPE=Release']'
[0.347s] Level 5:colcon.colcon_core.verb:set package 'ros_ign' build argument 'cmake_target' from command line to 'None'
[0.347s] Level 5:colcon.colcon_core.verb:set package 'ros_ign' build argument 'cmake_target_skip_unavailable' from command line to 'False'
[0.347s] Level 5:colcon.colcon_core.verb:set package 'ros_ign' build argument 'cmake_clean_cache' from command line to 'False'
[0.347s] Level 5:colcon.colcon_core.verb:set package 'ros_ign' build argument 'cmake_clean_first' from command line to 'False'
[0.347s] Level 5:colcon.colcon_core.verb:set package 'ros_ign' build argument 'cmake_force_configure' from command line to 'False'
[0.347s] Level 5:colcon.colcon_core.verb:set package 'ros_ign' build argument 'ament_cmake_args' from command line to 'None'
[0.347s] Level 5:colcon.colcon_core.verb:set package 'ros_ign' build argument 'catkin_cmake_args' from command line to 'None'
[0.347s] Level 5:colcon.colcon_core.verb:set package 'ros_ign' build argument 'catkin_skip_building_tests' from command line to 'False'
[0.347s] DEBUG:colcon.colcon_core.verb:Building package 'ros_ign' with the following arguments: {'ament_cmake_args': None, 'build_base': '/home/jagdeesh/tracker/build/ros_ign', 'catkin_cmake_args': None, 'catkin_skip_building_tests': False, 'cmake_args': ['-DCMAKE_BUILD_TYPE=Release'], 'cmake_clean_cache': False, 'cmake_clean_first': False, 'cmake_force_configure': False, 'cmake_target': None, 'cmake_target_skip_unavailable': False, 'install_base': '/home/jagdeesh/tracker/install/ros_ign', 'merge_install': False, 'path': '/home/jagdeesh/tracker/src/ros_gz/ros_ign', 'symlink_install': False, 'test_result_base': None}
[0.347s] INFO:colcon.colcon_core.executor:Executing jobs using 'parallel' executor
[0.348s] DEBUG:colcon.colcon_parallel_executor.executor.parallel:run_until_complete
[0.348s] INFO:colcon.colcon_ros.task.ament_cmake.build:Building ROS package in '/home/jagdeesh/tracker/src/px4_msgs' with build type 'ament_cmake'
[0.349s] INFO:colcon.colcon_cmake.task.cmake.build:Building CMake package in '/home/jagdeesh/tracker/src/px4_msgs'
[0.351s] INFO:colcon.colcon_core.plugin_system:Skipping extension 'colcon_core.shell.bat': Not used on non-Windows systems
[0.351s] INFO:colcon.colcon_core.shell:Skip shell extension 'powershell' for command environment: Not usable outside of PowerShell
[0.351s] DEBUG:colcon.colcon_core.shell:Skip shell extension 'dsv' for command environment
[0.353s] INFO:colcon.colcon_ros.task.ament_cmake.build:Building ROS package in '/home/jagdeesh/tracker/src/ros_gz/ros_gz_interfaces' with build type 'ament_cmake'
[0.353s] INFO:colcon.colcon_cmake.task.cmake.build:Building CMake package in '/home/jagdeesh/tracker/src/ros_gz/ros_gz_interfaces'
[0.353s] INFO:colcon.colcon_core.shell:Skip shell extension 'powershell' for command environment: Not usable outside of PowerShell
[0.353s] DEBUG:colcon.colcon_core.shell:Skip shell extension 'dsv' for command environment
[0.358s] DEBUG:colcon.colcon_core.event_handler.log_command:Invoking command in '/home/jagdeesh/tracker/build/px4_msgs': CMAKE_PREFIX_PATH=/opt/ros/humble /usr/bin/cmake /home/jagdeesh/tracker/src/px4_msgs -DCMAKE_BUILD_TYPE=Release -DCMAKE_INSTALL_PREFIX=/home/jagdeesh/tracker/install/px4_msgs
[0.360s] DEBUG:colcon.colcon_core.event_handler.log_command:Invoking command in '/home/jagdeesh/tracker/build/ros_gz_interfaces': CMAKE_PREFIX_PATH=/opt/ros/humble /usr/bin/cmake /home/jagdeesh/tracker/src/ros_gz/ros_gz_interfaces -DCMAKE_BUILD_TYPE=Release -DCMAKE_INSTALL_PREFIX=/home/jagdeesh/tracker/install/ros_gz_interfaces
[1.827s] DEBUG:colcon.colcon_core.event_handler.log_command:Invoked command in '/home/jagdeesh/tracker/build/ros_gz_interfaces' returned '0': CMAKE_PREFIX_PATH=/opt/ros/humble /usr/bin/cmake /home/jagdeesh/tracker/src/ros_gz/ros_gz_interfaces -DCMAKE_BUILD_TYPE=Release -DCMAKE_INSTALL_PREFIX=/home/jagdeesh/tracker/install/ros_gz_interfaces
[1.830s] DEBUG:colcon.colcon_core.event_handler.log_command:Invoking command in '/home/jagdeesh/tracker/build/ros_gz_interfaces': CMAKE_PREFIX_PATH=/opt/ros/humble /usr/bin/cmake --build /home/jagdeesh/tracker/build/ros_gz_interfaces -- -j12 -l12
[3.465s] DEBUG:colcon.colcon_core.event_handler.log_command:Invoked command in '/home/jagdeesh/tracker/build/px4_msgs' returned '0': CMAKE_PREFIX_PATH=/opt/ros/humble /usr/bin/cmake /home/jagdeesh/tracker/src/px4_msgs -DCMAKE_BUILD_TYPE=Release -DCMAKE_INSTALL_PREFIX=/home/jagdeesh/tracker/install/px4_msgs
[3.466s] DEBUG:colcon.colcon_core.event_handler.log_command:Invoking command in '/home/jagdeesh/tracker/build/px4_msgs': CMAKE_PREFIX_PATH=/opt/ros/humble /usr/bin/cmake --build /home/jagdeesh/tracker/build/px4_msgs -- -j12 -l12
[23.995s] DEBUG:colcon.colcon_core.event_handler.log_command:Invoked command in '/home/jagdeesh/tracker/build/ros_gz_interfaces' returned '0': CMAKE_PREFIX_PATH=/opt/ros/humble /usr/bin/cmake --build /home/jagdeesh/tracker/build/ros_gz_interfaces -- -j12 -l12
[24.007s] DEBUG:colcon.colcon_core.event_handler.log_command:Invoking command in '/home/jagdeesh/tracker/build/ros_gz_interfaces': CMAKE_PREFIX_PATH=/opt/ros/humble /usr/bin/cmake --install /home/jagdeesh/tracker/build/ros_gz_interfaces
[24.195s] Level 1:colcon.colcon_core.environment:create_environment_scripts_only(ros_gz_interfaces)
[24.196s] DEBUG:colcon.colcon_core.event_handler.log_command:Invoked command in '/home/jagdeesh/tracker/build/ros_gz_interfaces' returned '0': CMAKE_PREFIX_PATH=/opt/ros/humble /usr/bin/cmake --install /home/jagdeesh/tracker/build/ros_gz_interfaces
[24.198s] Level 1:colcon.colcon_core.environment:checking '/home/jagdeesh/tracker/install/ros_gz_interfaces' for CMake module files
[24.199s] Level 1:colcon.colcon_core.environment:checking '/home/jagdeesh/tracker/install/ros_gz_interfaces' for CMake config files
[24.200s] Level 1:colcon.colcon_core.shell:create_environment_hook('ros_gz_interfaces', 'cmake_prefix_path')
[24.200s] INFO:colcon.colcon_core.shell:Creating environment hook '/home/jagdeesh/tracker/install/ros_gz_interfaces/share/ros_gz_interfaces/hook/cmake_prefix_path.ps1'
[24.202s] INFO:colcon.colcon_core.shell:Creating environment descriptor '/home/jagdeesh/tracker/install/ros_gz_interfaces/share/ros_gz_interfaces/hook/cmake_prefix_path.dsv'
[24.203s] INFO:colcon.colcon_core.shell:Creating environment hook '/home/jagdeesh/tracker/install/ros_gz_interfaces/share/ros_gz_interfaces/hook/cmake_prefix_path.sh'
[24.204s] Level 1:colcon.colcon_core.environment:checking '/home/jagdeesh/tracker/install/ros_gz_interfaces/lib'
[24.204s] Level 1:colcon.colcon_core.shell:create_environment_hook('ros_gz_interfaces', 'ld_library_path_lib')
[24.204s] INFO:colcon.colcon_core.shell:Creating environment hook '/home/jagdeesh/tracker/install/ros_gz_interfaces/share/ros_gz_interfaces/hook/ld_library_path_lib.ps1'
[24.205s] INFO:colcon.colcon_core.shell:Creating environment descriptor '/home/jagdeesh/tracker/install/ros_gz_interfaces/share/ros_gz_interfaces/hook/ld_library_path_lib.dsv'
[24.205s] INFO:colcon.colcon_core.shell:Creating environment hook '/home/jagdeesh/tracker/install/ros_gz_interfaces/share/ros_gz_interfaces/hook/ld_library_path_lib.sh'
[24.206s] Level 1:colcon.colcon_core.environment:checking '/home/jagdeesh/tracker/install/ros_gz_interfaces/bin'
[24.206s] Level 1:colcon.colcon_core.environment:checking '/home/jagdeesh/tracker/install/ros_gz_interfaces/lib/pkgconfig/ros_gz_interfaces.pc'
[24.206s] Level 1:colcon.colcon_core.environment:checking '/home/jagdeesh/tracker/install/ros_gz_interfaces/lib/python3.10/site-packages'
[24.207s] Level 1:colcon.colcon_core.environment:checking '/home/jagdeesh/tracker/install/ros_gz_interfaces/bin'
[24.207s] INFO:colcon.colcon_core.shell:Creating package script '/home/jagdeesh/tracker/install/ros_gz_interfaces/share/ros_gz_interfaces/package.ps1'
[24.208s] INFO:colcon.colcon_core.shell:Creating package descriptor '/home/jagdeesh/tracker/install/ros_gz_interfaces/share/ros_gz_interfaces/package.dsv'
[24.209s] INFO:colcon.colcon_core.shell:Creating package script '/home/jagdeesh/tracker/install/ros_gz_interfaces/share/ros_gz_interfaces/package.sh'
[24.210s] INFO:colcon.colcon_core.shell:Creating package script '/home/jagdeesh/tracker/install/ros_gz_interfaces/share/ros_gz_interfaces/package.bash'
[24.211s] INFO:colcon.colcon_core.shell:Creating package script '/home/jagdeesh/tracker/install/ros_gz_interfaces/share/ros_gz_interfaces/package.zsh'
[24.212s] Level 1:colcon.colcon_core.environment:create_file_with_runtime_dependencies(/home/jagdeesh/tracker/install/ros_gz_interfaces/share/colcon-core/packages/ros_gz_interfaces)
[24.213s] Level 1:colcon.colcon_core.environment:create_environment_scripts_only(ros_gz_interfaces)
[24.213s] Level 1:colcon.colcon_core.environment:checking '/home/jagdeesh/tracker/install/ros_gz_interfaces' for CMake module files
[24.214s] Level 1:colcon.colcon_core.environment:checking '/home/jagdeesh/tracker/install/ros_gz_interfaces' for CMake config files
[24.214s] Level 1:colcon.colcon_core.shell:create_environment_hook('ros_gz_interfaces', 'cmake_prefix_path')
[24.215s] INFO:colcon.colcon_core.shell:Creating environment hook '/home/jagdeesh/tracker/install/ros_gz_interfaces/share/ros_gz_interfaces/hook/cmake_prefix_path.ps1'
[24.215s] INFO:colcon.colcon_core.shell:Creating environment descriptor '/home/jagdeesh/tracker/install/ros_gz_interfaces/share/ros_gz_interfaces/hook/cmake_prefix_path.dsv'
[24.216s] INFO:colcon.colcon_core.shell:Creating environment hook '/home/jagdeesh/tracker/install/ros_gz_interfaces/share/ros_gz_interfaces/hook/cmake_prefix_path.sh'
[24.217s] Level 1:colcon.colcon_core.environment:checking '/home/jagdeesh/tracker/install/ros_gz_interfaces/lib'
[24.217s] Level 1:colcon.colcon_core.shell:create_environment_hook('ros_gz_interfaces', 'ld_library_path_lib')
[24.217s] INFO:colcon.colcon_core.shell:Creating environment hook '/home/jagdeesh/tracker/install/ros_gz_interfaces/share/ros_gz_interfaces/hook/ld_library_path_lib.ps1'
[24.218s] INFO:colcon.colcon_core.shell:Creating environment descriptor '/home/jagdeesh/tracker/install/ros_gz_interfaces/share/ros_gz_interfaces/hook/ld_library_path_lib.dsv'
[24.218s] INFO:colcon.colcon_core.shell:Creating environment hook '/home/jagdeesh/tracker/install/ros_gz_interfaces/share/ros_gz_interfaces/hook/ld_library_path_lib.sh'
[24.219s] Level 1:colcon.colcon_core.environment:checking '/home/jagdeesh/tracker/install/ros_gz_interfaces/bin'
[24.219s] Level 1:colcon.colcon_core.environment:checking '/home/jagdeesh/tracker/install/ros_gz_interfaces/lib/pkgconfig/ros_gz_interfaces.pc'
[24.219s] Level 1:colcon.colcon_core.environment:checking '/home/jagdeesh/tracker/install/ros_gz_interfaces/lib/python3.10/site-packages'
[24.220s] Level 1:colcon.colcon_core.environment:checking '/home/jagdeesh/tracker/install/ros_gz_interfaces/bin'
[24.220s] INFO:colcon.colcon_core.shell:Creating package script '/home/jagdeesh/tracker/install/ros_gz_interfaces/share/ros_gz_interfaces/package.ps1'
[24.221s] INFO:colcon.colcon_core.shell:Creating package descriptor '/home/jagdeesh/tracker/install/ros_gz_interfaces/share/ros_gz_interfaces/package.dsv'
[24.222s] INFO:colcon.colcon_core.shell:Creating package script '/home/jagdeesh/tracker/install/ros_gz_interfaces/share/ros_gz_interfaces/package.sh'
[24.222s] INFO:colcon.colcon_core.shell:Creating package script '/home/jagdeesh/tracker/install/ros_gz_interfaces/share/ros_gz_interfaces/package.bash'
[24.223s] INFO:colcon.colcon_core.shell:Creating package script '/home/jagdeesh/tracker/install/ros_gz_interfaces/share/ros_gz_interfaces/package.zsh'
[24.224s] Level 1:colcon.colcon_core.environment:create_file_with_runtime_dependencies(/home/jagdeesh/tracker/install/ros_gz_interfaces/share/colcon-core/packages/ros_gz_interfaces)
[24.224s] INFO:colcon.colcon_ros.task.ament_cmake.build:Building ROS package in '/home/jagdeesh/tracker/src/ros_gz/ros_gz_bridge' with build type 'ament_cmake'
[24.224s] INFO:colcon.colcon_cmake.task.cmake.build:Building CMake package in '/home/jagdeesh/tracker/src/ros_gz/ros_gz_bridge'
[24.225s] INFO:colcon.colcon_core.shell:Skip shell extension 'powershell' for command environment: Not usable outside of PowerShell
[24.225s] DEBUG:colcon.colcon_core.shell:Skip shell extension 'dsv' for command environment
[24.237s] DEBUG:colcon.colcon_core.event_handler.log_command:Invoking command in '/home/jagdeesh/tracker/build/ros_gz_bridge': AMENT_PREFIX_PATH=/home/jagdeesh/tracker/install/ros_gz_interfaces:${AMENT_PREFIX_PATH} CMAKE_PREFIX_PATH=/home/jagdeesh/tracker/install/ros_gz_interfaces:/opt/ros/humble LD_LIBRARY_PATH=/home/jagdeesh/tracker/install/ros_gz_interfaces/lib:${LD_LIBRARY_PATH} PYTHONPATH=/home/jagdeesh/tracker/install/ros_gz_interfaces/local/lib/python3.10/dist-packages:${PYTHONPATH} /usr/bin/cmake /home/jagdeesh/tracker/src/ros_gz/ros_gz_bridge -DCMAKE_BUILD_TYPE=Release -DCMAKE_INSTALL_PREFIX=/home/jagdeesh/tracker/install/ros_gz_bridge
[26.615s] DEBUG:colcon.colcon_core.event_handler.log_command:Invoked command in '/home/jagdeesh/tracker/build/ros_gz_bridge' returned '0': AMENT_PREFIX_PATH=/home/jagdeesh/tracker/install/ros_gz_interfaces:${AMENT_PREFIX_PATH} CMAKE_PREFIX_PATH=/home/jagdeesh/tracker/install/ros_gz_interfaces:/opt/ros/humble LD_LIBRARY_PATH=/home/jagdeesh/tracker/install/ros_gz_interfaces/lib:${LD_LIBRARY_PATH} PYTHONPATH=/home/jagdeesh/tracker/install/ros_gz_interfaces/local/lib/python3.10/dist-packages:${PYTHONPATH} /usr/bin/cmake /home/jagdeesh/tracker/src/ros_gz/ros_gz_bridge -DCMAKE_BUILD_TYPE=Release -DCMAKE_INSTALL_PREFIX=/home/jagdeesh/tracker/install/ros_gz_bridge
[26.618s] DEBUG:colcon.colcon_core.event_handler.log_command:Invoking command in '/home/jagdeesh/tracker/build/ros_gz_bridge': AMENT_PREFIX_PATH=/home/jagdeesh/tracker/install/ros_gz_interfaces:${AMENT_PREFIX_PATH} CMAKE_PREFIX_PATH=/home/jagdeesh/tracker/install/ros_gz_interfaces:/opt/ros/humble LD_LIBRARY_PATH=/home/jagdeesh/tracker/install/ros_gz_interfaces/lib:${LD_LIBRARY_PATH} PYTHONPATH=/home/jagdeesh/tracker/install/ros_gz_interfaces/local/lib/python3.10/dist-packages:${PYTHONPATH} /usr/bin/cmake --build /home/jagdeesh/tracker/build/ros_gz_bridge -- -j12 -l12
[456.436s] DEBUG:colcon.colcon_core.event_handler.log_command:Invoked command in '/home/jagdeesh/tracker/build/ros_gz_bridge' returned '0': AMENT_PREFIX_PATH=/home/jagdeesh/tracker/install/ros_gz_interfaces:${AMENT_PREFIX_PATH} CMAKE_PREFIX_PATH=/home/jagdeesh/tracker/install/ros_gz_interfaces:/opt/ros/humble LD_LIBRARY_PATH=/home/jagdeesh/tracker/install/ros_gz_interfaces/lib:${LD_LIBRARY_PATH} PYTHONPATH=/home/jagdeesh/tracker/install/ros_gz_interfaces/local/lib/python3.10/dist-packages:${PYTHONPATH} /usr/bin/cmake --build /home/jagdeesh/tracker/build/ros_gz_bridge -- -j12 -l12
[456.467s] DEBUG:colcon.colcon_core.event_handler.log_command:Invoking command in '/home/jagdeesh/tracker/build/ros_gz_bridge': AMENT_PREFIX_PATH=/home/jagdeesh/tracker/install/ros_gz_interfaces:${AMENT_PREFIX_PATH} CMAKE_PREFIX_PATH=/home/jagdeesh/tracker/install/ros_gz_interfaces:/opt/ros/humble LD_LIBRARY_PATH=/home/jagdeesh/tracker/install/ros_gz_interfaces/lib:${LD_LIBRARY_PATH} PYTHONPATH=/home/jagdeesh/tracker/install/ros_gz_interfaces/local/lib/python3.10/dist-packages:${PYTHONPATH} /usr/bin/cmake --install /home/jagdeesh/tracker/build/ros_gz_bridge
[456.561s] Level 1:colcon.colcon_core.environment:create_environment_scripts_only(ros_gz_bridge)
[456.573s] Level 1:colcon.colcon_core.environment:checking '/home/jagdeesh/tracker/install/ros_gz_bridge' for CMake module files
[456.573s] DEBUG:colcon.colcon_core.event_handler.log_command:Invoked command in '/home/jagdeesh/tracker/build/ros_gz_bridge' returned '0': AMENT_PREFIX_PATH=/home/jagdeesh/tracker/install/ros_gz_interfaces:${AMENT_PREFIX_PATH} CMAKE_PREFIX_PATH=/home/jagdeesh/tracker/install/ros_gz_interfaces:/opt/ros/humble LD_LIBRARY_PATH=/home/jagdeesh/tracker/install/ros_gz_interfaces/lib:${LD_LIBRARY_PATH} PYTHONPATH=/home/jagdeesh/tracker/install/ros_gz_interfaces/local/lib/python3.10/dist-packages:${PYTHONPATH} /usr/bin/cmake --install /home/jagdeesh/tracker/build/ros_gz_bridge
[456.575s] Level 1:colcon.colcon_core.environment:checking '/home/jagdeesh/tracker/install/ros_gz_bridge' for CMake config files
[456.577s] Level 1:colcon.colcon_core.shell:create_environment_hook('ros_gz_bridge', 'cmake_prefix_path')
[456.580s] INFO:colcon.colcon_core.shell:Creating environment hook '/home/jagdeesh/tracker/install/ros_gz_bridge/share/ros_gz_bridge/hook/cmake_prefix_path.ps1'
[456.591s] INFO:colcon.colcon_core.shell:Creating environment descriptor '/home/jagdeesh/tracker/install/ros_gz_bridge/share/ros_gz_bridge/hook/cmake_prefix_path.dsv'
[456.593s] INFO:colcon.colcon_core.shell:Creating environment hook '/home/jagdeesh/tracker/install/ros_gz_bridge/share/ros_gz_bridge/hook/cmake_prefix_path.sh'
[456.598s] Level 1:colcon.colcon_core.environment:checking '/home/jagdeesh/tracker/install/ros_gz_bridge/lib'
[456.598s] Level 1:colcon.colcon_core.shell:create_environment_hook('ros_gz_bridge', 'ld_library_path_lib')
[456.599s] INFO:colcon.colcon_core.shell:Creating environment hook '/home/jagdeesh/tracker/install/ros_gz_bridge/share/ros_gz_bridge/hook/ld_library_path_lib.ps1'
[456.599s] INFO:colcon.colcon_core.shell:Creating environment descriptor '/home/jagdeesh/tracker/install/ros_gz_bridge/share/ros_gz_bridge/hook/ld_library_path_lib.dsv'
[456.600s] INFO:colcon.colcon_core.shell:Creating environment hook '/home/jagdeesh/tracker/install/ros_gz_bridge/share/ros_gz_bridge/hook/ld_library_path_lib.sh'
[456.601s] Level 1:colcon.colcon_core.environment:checking '/home/jagdeesh/tracker/install/ros_gz_bridge/bin'
[456.601s] Level 1:colcon.colcon_core.environment:checking '/home/jagdeesh/tracker/install/ros_gz_bridge/lib/pkgconfig/ros_gz_bridge.pc'
[456.606s] Level 1:colcon.colcon_core.environment:checking '/home/jagdeesh/tracker/install/ros_gz_bridge/lib/python3.10/site-packages'
[456.607s] Level 1:colcon.colcon_core.environment:checking '/home/jagdeesh/tracker/install/ros_gz_bridge/bin'
[456.608s] INFO:colcon.colcon_core.shell:Creating package script '/home/jagdeesh/tracker/install/ros_gz_bridge/share/ros_gz_bridge/package.ps1'
[456.610s] INFO:colcon.colcon_core.shell:Creating package descriptor '/home/jagdeesh/tracker/install/ros_gz_bridge/share/ros_gz_bridge/package.dsv'
[456.611s] INFO:colcon.colcon_core.shell:Creating package script '/home/jagdeesh/tracker/install/ros_gz_bridge/share/ros_gz_bridge/package.sh'
[456.615s] INFO:colcon.colcon_core.shell:Creating package script '/home/jagdeesh/tracker/install/ros_gz_bridge/share/ros_gz_bridge/package.bash'
[456.618s] INFO:colcon.colcon_core.shell:Creating package script '/home/jagdeesh/tracker/install/ros_gz_bridge/share/ros_gz_bridge/package.zsh'
[456.620s] Level 1:colcon.colcon_core.environment:create_file_with_runtime_dependencies(/home/jagdeesh/tracker/install/ros_gz_bridge/share/colcon-core/packages/ros_gz_bridge)
[456.621s] Level 1:colcon.colcon_core.environment:create_environment_scripts_only(ros_gz_bridge)
[456.622s] Level 1:colcon.colcon_core.environment:checking '/home/jagdeesh/tracker/install/ros_gz_bridge' for CMake module files
[456.622s] Level 1:colcon.colcon_core.environment:checking '/home/jagdeesh/tracker/install/ros_gz_bridge' for CMake config files
[456.623s] Level 1:colcon.colcon_core.shell:create_environment_hook('ros_gz_bridge', 'cmake_prefix_path')
[456.623s] INFO:colcon.colcon_core.shell:Creating environment hook '/home/jagdeesh/tracker/install/ros_gz_bridge/share/ros_gz_bridge/hook/cmake_prefix_path.ps1'
[456.624s] INFO:colcon.colcon_core.shell:Creating environment descriptor '/home/jagdeesh/tracker/install/ros_gz_bridge/share/ros_gz_bridge/hook/cmake_prefix_path.dsv'
[456.625s] INFO:colcon.colcon_core.shell:Creating environment hook '/home/jagdeesh/tracker/install/ros_gz_bridge/share/ros_gz_bridge/hook/cmake_prefix_path.sh'
[456.625s] Level 1:colcon.colcon_core.environment:checking '/home/jagdeesh/tracker/install/ros_gz_bridge/lib'
[456.625s] Level 1:colcon.colcon_core.shell:create_environment_hook('ros_gz_bridge', 'ld_library_path_lib')
[456.626s] INFO:colcon.colcon_core.shell:Creating environment hook '/home/jagdeesh/tracker/install/ros_gz_bridge/share/ros_gz_bridge/hook/ld_library_path_lib.ps1'
[456.626s] INFO:colcon.colcon_core.shell:Creating environment descriptor '/home/jagdeesh/tracker/install/ros_gz_bridge/share/ros_gz_bridge/hook/ld_library_path_lib.dsv'
[456.626s] INFO:colcon.colcon_core.shell:Creating environment hook '/home/jagdeesh/tracker/install/ros_gz_bridge/share/ros_gz_bridge/hook/ld_library_path_lib.sh'
[456.627s] Level 1:colcon.colcon_core.environment:checking '/home/jagdeesh/tracker/install/ros_gz_bridge/bin'
[456.627s] Level 1:colcon.colcon_core.environment:checking '/home/jagdeesh/tracker/install/ros_gz_bridge/lib/pkgconfig/ros_gz_bridge.pc'
[456.627s] Level 1:colcon.colcon_core.environment:checking '/home/jagdeesh/tracker/install/ros_gz_bridge/lib/python3.10/site-packages'
[456.627s] Level 1:colcon.colcon_core.environment:checking '/home/jagdeesh/tracker/install/ros_gz_bridge/bin'
[456.628s] INFO:colcon.colcon_core.shell:Creating package script '/home/jagdeesh/tracker/install/ros_gz_bridge/share/ros_gz_bridge/package.ps1'
[456.628s] INFO:colcon.colcon_core.shell:Creating package descriptor '/home/jagdeesh/tracker/install/ros_gz_bridge/share/ros_gz_bridge/package.dsv'
[456.629s] INFO:colcon.colcon_core.shell:Creating package script '/home/jagdeesh/tracker/install/ros_gz_bridge/share/ros_gz_bridge/package.sh'
[456.629s] INFO:colcon.colcon_core.shell:Creating package script '/home/jagdeesh/tracker/install/ros_gz_bridge/share/ros_gz_bridge/package.bash'
[456.630s] INFO:colcon.colcon_core.shell:Creating package script '/home/jagdeesh/tracker/install/ros_gz_bridge/share/ros_gz_bridge/package.zsh'
[456.630s] Level 1:colcon.colcon_core.environment:create_file_with_runtime_dependencies(/home/jagdeesh/tracker/install/ros_gz_bridge/share/colcon-core/packages/ros_gz_bridge)
[456.633s] INFO:colcon.colcon_ros.task.ament_cmake.build:Building ROS package in '/home/jagdeesh/tracker/src/ros_gz/ros_gz_sim' with build type 'ament_cmake'
[456.634s] INFO:colcon.colcon_cmake.task.cmake.build:Building CMake package in '/home/jagdeesh/tracker/src/ros_gz/ros_gz_sim'
[456.635s] INFO:colcon.colcon_core.shell:Skip shell extension 'powershell' for command environment: Not usable outside of PowerShell
[456.635s] DEBUG:colcon.colcon_core.shell:Skip shell extension 'dsv' for command environment
[456.653s] DEBUG:colcon.colcon_core.event_handler.log_command:Invoking command in '/home/jagdeesh/tracker/build/ros_gz_sim': CMAKE_PREFIX_PATH=/opt/ros/humble /usr/bin/cmake /home/jagdeesh/tracker/src/ros_gz/ros_gz_sim -DCMAKE_BUILD_TYPE=Release -DCMAKE_INSTALL_PREFIX=/home/jagdeesh/tracker/install/ros_gz_sim
[459.307s] DEBUG:colcon.colcon_core.event_handler.log_command:Invoked command in '/home/jagdeesh/tracker/build/ros_gz_sim' returned '0': CMAKE_PREFIX_PATH=/opt/ros/humble /usr/bin/cmake /home/jagdeesh/tracker/src/ros_gz/ros_gz_sim -DCMAKE_BUILD_TYPE=Release -DCMAKE_INSTALL_PREFIX=/home/jagdeesh/tracker/install/ros_gz_sim
[459.312s] DEBUG:colcon.colcon_core.event_handler.log_command:Invoking command in '/home/jagdeesh/tracker/build/ros_gz_sim': CMAKE_PREFIX_PATH=/opt/ros/humble /usr/bin/cmake --build /home/jagdeesh/tracker/build/ros_gz_sim -- -j12 -l12
[478.631s] DEBUG:colcon.colcon_core.event_handler.log_command:Invoked command in '/home/jagdeesh/tracker/build/ros_gz_sim' returned '0': CMAKE_PREFIX_PATH=/opt/ros/humble /usr/bin/cmake --build /home/jagdeesh/tracker/build/ros_gz_sim -- -j12 -l12
[478.634s] DEBUG:colcon.colcon_core.event_handler.log_command:Invoking command in '/home/jagdeesh/tracker/build/ros_gz_sim': CMAKE_PREFIX_PATH=/opt/ros/humble /usr/bin/cmake --install /home/jagdeesh/tracker/build/ros_gz_sim
[478.652s] Level 1:colcon.colcon_core.environment:create_environment_scripts_only(ros_gz_sim)
[478.652s] Level 1:colcon.colcon_core.environment:checking '/home/jagdeesh/tracker/install/ros_gz_sim' for CMake module files
[478.653s] DEBUG:colcon.colcon_core.event_handler.log_command:Invoked command in '/home/jagdeesh/tracker/build/ros_gz_sim' returned '0': CMAKE_PREFIX_PATH=/opt/ros/humble /usr/bin/cmake --install /home/jagdeesh/tracker/build/ros_gz_sim
[478.653s] Level 1:colcon.colcon_core.environment:checking '/home/jagdeesh/tracker/install/ros_gz_sim' for CMake config files
[478.654s] Level 1:colcon.colcon_core.shell:create_environment_hook('ros_gz_sim', 'cmake_prefix_path')
[478.654s] INFO:colcon.colcon_core.shell:Creating environment hook '/home/jagdeesh/tracker/install/ros_gz_sim/share/ros_gz_sim/hook/cmake_prefix_path.ps1'
[478.655s] INFO:colcon.colcon_core.shell:Creating environment descriptor '/home/jagdeesh/tracker/install/ros_gz_sim/share/ros_gz_sim/hook/cmake_prefix_path.dsv'
[478.655s] INFO:colcon.colcon_core.shell:Creating environment hook '/home/jagdeesh/tracker/install/ros_gz_sim/share/ros_gz_sim/hook/cmake_prefix_path.sh'
[478.656s] Level 1:colcon.colcon_core.environment:checking '/home/jagdeesh/tracker/install/ros_gz_sim/lib'
[478.656s] Level 1:colcon.colcon_core.shell:create_environment_hook('ros_gz_sim', 'ld_library_path_lib')
[478.657s] INFO:colcon.colcon_core.shell:Creating environment hook '/home/jagdeesh/tracker/install/ros_gz_sim/share/ros_gz_sim/hook/ld_library_path_lib.ps1'
[478.657s] INFO:colcon.colcon_core.shell:Creating environment descriptor '/home/jagdeesh/tracker/install/ros_gz_sim/share/ros_gz_sim/hook/ld_library_path_lib.dsv'
[478.658s] INFO:colcon.colcon_core.shell:Creating environment hook '/home/jagdeesh/tracker/install/ros_gz_sim/share/ros_gz_sim/hook/ld_library_path_lib.sh'
[478.658s] Level 1:colcon.colcon_core.environment:checking '/home/jagdeesh/tracker/install/ros_gz_sim/bin'
[478.658s] Level 1:colcon.colcon_core.environment:checking '/home/jagdeesh/tracker/install/ros_gz_sim/lib/pkgconfig/ros_gz_sim.pc'
[478.659s] Level 1:colcon.colcon_core.environment:checking '/home/jagdeesh/tracker/install/ros_gz_sim/lib/python3.10/site-packages'
[478.659s] Level 1:colcon.colcon_core.environment:checking '/home/jagdeesh/tracker/install/ros_gz_sim/bin'
[478.660s] INFO:colcon.colcon_core.shell:Creating package script '/home/jagdeesh/tracker/install/ros_gz_sim/share/ros_gz_sim/package.ps1'
[478.660s] INFO:colcon.colcon_core.shell:Creating package descriptor '/home/jagdeesh/tracker/install/ros_gz_sim/share/ros_gz_sim/package.dsv'
[478.661s] INFO:colcon.colcon_core.shell:Creating package script '/home/jagdeesh/tracker/install/ros_gz_sim/share/ros_gz_sim/package.sh'
[478.661s] INFO:colcon.colcon_core.shell:Creating package script '/home/jagdeesh/tracker/install/ros_gz_sim/share/ros_gz_sim/package.bash'
[478.662s] INFO:colcon.colcon_core.shell:Creating package script '/home/jagdeesh/tracker/install/ros_gz_sim/share/ros_gz_sim/package.zsh'
[478.663s] Level 1:colcon.colcon_core.environment:create_file_with_runtime_dependencies(/home/jagdeesh/tracker/install/ros_gz_sim/share/colcon-core/packages/ros_gz_sim)
[478.664s] Level 1:colcon.colcon_core.environment:create_environment_scripts_only(ros_gz_sim)
[478.664s] Level 1:colcon.colcon_core.environment:checking '/home/jagdeesh/tracker/install/ros_gz_sim' for CMake module files
[478.665s] Level 1:colcon.colcon_core.environment:checking '/home/jagdeesh/tracker/install/ros_gz_sim' for CMake config files
[478.665s] Level 1:colcon.colcon_core.shell:create_environment_hook('ros_gz_sim', 'cmake_prefix_path')
[478.665s] INFO:colcon.colcon_core.shell:Creating environment hook '/home/jagdeesh/tracker/install/ros_gz_sim/share/ros_gz_sim/hook/cmake_prefix_path.ps1'
[478.666s] INFO:colcon.colcon_core.shell:Creating environment descriptor '/home/jagdeesh/tracker/install/ros_gz_sim/share/ros_gz_sim/hook/cmake_prefix_path.dsv'
[478.667s] INFO:colcon.colcon_core.shell:Creating environment hook '/home/jagdeesh/tracker/install/ros_gz_sim/share/ros_gz_sim/hook/cmake_prefix_path.sh'
[478.667s] Level 1:colcon.colcon_core.environment:checking '/home/jagdeesh/tracker/install/ros_gz_sim/lib'
[478.668s] Level 1:colcon.colcon_core.shell:create_environment_hook('ros_gz_sim', 'ld_library_path_lib')
[478.668s] INFO:colcon.colcon_core.shell:Creating environment hook '/home/jagdeesh/tracker/install/ros_gz_sim/share/ros_gz_sim/hook/ld_library_path_lib.ps1'
[478.668s] INFO:colcon.colcon_core.shell:Creating environment descriptor '/home/jagdeesh/tracker/install/ros_gz_sim/share/ros_gz_sim/hook/ld_library_path_lib.dsv'
[478.669s] INFO:colcon.colcon_core.shell:Creating environment hook '/home/jagdeesh/tracker/install/ros_gz_sim/share/ros_gz_sim/hook/ld_library_path_lib.sh'
[478.669s] Level 1:colcon.colcon_core.environment:checking '/home/jagdeesh/tracker/install/ros_gz_sim/bin'
[478.670s] Level 1:colcon.colcon_core.environment:checking '/home/jagdeesh/tracker/install/ros_gz_sim/lib/pkgconfig/ros_gz_sim.pc'
[478.670s] Level 1:colcon.colcon_core.environment:checking '/home/jagdeesh/tracker/install/ros_gz_sim/lib/python3.10/site-packages'
[478.670s] Level 1:colcon.colcon_core.environment:checking '/home/jagdeesh/tracker/install/ros_gz_sim/bin'
[478.671s] INFO:colcon.colcon_core.shell:Creating package script '/home/jagdeesh/tracker/install/ros_gz_sim/share/ros_gz_sim/package.ps1'
[478.671s] INFO:colcon.colcon_core.shell:Creating package descriptor '/home/jagdeesh/tracker/install/ros_gz_sim/share/ros_gz_sim/package.dsv'
[478.672s] INFO:colcon.colcon_core.shell:Creating package script '/home/jagdeesh/tracker/install/ros_gz_sim/share/ros_gz_sim/package.sh'
[478.673s] INFO:colcon.colcon_core.shell:Creating package script '/home/jagdeesh/tracker/install/ros_gz_sim/share/ros_gz_sim/package.bash'
[478.674s] INFO:colcon.colcon_core.shell:Creating package script '/home/jagdeesh/tracker/install/ros_gz_sim/share/ros_gz_sim/package.zsh'
[478.674s] Level 1:colcon.colcon_core.environment:create_file_with_runtime_dependencies(/home/jagdeesh/tracker/install/ros_gz_sim/share/colcon-core/packages/ros_gz_sim)
[478.675s] INFO:colcon.colcon_ros.task.ament_cmake.build:Building ROS package in '/home/jagdeesh/tracker/src/ros_gz/ros_gz_image' with build type 'ament_cmake'
[478.675s] INFO:colcon.colcon_cmake.task.cmake.build:Building CMake package in '/home/jagdeesh/tracker/src/ros_gz/ros_gz_image'
[478.675s] INFO:colcon.colcon_core.shell:Skip shell extension 'powershell' for command environment: Not usable outside of PowerShell
[478.675s] DEBUG:colcon.colcon_core.shell:Skip shell extension 'dsv' for command environment
[478.691s] DEBUG:colcon.colcon_core.event_handler.log_command:Invoking command in '/home/jagdeesh/tracker/build/ros_gz_image': AMENT_PREFIX_PATH=/home/jagdeesh/tracker/install/ros_gz_bridge:/home/jagdeesh/tracker/install/ros_gz_interfaces:${AMENT_PREFIX_PATH} CMAKE_PREFIX_PATH=/home/jagdeesh/tracker/install/ros_gz_bridge:/home/jagdeesh/tracker/install/ros_gz_interfaces:/opt/ros/humble LD_LIBRARY_PATH=/home/jagdeesh/tracker/install/ros_gz_bridge/lib:/home/jagdeesh/tracker/install/ros_gz_interfaces/lib:${LD_LIBRARY_PATH} PYTHONPATH=/home/jagdeesh/tracker/install/ros_gz_interfaces/local/lib/python3.10/dist-packages:${PYTHONPATH} /usr/bin/cmake /home/jagdeesh/tracker/src/ros_gz/ros_gz_image -DCMAKE_BUILD_TYPE=Release -DCMAKE_INSTALL_PREFIX=/home/jagdeesh/tracker/install/ros_gz_image
[480.315s] DEBUG:colcon.colcon_core.event_handler.log_command:Invoked command in '/home/jagdeesh/tracker/build/ros_gz_image' returned '0': AMENT_PREFIX_PATH=/home/jagdeesh/tracker/install/ros_gz_bridge:/home/jagdeesh/tracker/install/ros_gz_interfaces:${AMENT_PREFIX_PATH} CMAKE_PREFIX_PATH=/home/jagdeesh/tracker/install/ros_gz_bridge:/home/jagdeesh/tracker/install/ros_gz_interfaces:/opt/ros/humble LD_LIBRARY_PATH=/home/jagdeesh/tracker/install/ros_gz_bridge/lib:/home/jagdeesh/tracker/install/ros_gz_interfaces/lib:${LD_LIBRARY_PATH} PYTHONPATH=/home/jagdeesh/tracker/install/ros_gz_interfaces/local/lib/python3.10/dist-packages:${PYTHONPATH} /usr/bin/cmake /home/jagdeesh/tracker/src/ros_gz/ros_gz_image -DCMAKE_BUILD_TYPE=Release -DCMAKE_INSTALL_PREFIX=/home/jagdeesh/tracker/install/ros_gz_image
[480.318s] DEBUG:colcon.colcon_core.event_handler.log_command:Invoking command in '/home/jagdeesh/tracker/build/ros_gz_image': AMENT_PREFIX_PATH=/home/jagdeesh/tracker/install/ros_gz_bridge:/home/jagdeesh/tracker/install/ros_gz_interfaces:${AMENT_PREFIX_PATH} CMAKE_PREFIX_PATH=/home/jagdeesh/tracker/install/ros_gz_bridge:/home/jagdeesh/tracker/install/ros_gz_interfaces:/opt/ros/humble LD_LIBRARY_PATH=/home/jagdeesh/tracker/install/ros_gz_bridge/lib:/home/jagdeesh/tracker/install/ros_gz_interfaces/lib:${LD_LIBRARY_PATH} PYTHONPATH=/home/jagdeesh/tracker/install/ros_gz_interfaces/local/lib/python3.10/dist-packages:${PYTHONPATH} /usr/bin/cmake --build /home/jagdeesh/tracker/build/ros_gz_image -- -j12 -l12
[490.342s] DEBUG:colcon.colcon_core.event_handler.log_command:Invoked command in '/home/jagdeesh/tracker/build/ros_gz_image' returned '0': AMENT_PREFIX_PATH=/home/jagdeesh/tracker/install/ros_gz_bridge:/home/jagdeesh/tracker/install/ros_gz_interfaces:${AMENT_PREFIX_PATH} CMAKE_PREFIX_PATH=/home/jagdeesh/tracker/install/ros_gz_bridge:/home/jagdeesh/tracker/install/ros_gz_interfaces:/opt/ros/humble LD_LIBRARY_PATH=/home/jagdeesh/tracker/install/ros_gz_bridge/lib:/home/jagdeesh/tracker/install/ros_gz_interfaces/lib:${LD_LIBRARY_PATH} PYTHONPATH=/home/jagdeesh/tracker/install/ros_gz_interfaces/local/lib/python3.10/dist-packages:${PYTHONPATH} /usr/bin/cmake --build /home/jagdeesh/tracker/build/ros_gz_image -- -j12 -l12
[490.344s] DEBUG:colcon.colcon_core.event_handler.log_command:Invoking command in '/home/jagdeesh/tracker/build/ros_gz_image': AMENT_PREFIX_PATH=/home/jagdeesh/tracker/install/ros_gz_bridge:/home/jagdeesh/tracker/install/ros_gz_interfaces:${AMENT_PREFIX_PATH} CMAKE_PREFIX_PATH=/home/jagdeesh/tracker/install/ros_gz_bridge:/home/jagdeesh/tracker/install/ros_gz_interfaces:/opt/ros/humble LD_LIBRARY_PATH=/home/jagdeesh/tracker/install/ros_gz_bridge/lib:/home/jagdeesh/tracker/install/ros_gz_interfaces/lib:${LD_LIBRARY_PATH} PYTHONPATH=/home/jagdeesh/tracker/install/ros_gz_interfaces/local/lib/python3.10/dist-packages:${PYTHONPATH} /usr/bin/cmake --install /home/jagdeesh/tracker/build/ros_gz_image
[490.357s] Level 1:colcon.colcon_core.environment:create_environment_scripts_only(ros_gz_image)
[490.358s] Level 1:colcon.colcon_core.environment:checking '/home/jagdeesh/tracker/install/ros_gz_image' for CMake module files
[490.358s] DEBUG:colcon.colcon_core.event_handler.log_command:Invoked command in '/home/jagdeesh/tracker/build/ros_gz_image' returned '0': AMENT_PREFIX_PATH=/home/jagdeesh/tracker/install/ros_gz_bridge:/home/jagdeesh/tracker/install/ros_gz_interfaces:${AMENT_PREFIX_PATH} CMAKE_PREFIX_PATH=/home/jagdeesh/tracker/install/ros_gz_bridge:/home/jagdeesh/tracker/install/ros_gz_interfaces:/opt/ros/humble LD_LIBRARY_PATH=/home/jagdeesh/tracker/install/ros_gz_bridge/lib:/home/jagdeesh/tracker/install/ros_gz_interfaces/lib:${LD_LIBRARY_PATH} PYTHONPATH=/home/jagdeesh/tracker/install/ros_gz_interfaces/local/lib/python3.10/dist-packages:${PYTHONPATH} /usr/bin/cmake --install /home/jagdeesh/tracker/build/ros_gz_image
[490.359s] Level 1:colcon.colcon_core.environment:checking '/home/jagdeesh/tracker/install/ros_gz_image' for CMake config files
[490.359s] Level 1:colcon.colcon_core.shell:create_environment_hook('ros_gz_image', 'cmake_prefix_path')
[490.359s] INFO:colcon.colcon_core.shell:Creating environment hook '/home/jagdeesh/tracker/install/ros_gz_image/share/ros_gz_image/hook/cmake_prefix_path.ps1'
[490.360s] INFO:colcon.colcon_core.shell:Creating environment descriptor '/home/jagdeesh/tracker/install/ros_gz_image/share/ros_gz_image/hook/cmake_prefix_path.dsv'
[490.360s] INFO:colcon.colcon_core.shell:Creating environment hook '/home/jagdeesh/tracker/install/ros_gz_image/share/ros_gz_image/hook/cmake_prefix_path.sh'
[490.361s] Level 1:colcon.colcon_core.environment:checking '/home/jagdeesh/tracker/install/ros_gz_image/lib'
[490.361s] Level 1:colcon.colcon_core.environment:checking '/home/jagdeesh/tracker/install/ros_gz_image/bin'
[490.361s] Level 1:colcon.colcon_core.environment:checking '/home/jagdeesh/tracker/install/ros_gz_image/lib/pkgconfig/ros_gz_image.pc'
[490.362s] Level 1:colcon.colcon_core.environment:checking '/home/jagdeesh/tracker/install/ros_gz_image/lib/python3.10/site-packages'
[490.362s] Level 1:colcon.colcon_core.environment:checking '/home/jagdeesh/tracker/install/ros_gz_image/bin'
[490.363s] INFO:colcon.colcon_core.shell:Creating package script '/home/jagdeesh/tracker/install/ros_gz_image/share/ros_gz_image/package.ps1'
[490.364s] INFO:colcon.colcon_core.shell:Creating package descriptor '/home/jagdeesh/tracker/install/ros_gz_image/share/ros_gz_image/package.dsv'
[490.364s] INFO:colcon.colcon_core.shell:Creating package script '/home/jagdeesh/tracker/install/ros_gz_image/share/ros_gz_image/package.sh'
[490.364s] INFO:colcon.colcon_core.shell:Creating package script '/home/jagdeesh/tracker/install/ros_gz_image/share/ros_gz_image/package.bash'
[490.365s] INFO:colcon.colcon_core.shell:Creating package script '/home/jagdeesh/tracker/install/ros_gz_image/share/ros_gz_image/package.zsh'
[490.365s] Level 1:colcon.colcon_core.environment:create_file_with_runtime_dependencies(/home/jagdeesh/tracker/install/ros_gz_image/share/colcon-core/packages/ros_gz_image)
[490.366s] Level 1:colcon.colcon_core.environment:create_environment_scripts_only(ros_gz_image)
[490.366s] Level 1:colcon.colcon_core.environment:checking '/home/jagdeesh/tracker/install/ros_gz_image' for CMake module files
[490.366s] Level 1:colcon.colcon_core.environment:checking '/home/jagdeesh/tracker/install/ros_gz_image' for CMake config files
[490.367s] Level 1:colcon.colcon_core.shell:create_environment_hook('ros_gz_image', 'cmake_prefix_path')
[490.367s] INFO:colcon.colcon_core.shell:Creating environment hook '/home/jagdeesh/tracker/install/ros_gz_image/share/ros_gz_image/hook/cmake_prefix_path.ps1'
[490.367s] INFO:colcon.colcon_core.shell:Creating environment descriptor '/home/jagdeesh/tracker/install/ros_gz_image/share/ros_gz_image/hook/cmake_prefix_path.dsv'
[490.367s] INFO:colcon.colcon_core.shell:Creating environment hook '/home/jagdeesh/tracker/install/ros_gz_image/share/ros_gz_image/hook/cmake_prefix_path.sh'
[490.368s] Level 1:colcon.colcon_core.environment:checking '/home/jagdeesh/tracker/install/ros_gz_image/lib'
[490.368s] Level 1:colcon.colcon_core.environment:checking '/home/jagdeesh/tracker/install/ros_gz_image/bin'
[490.368s] Level 1:colcon.colcon_core.environment:checking '/home/jagdeesh/tracker/install/ros_gz_image/lib/pkgconfig/ros_gz_image.pc'
[490.368s] Level 1:colcon.colcon_core.environment:checking '/home/jagdeesh/tracker/install/ros_gz_image/lib/python3.10/site-packages'
[490.369s] Level 1:colcon.colcon_core.environment:checking '/home/jagdeesh/tracker/install/ros_gz_image/bin'
[490.369s] INFO:colcon.colcon_core.shell:Creating package script '/home/jagdeesh/tracker/install/ros_gz_image/share/ros_gz_image/package.ps1'
[490.369s] INFO:colcon.colcon_core.shell:Creating package descriptor '/home/jagdeesh/tracker/install/ros_gz_image/share/ros_gz_image/package.dsv'
[490.370s] INFO:colcon.colcon_core.shell:Creating package script '/home/jagdeesh/tracker/install/ros_gz_image/share/ros_gz_image/package.sh'
[490.370s] INFO:colcon.colcon_core.shell:Creating package script '/home/jagdeesh/tracker/install/ros_gz_image/share/ros_gz_image/package.bash'
[490.371s] INFO:colcon.colcon_core.shell:Creating package script '/home/jagdeesh/tracker/install/ros_gz_image/share/ros_gz_image/package.zsh'
[490.371s] Level 1:colcon.colcon_core.environment:create_file_with_runtime_dependencies(/home/jagdeesh/tracker/install/ros_gz_image/share/colcon-core/packages/ros_gz_image)
[490.371s] INFO:colcon.colcon_ros.task.ament_cmake.build:Building ROS package in '/home/jagdeesh/tracker/src/vision_opencv/cv_bridge' with build type 'ament_cmake'
[490.371s] INFO:colcon.colcon_cmake.task.cmake.build:Building CMake package in '/home/jagdeesh/tracker/src/vision_opencv/cv_bridge'
[490.372s] INFO:colcon.colcon_core.shell:Skip shell extension 'powershell' for command environment: Not usable outside of PowerShell
[490.372s] DEBUG:colcon.colcon_core.shell:Skip shell extension 'dsv' for command environment
[490.380s] DEBUG:colcon.colcon_core.event_handler.log_command:Invoking command in '/home/jagdeesh/tracker/build/cv_bridge': CMAKE_PREFIX_PATH=/opt/ros/humble /usr/bin/cmake /home/jagdeesh/tracker/src/vision_opencv/cv_bridge -DCMAKE_BUILD_TYPE=Release -DCMAKE_INSTALL_PREFIX=/home/jagdeesh/tracker/install/cv_bridge
[493.855s] DEBUG:colcon.colcon_core.event_handler.log_command:Invoked command in '/home/jagdeesh/tracker/build/cv_bridge' returned '0': CMAKE_PREFIX_PATH=/opt/ros/humble /usr/bin/cmake /home/jagdeesh/tracker/src/vision_opencv/cv_bridge -DCMAKE_BUILD_TYPE=Release -DCMAKE_INSTALL_PREFIX=/home/jagdeesh/tracker/install/cv_bridge
[493.856s] DEBUG:colcon.colcon_core.event_handler.log_command:Invoking command in '/home/jagdeesh/tracker/build/cv_bridge': CMAKE_PREFIX_PATH=/opt/ros/humble /usr/bin/cmake --build /home/jagdeesh/tracker/build/cv_bridge -- -j12 -l12
[511.058s] DEBUG:colcon.colcon_core.event_handler.log_command:Invoked command in '/home/jagdeesh/tracker/build/cv_bridge' returned '0': CMAKE_PREFIX_PATH=/opt/ros/humble /usr/bin/cmake --build /home/jagdeesh/tracker/build/cv_bridge -- -j12 -l12
[511.061s] DEBUG:colcon.colcon_core.event_handler.log_command:Invoking command in '/home/jagdeesh/tracker/build/cv_bridge': CMAKE_PREFIX_PATH=/opt/ros/humble /usr/bin/cmake --install /home/jagdeesh/tracker/build/cv_bridge
[511.126s] Level 1:colcon.colcon_core.environment:create_environment_scripts_only(cv_bridge)
[511.127s] Level 1:colcon.colcon_core.environment:checking '/home/jagdeesh/tracker/install/cv_bridge' for CMake module files
[511.127s] DEBUG:colcon.colcon_core.event_handler.log_command:Invoked command in '/home/jagdeesh/tracker/build/cv_bridge' returned '0': CMAKE_PREFIX_PATH=/opt/ros/humble /usr/bin/cmake --install /home/jagdeesh/tracker/build/cv_bridge
[511.128s] Level 1:colcon.colcon_core.environment:checking '/home/jagdeesh/tracker/install/cv_bridge' for CMake config files
[511.128s] Level 1:colcon.colcon_core.shell:create_environment_hook('cv_bridge', 'cmake_prefix_path')
[511.128s] INFO:colcon.colcon_core.shell:Creating environment hook '/home/jagdeesh/tracker/install/cv_bridge/share/cv_bridge/hook/cmake_prefix_path.ps1'
[511.129s] INFO:colcon.colcon_core.shell:Creating environment descriptor '/home/jagdeesh/tracker/install/cv_bridge/share/cv_bridge/hook/cmake_prefix_path.dsv'
[511.129s] INFO:colcon.colcon_core.shell:Creating environment hook '/home/jagdeesh/tracker/install/cv_bridge/share/cv_bridge/hook/cmake_prefix_path.sh'
[511.130s] Level 1:colcon.colcon_core.environment:checking '/home/jagdeesh/tracker/install/cv_bridge/lib'
[511.130s] Level 1:colcon.colcon_core.shell:create_environment_hook('cv_bridge', 'ld_library_path_lib')
[511.131s] INFO:colcon.colcon_core.shell:Creating environment hook '/home/jagdeesh/tracker/install/cv_bridge/share/cv_bridge/hook/ld_library_path_lib.ps1'
[511.131s] INFO:colcon.colcon_core.shell:Creating environment descriptor '/home/jagdeesh/tracker/install/cv_bridge/share/cv_bridge/hook/ld_library_path_lib.dsv'
[511.131s] INFO:colcon.colcon_core.shell:Creating environment hook '/home/jagdeesh/tracker/install/cv_bridge/share/cv_bridge/hook/ld_library_path_lib.sh'
[511.131s] Level 1:colcon.colcon_core.environment:checking '/home/jagdeesh/tracker/install/cv_bridge/bin'
[511.132s] Level 1:colcon.colcon_core.environment:checking '/home/jagdeesh/tracker/install/cv_bridge/lib/pkgconfig/cv_bridge.pc'
[511.132s] Level 1:colcon.colcon_core.environment:checking '/home/jagdeesh/tracker/install/cv_bridge/lib/python3.10/site-packages'
[511.132s] Level 1:colcon.colcon_core.environment:checking '/home/jagdeesh/tracker/install/cv_bridge/bin'
[511.133s] INFO:colcon.colcon_core.shell:Creating package script '/home/jagdeesh/tracker/install/cv_bridge/share/cv_bridge/package.ps1'
[511.133s] INFO:colcon.colcon_core.shell:Creating package descriptor '/home/jagdeesh/tracker/install/cv_bridge/share/cv_bridge/package.dsv'
[511.133s] INFO:colcon.colcon_core.shell:Creating package script '/home/jagdeesh/tracker/install/cv_bridge/share/cv_bridge/package.sh'
[511.134s] INFO:colcon.colcon_core.shell:Creating package script '/home/jagdeesh/tracker/install/cv_bridge/share/cv_bridge/package.bash'
[511.134s] INFO:colcon.colcon_core.shell:Creating package script '/home/jagdeesh/tracker/install/cv_bridge/share/cv_bridge/package.zsh'
[511.135s] Level 1:colcon.colcon_core.environment:create_file_with_runtime_dependencies(/home/jagdeesh/tracker/install/cv_bridge/share/colcon-core/packages/cv_bridge)
[511.136s] Level 1:colcon.colcon_core.environment:create_environment_scripts_only(cv_bridge)
[511.136s] Level 1:colcon.colcon_core.environment:checking '/home/jagdeesh/tracker/install/cv_bridge' for CMake module files
[511.136s] Level 1:colcon.colcon_core.environment:checking '/home/jagdeesh/tracker/install/cv_bridge' for CMake config files
[511.137s] Level 1:colcon.colcon_core.shell:create_environment_hook('cv_bridge', 'cmake_prefix_path')
[511.137s] INFO:colcon.colcon_core.shell:Creating environment hook '/home/jagdeesh/tracker/install/cv_bridge/share/cv_bridge/hook/cmake_prefix_path.ps1'
[511.137s] INFO:colcon.colcon_core.shell:Creating environment descriptor '/home/jagdeesh/tracker/install/cv_bridge/share/cv_bridge/hook/cmake_prefix_path.dsv'
[511.137s] INFO:colcon.colcon_core.shell:Creating environment hook '/home/jagdeesh/tracker/install/cv_bridge/share/cv_bridge/hook/cmake_prefix_path.sh'
[511.138s] Level 1:colcon.colcon_core.environment:checking '/home/jagdeesh/tracker/install/cv_bridge/lib'
[511.138s] Level 1:colcon.colcon_core.shell:create_environment_hook('cv_bridge', 'ld_library_path_lib')
[511.138s] INFO:colcon.colcon_core.shell:Creating environment hook '/home/jagdeesh/tracker/install/cv_bridge/share/cv_bridge/hook/ld_library_path_lib.ps1'
[511.139s] INFO:colcon.colcon_core.shell:Creating environment descriptor '/home/jagdeesh/tracker/install/cv_bridge/share/cv_bridge/hook/ld_library_path_lib.dsv'
[511.139s] INFO:colcon.colcon_core.shell:Creating environment hook '/home/jagdeesh/tracker/install/cv_bridge/share/cv_bridge/hook/ld_library_path_lib.sh'
[511.139s] Level 1:colcon.colcon_core.environment:checking '/home/jagdeesh/tracker/install/cv_bridge/bin'
[511.139s] Level 1:colcon.colcon_core.environment:checking '/home/jagdeesh/tracker/install/cv_bridge/lib/pkgconfig/cv_bridge.pc'
[511.140s] Level 1:colcon.colcon_core.environment:checking '/home/jagdeesh/tracker/install/cv_bridge/lib/python3.10/site-packages'
[511.140s] Level 1:colcon.colcon_core.environment:checking '/home/jagdeesh/tracker/install/cv_bridge/bin'
[511.140s] INFO:colcon.colcon_core.shell:Creating package script '/home/jagdeesh/tracker/install/cv_bridge/share/cv_bridge/package.ps1'
[511.141s] INFO:colcon.colcon_core.shell:Creating package descriptor '/home/jagdeesh/tracker/install/cv_bridge/share/cv_bridge/package.dsv'
[511.141s] INFO:colcon.colcon_core.shell:Creating package script '/home/jagdeesh/tracker/install/cv_bridge/share/cv_bridge/package.sh'
[511.142s] INFO:colcon.colcon_core.shell:Creating package script '/home/jagdeesh/tracker/install/cv_bridge/share/cv_bridge/package.bash'
[511.142s] INFO:colcon.colcon_core.shell:Creating package script '/home/jagdeesh/tracker/install/cv_bridge/share/cv_bridge/package.zsh'
[511.142s] Level 1:colcon.colcon_core.environment:create_file_with_runtime_dependencies(/home/jagdeesh/tracker/install/cv_bridge/share/colcon-core/packages/cv_bridge)
[511.143s] INFO:colcon.colcon_ros.task.ament_cmake.build:Building ROS package in '/home/jagdeesh/tracker/src/ros_gz/ros_gz_sim_demos' with build type 'ament_cmake'
[511.143s] INFO:colcon.colcon_cmake.task.cmake.build:Building CMake package in '/home/jagdeesh/tracker/src/ros_gz/ros_gz_sim_demos'
[511.143s] INFO:colcon.colcon_core.shell:Skip shell extension 'powershell' for command environment: Not usable outside of PowerShell
[511.143s] DEBUG:colcon.colcon_core.shell:Skip shell extension 'dsv' for command environment
[511.159s] DEBUG:colcon.colcon_core.event_handler.log_command:Invoking command in '/home/jagdeesh/tracker/build/ros_gz_sim_demos': AMENT_PREFIX_PATH=/home/jagdeesh/tracker/install/ros_gz_image:/home/jagdeesh/tracker/install/ros_gz_bridge:/home/jagdeesh/tracker/install/ros_gz_sim:/home/jagdeesh/tracker/install/ros_gz_interfaces:${AMENT_PREFIX_PATH} CMAKE_PREFIX_PATH=/home/jagdeesh/tracker/install/ros_gz_image:/home/jagdeesh/tracker/install/ros_gz_bridge:/home/jagdeesh/tracker/install/ros_gz_sim:/home/jagdeesh/tracker/install/ros_gz_interfaces:/opt/ros/humble LD_LIBRARY_PATH=/home/jagdeesh/tracker/install/ros_gz_bridge/lib:/home/jagdeesh/tracker/install/ros_gz_sim/lib:/home/jagdeesh/tracker/install/ros_gz_interfaces/lib:${LD_LIBRARY_PATH} PYTHONPATH=/home/jagdeesh/tracker/install/ros_gz_interfaces/local/lib/python3.10/dist-packages:${PYTHONPATH} /usr/bin/cmake /home/jagdeesh/tracker/src/ros_gz/ros_gz_sim_demos -DCMAKE_BUILD_TYPE=Release -DCMAKE_INSTALL_PREFIX=/home/jagdeesh/tracker/install/ros_gz_sim_demos
[511.945s] DEBUG:colcon.colcon_core.event_handler.log_command:Invoked command in '/home/jagdeesh/tracker/build/ros_gz_sim_demos' returned '0': AMENT_PREFIX_PATH=/home/jagdeesh/tracker/install/ros_gz_image:/home/jagdeesh/tracker/install/ros_gz_bridge:/home/jagdeesh/tracker/install/ros_gz_sim:/home/jagdeesh/tracker/install/ros_gz_interfaces:${AMENT_PREFIX_PATH} CMAKE_PREFIX_PATH=/home/jagdeesh/tracker/install/ros_gz_image:/home/jagdeesh/tracker/install/ros_gz_bridge:/home/jagdeesh/tracker/install/ros_gz_sim:/home/jagdeesh/tracker/install/ros_gz_interfaces:/opt/ros/humble LD_LIBRARY_PATH=/home/jagdeesh/tracker/install/ros_gz_bridge/lib:/home/jagdeesh/tracker/install/ros_gz_sim/lib:/home/jagdeesh/tracker/install/ros_gz_interfaces/lib:${LD_LIBRARY_PATH} PYTHONPATH=/home/jagdeesh/tracker/install/ros_gz_interfaces/local/lib/python3.10/dist-packages:${PYTHONPATH} /usr/bin/cmake /home/jagdeesh/tracker/src/ros_gz/ros_gz_sim_demos -DCMAKE_BUILD_TYPE=Release -DCMAKE_INSTALL_PREFIX=/home/jagdeesh/tracker/install/ros_gz_sim_demos
[511.947s] DEBUG:colcon.colcon_core.event_handler.log_command:Invoking command in '/home/jagdeesh/tracker/build/ros_gz_sim_demos': AMENT_PREFIX_PATH=/home/jagdeesh/tracker/install/ros_gz_image:/home/jagdeesh/tracker/install/ros_gz_bridge:/home/jagdeesh/tracker/install/ros_gz_sim:/home/jagdeesh/tracker/install/ros_gz_interfaces:${AMENT_PREFIX_PATH} CMAKE_PREFIX_PATH=/home/jagdeesh/tracker/install/ros_gz_image:/home/jagdeesh/tracker/install/ros_gz_bridge:/home/jagdeesh/tracker/install/ros_gz_sim:/home/jagdeesh/tracker/install/ros_gz_interfaces:/opt/ros/humble LD_LIBRARY_PATH=/home/jagdeesh/tracker/install/ros_gz_bridge/lib:/home/jagdeesh/tracker/install/ros_gz_sim/lib:/home/jagdeesh/tracker/install/ros_gz_interfaces/lib:${LD_LIBRARY_PATH} PYTHONPATH=/home/jagdeesh/tracker/install/ros_gz_interfaces/local/lib/python3.10/dist-packages:${PYTHONPATH} /usr/bin/cmake --build /home/jagdeesh/tracker/build/ros_gz_sim_demos -- -j12 -l12
[511.993s] DEBUG:colcon.colcon_core.event_handler.log_command:Invoked command in '/home/jagdeesh/tracker/build/ros_gz_sim_demos' returned '0': AMENT_PREFIX_PATH=/home/jagdeesh/tracker/install/ros_gz_image:/home/jagdeesh/tracker/install/ros_gz_bridge:/home/jagdeesh/tracker/install/ros_gz_sim:/home/jagdeesh/tracker/install/ros_gz_interfaces:${AMENT_PREFIX_PATH} CMAKE_PREFIX_PATH=/home/jagdeesh/tracker/install/ros_gz_image:/home/jagdeesh/tracker/install/ros_gz_bridge:/home/jagdeesh/tracker/install/ros_gz_sim:/home/jagdeesh/tracker/install/ros_gz_interfaces:/opt/ros/humble LD_LIBRARY_PATH=/home/jagdeesh/tracker/install/ros_gz_bridge/lib:/home/jagdeesh/tracker/install/ros_gz_sim/lib:/home/jagdeesh/tracker/install/ros_gz_interfaces/lib:${LD_LIBRARY_PATH} PYTHONPATH=/home/jagdeesh/tracker/install/ros_gz_interfaces/local/lib/python3.10/dist-packages:${PYTHONPATH} /usr/bin/cmake --build /home/jagdeesh/tracker/build/ros_gz_sim_demos -- -j12 -l12
[511.995s] DEBUG:colcon.colcon_core.event_handler.log_command:Invoking command in '/home/jagdeesh/tracker/build/ros_gz_sim_demos': AMENT_PREFIX_PATH=/home/jagdeesh/tracker/install/ros_gz_image:/home/jagdeesh/tracker/install/ros_gz_bridge:/home/jagdeesh/tracker/install/ros_gz_sim:/home/jagdeesh/tracker/install/ros_gz_interfaces:${AMENT_PREFIX_PATH} CMAKE_PREFIX_PATH=/home/jagdeesh/tracker/install/ros_gz_image:/home/jagdeesh/tracker/install/ros_gz_bridge:/home/jagdeesh/tracker/install/ros_gz_sim:/home/jagdeesh/tracker/install/ros_gz_interfaces:/opt/ros/humble LD_LIBRARY_PATH=/home/jagdeesh/tracker/install/ros_gz_bridge/lib:/home/jagdeesh/tracker/install/ros_gz_sim/lib:/home/jagdeesh/tracker/install/ros_gz_interfaces/lib:${LD_LIBRARY_PATH} PYTHONPATH=/home/jagdeesh/tracker/install/ros_gz_interfaces/local/lib/python3.10/dist-packages:${PYTHONPATH} /usr/bin/cmake --install /home/jagdeesh/tracker/build/ros_gz_sim_demos
[512.011s] Level 1:colcon.colcon_core.environment:create_environment_scripts_only(ros_gz_sim_demos)
[512.011s] Level 1:colcon.colcon_core.environment:checking '/home/jagdeesh/tracker/install/ros_gz_sim_demos' for CMake module files
[512.012s] DEBUG:colcon.colcon_core.event_handler.log_command:Invoked command in '/home/jagdeesh/tracker/build/ros_gz_sim_demos' returned '0': AMENT_PREFIX_PATH=/home/jagdeesh/tracker/install/ros_gz_image:/home/jagdeesh/tracker/install/ros_gz_bridge:/home/jagdeesh/tracker/install/ros_gz_sim:/home/jagdeesh/tracker/install/ros_gz_interfaces:${AMENT_PREFIX_PATH} CMAKE_PREFIX_PATH=/home/jagdeesh/tracker/install/ros_gz_image:/home/jagdeesh/tracker/install/ros_gz_bridge:/home/jagdeesh/tracker/install/ros_gz_sim:/home/jagdeesh/tracker/install/ros_gz_interfaces:/opt/ros/humble LD_LIBRARY_PATH=/home/jagdeesh/tracker/install/ros_gz_bridge/lib:/home/jagdeesh/tracker/install/ros_gz_sim/lib:/home/jagdeesh/tracker/install/ros_gz_interfaces/lib:${LD_LIBRARY_PATH} PYTHONPATH=/home/jagdeesh/tracker/install/ros_gz_interfaces/local/lib/python3.10/dist-packages:${PYTHONPATH} /usr/bin/cmake --install /home/jagdeesh/tracker/build/ros_gz_sim_demos
[512.012s] Level 1:colcon.colcon_core.environment:checking '/home/jagdeesh/tracker/install/ros_gz_sim_demos' for CMake config files
[512.013s] Level 1:colcon.colcon_core.shell:create_environment_hook('ros_gz_sim_demos', 'cmake_prefix_path')
[512.013s] INFO:colcon.colcon_core.shell:Creating environment hook '/home/jagdeesh/tracker/install/ros_gz_sim_demos/share/ros_gz_sim_demos/hook/cmake_prefix_path.ps1'
[512.014s] INFO:colcon.colcon_core.shell:Creating environment descriptor '/home/jagdeesh/tracker/install/ros_gz_sim_demos/share/ros_gz_sim_demos/hook/cmake_prefix_path.dsv'
[512.014s] INFO:colcon.colcon_core.shell:Creating environment hook '/home/jagdeesh/tracker/install/ros_gz_sim_demos/share/ros_gz_sim_demos/hook/cmake_prefix_path.sh'
[512.014s] Level 1:colcon.colcon_core.environment:checking '/home/jagdeesh/tracker/install/ros_gz_sim_demos/bin'
[512.014s] Level 1:colcon.colcon_core.environment:checking '/home/jagdeesh/tracker/install/ros_gz_sim_demos/lib/pkgconfig/ros_gz_sim_demos.pc'
[512.015s] Level 1:colcon.colcon_core.environment:checking '/home/jagdeesh/tracker/install/ros_gz_sim_demos/lib/python3.10/site-packages'
[512.015s] Level 1:colcon.colcon_core.environment:checking '/home/jagdeesh/tracker/install/ros_gz_sim_demos/bin'
[512.015s] INFO:colcon.colcon_core.shell:Creating package script '/home/jagdeesh/tracker/install/ros_gz_sim_demos/share/ros_gz_sim_demos/package.ps1'
[512.016s] INFO:colcon.colcon_core.shell:Creating package descriptor '/home/jagdeesh/tracker/install/ros_gz_sim_demos/share/ros_gz_sim_demos/package.dsv'
[512.016s] INFO:colcon.colcon_core.shell:Creating package script '/home/jagdeesh/tracker/install/ros_gz_sim_demos/share/ros_gz_sim_demos/package.sh'
[512.016s] INFO:colcon.colcon_core.shell:Creating package script '/home/jagdeesh/tracker/install/ros_gz_sim_demos/share/ros_gz_sim_demos/package.bash'
[512.017s] INFO:colcon.colcon_core.shell:Creating package script '/home/jagdeesh/tracker/install/ros_gz_sim_demos/share/ros_gz_sim_demos/package.zsh'
[512.017s] Level 1:colcon.colcon_core.environment:create_file_with_runtime_dependencies(/home/jagdeesh/tracker/install/ros_gz_sim_demos/share/colcon-core/packages/ros_gz_sim_demos)
[512.019s] Level 1:colcon.colcon_core.environment:create_environment_scripts_only(ros_gz_sim_demos)
[512.020s] Level 1:colcon.colcon_core.environment:checking '/home/jagdeesh/tracker/install/ros_gz_sim_demos' for CMake module files
[512.020s] Level 1:colcon.colcon_core.environment:checking '/home/jagdeesh/tracker/install/ros_gz_sim_demos' for CMake config files
[512.020s] Level 1:colcon.colcon_core.shell:create_environment_hook('ros_gz_sim_demos', 'cmake_prefix_path')
[512.020s] INFO:colcon.colcon_core.shell:Creating environment hook '/home/jagdeesh/tracker/install/ros_gz_sim_demos/share/ros_gz_sim_demos/hook/cmake_prefix_path.ps1'
[512.021s] INFO:colcon.colcon_core.shell:Creating environment descriptor '/home/jagdeesh/tracker/install/ros_gz_sim_demos/share/ros_gz_sim_demos/hook/cmake_prefix_path.dsv'
[512.021s] INFO:colcon.colcon_core.shell:Creating environment hook '/home/jagdeesh/tracker/install/ros_gz_sim_demos/share/ros_gz_sim_demos/hook/cmake_prefix_path.sh'
[512.021s] Level 1:colcon.colcon_core.environment:checking '/home/jagdeesh/tracker/install/ros_gz_sim_demos/bin'
[512.022s] Level 1:colcon.colcon_core.environment:checking '/home/jagdeesh/tracker/install/ros_gz_sim_demos/lib/pkgconfig/ros_gz_sim_demos.pc'
[512.022s] Level 1:colcon.colcon_core.environment:checking '/home/jagdeesh/tracker/install/ros_gz_sim_demos/lib/python3.10/site-packages'
[512.022s] Level 1:colcon.colcon_core.environment:checking '/home/jagdeesh/tracker/install/ros_gz_sim_demos/bin'
[512.022s] INFO:colcon.colcon_core.shell:Creating package script '/home/jagdeesh/tracker/install/ros_gz_sim_demos/share/ros_gz_sim_demos/package.ps1'
[512.023s] INFO:colcon.colcon_core.shell:Creating package descriptor '/home/jagdeesh/tracker/install/ros_gz_sim_demos/share/ros_gz_sim_demos/package.dsv'
[512.023s] INFO:colcon.colcon_core.shell:Creating package script '/home/jagdeesh/tracker/install/ros_gz_sim_demos/share/ros_gz_sim_demos/package.sh'
[512.024s] INFO:colcon.colcon_core.shell:Creating package script '/home/jagdeesh/tracker/install/ros_gz_sim_demos/share/ros_gz_sim_demos/package.bash'
[512.024s] INFO:colcon.colcon_core.shell:Creating package script '/home/jagdeesh/tracker/install/ros_gz_sim_demos/share/ros_gz_sim_demos/package.zsh'
[512.024s] Level 1:colcon.colcon_core.environment:create_file_with_runtime_dependencies(/home/jagdeesh/tracker/install/ros_gz_sim_demos/share/colcon-core/packages/ros_gz_sim_demos)
[512.025s] INFO:colcon.colcon_ros.task.ament_cmake.build:Building ROS package in '/home/jagdeesh/tracker/src/vision_opencv/image_geometry' with build type 'ament_cmake'
[512.025s] INFO:colcon.colcon_cmake.task.cmake.build:Building CMake package in '/home/jagdeesh/tracker/src/vision_opencv/image_geometry'
[512.025s] INFO:colcon.colcon_core.shell:Skip shell extension 'powershell' for command environment: Not usable outside of PowerShell
[512.025s] DEBUG:colcon.colcon_core.shell:Skip shell extension 'dsv' for command environment
[512.032s] DEBUG:colcon.colcon_core.event_handler.log_command:Invoking command in '/home/jagdeesh/tracker/build/image_geometry': CMAKE_PREFIX_PATH=/opt/ros/humble /usr/bin/cmake /home/jagdeesh/tracker/src/vision_opencv/image_geometry -DCMAKE_BUILD_TYPE=Release -DCMAKE_INSTALL_PREFIX=/home/jagdeesh/tracker/install/image_geometry
[513.489s] DEBUG:colcon.colcon_core.event_handler.log_command:Invoked command in '/home/jagdeesh/tracker/build/image_geometry' returned '0': CMAKE_PREFIX_PATH=/opt/ros/humble /usr/bin/cmake /home/jagdeesh/tracker/src/vision_opencv/image_geometry -DCMAKE_BUILD_TYPE=Release -DCMAKE_INSTALL_PREFIX=/home/jagdeesh/tracker/install/image_geometry
[513.490s] DEBUG:colcon.colcon_core.event_handler.log_command:Invoking command in '/home/jagdeesh/tracker/build/image_geometry': CMAKE_PREFIX_PATH=/opt/ros/humble /usr/bin/cmake --build /home/jagdeesh/tracker/build/image_geometry -- -j12 -l12
[532.995s] DEBUG:colcon.colcon_core.event_handler.log_command:Invoked command in '/home/jagdeesh/tracker/build/px4_msgs' returned '0': CMAKE_PREFIX_PATH=/opt/ros/humble /usr/bin/cmake --build /home/jagdeesh/tracker/build/px4_msgs -- -j12 -l12
[532.998s] DEBUG:colcon.colcon_core.event_handler.log_command:Invoking command in '/home/jagdeesh/tracker/build/px4_msgs': CMAKE_PREFIX_PATH=/opt/ros/humble /usr/bin/cmake --install /home/jagdeesh/tracker/build/px4_msgs
[533.826s] DEBUG:colcon.colcon_core.event_handler.log_command:Invoked command in '/home/jagdeesh/tracker/build/image_geometry' returned '0': CMAKE_PREFIX_PATH=/opt/ros/humble /usr/bin/cmake --build /home/jagdeesh/tracker/build/image_geometry -- -j12 -l12
[533.835s] DEBUG:colcon.colcon_core.event_handler.log_command:Invoking command in '/home/jagdeesh/tracker/build/image_geometry': CMAKE_PREFIX_PATH=/opt/ros/humble /usr/bin/cmake --install /home/jagdeesh/tracker/build/image_geometry
[533.904s] Level 1:colcon.colcon_core.environment:create_environment_scripts_only(image_geometry)
[533.905s] Level 1:colcon.colcon_core.environment:checking '/home/jagdeesh/tracker/install/image_geometry' for CMake module files
[533.906s] DEBUG:colcon.colcon_core.event_handler.log_command:Invoked command in '/home/jagdeesh/tracker/build/image_geometry' returned '0': CMAKE_PREFIX_PATH=/opt/ros/humble /usr/bin/cmake --install /home/jagdeesh/tracker/build/image_geometry
[533.906s] Level 1:colcon.colcon_core.environment:checking '/home/jagdeesh/tracker/install/image_geometry' for CMake config files
[533.907s] Level 1:colcon.colcon_core.shell:create_environment_hook('image_geometry', 'cmake_prefix_path')
[533.908s] INFO:colcon.colcon_core.shell:Creating environment hook '/home/jagdeesh/tracker/install/image_geometry/share/image_geometry/hook/cmake_prefix_path.ps1'
[533.908s] INFO:colcon.colcon_core.shell:Creating environment descriptor '/home/jagdeesh/tracker/install/image_geometry/share/image_geometry/hook/cmake_prefix_path.dsv'
[533.909s] INFO:colcon.colcon_core.shell:Creating environment hook '/home/jagdeesh/tracker/install/image_geometry/share/image_geometry/hook/cmake_prefix_path.sh'
[533.910s] Level 1:colcon.colcon_core.environment:checking '/home/jagdeesh/tracker/install/image_geometry/lib'
[533.910s] Level 1:colcon.colcon_core.shell:create_environment_hook('image_geometry', 'ld_library_path_lib')
[533.910s] INFO:colcon.colcon_core.shell:Creating environment hook '/home/jagdeesh/tracker/install/image_geometry/share/image_geometry/hook/ld_library_path_lib.ps1'
[533.911s] INFO:colcon.colcon_core.shell:Creating environment descriptor '/home/jagdeesh/tracker/install/image_geometry/share/image_geometry/hook/ld_library_path_lib.dsv'
[533.911s] INFO:colcon.colcon_core.shell:Creating environment hook '/home/jagdeesh/tracker/install/image_geometry/share/image_geometry/hook/ld_library_path_lib.sh'
[533.912s] Level 1:colcon.colcon_core.environment:checking '/home/jagdeesh/tracker/install/image_geometry/bin'
[533.912s] Level 1:colcon.colcon_core.environment:checking '/home/jagdeesh/tracker/install/image_geometry/lib/pkgconfig/image_geometry.pc'
[533.912s] Level 1:colcon.colcon_core.environment:checking '/home/jagdeesh/tracker/install/image_geometry/lib/python3.10/site-packages'
[533.913s] Level 1:colcon.colcon_core.environment:checking '/home/jagdeesh/tracker/install/image_geometry/bin'
[533.913s] INFO:colcon.colcon_core.shell:Creating package script '/home/jagdeesh/tracker/install/image_geometry/share/image_geometry/package.ps1'
[533.914s] INFO:colcon.colcon_core.shell:Creating package descriptor '/home/jagdeesh/tracker/install/image_geometry/share/image_geometry/package.dsv'
[533.914s] INFO:colcon.colcon_core.shell:Creating package script '/home/jagdeesh/tracker/install/image_geometry/share/image_geometry/package.sh'
[533.914s] INFO:colcon.colcon_core.shell:Creating package script '/home/jagdeesh/tracker/install/image_geometry/share/image_geometry/package.bash'
[533.915s] INFO:colcon.colcon_core.shell:Creating package script '/home/jagdeesh/tracker/install/image_geometry/share/image_geometry/package.zsh'
[533.915s] Level 1:colcon.colcon_core.environment:create_file_with_runtime_dependencies(/home/jagdeesh/tracker/install/image_geometry/share/colcon-core/packages/image_geometry)
[533.916s] Level 1:colcon.colcon_core.environment:create_environment_scripts_only(image_geometry)
[533.916s] Level 1:colcon.colcon_core.environment:checking '/home/jagdeesh/tracker/install/image_geometry' for CMake module files
[533.917s] Level 1:colcon.colcon_core.environment:checking '/home/jagdeesh/tracker/install/image_geometry' for CMake config files
[533.917s] Level 1:colcon.colcon_core.shell:create_environment_hook('image_geometry', 'cmake_prefix_path')
[533.917s] INFO:colcon.colcon_core.shell:Creating environment hook '/home/jagdeesh/tracker/install/image_geometry/share/image_geometry/hook/cmake_prefix_path.ps1'
[533.918s] INFO:colcon.colcon_core.shell:Creating environment descriptor '/home/jagdeesh/tracker/install/image_geometry/share/image_geometry/hook/cmake_prefix_path.dsv'
[533.918s] INFO:colcon.colcon_core.shell:Creating environment hook '/home/jagdeesh/tracker/install/image_geometry/share/image_geometry/hook/cmake_prefix_path.sh'
[533.919s] Level 1:colcon.colcon_core.environment:checking '/home/jagdeesh/tracker/install/image_geometry/lib'
[533.919s] Level 1:colcon.colcon_core.shell:create_environment_hook('image_geometry', 'ld_library_path_lib')
[533.919s] INFO:colcon.colcon_core.shell:Creating environment hook '/home/jagdeesh/tracker/install/image_geometry/share/image_geometry/hook/ld_library_path_lib.ps1'
[533.920s] INFO:colcon.colcon_core.shell:Creating environment descriptor '/home/jagdeesh/tracker/install/image_geometry/share/image_geometry/hook/ld_library_path_lib.dsv'
[533.920s] INFO:colcon.colcon_core.shell:Creating environment hook '/home/jagdeesh/tracker/install/image_geometry/share/image_geometry/hook/ld_library_path_lib.sh'
[533.920s] Level 1:colcon.colcon_core.environment:checking '/home/jagdeesh/tracker/install/image_geometry/bin'
[533.920s] Level 1:colcon.colcon_core.environment:checking '/home/jagdeesh/tracker/install/image_geometry/lib/pkgconfig/image_geometry.pc'
[533.921s] Level 1:colcon.colcon_core.environment:checking '/home/jagdeesh/tracker/install/image_geometry/lib/python3.10/site-packages'
[533.921s] Level 1:colcon.colcon_core.environment:checking '/home/jagdeesh/tracker/install/image_geometry/bin'
[533.921s] INFO:colcon.colcon_core.shell:Creating package script '/home/jagdeesh/tracker/install/image_geometry/share/image_geometry/package.ps1'
[533.922s] INFO:colcon.colcon_core.shell:Creating package descriptor '/home/jagdeesh/tracker/install/image_geometry/share/image_geometry/package.dsv'
[533.922s] INFO:colcon.colcon_core.shell:Creating package script '/home/jagdeesh/tracker/install/image_geometry/share/image_geometry/package.sh'
[533.923s] INFO:colcon.colcon_core.shell:Creating package script '/home/jagdeesh/tracker/install/image_geometry/share/image_geometry/package.bash'
[533.923s] INFO:colcon.colcon_core.shell:Creating package script '/home/jagdeesh/tracker/install/image_geometry/share/image_geometry/package.zsh'
[533.924s] Level 1:colcon.colcon_core.environment:create_file_with_runtime_dependencies(/home/jagdeesh/tracker/install/image_geometry/share/colcon-core/packages/image_geometry)
[533.924s] INFO:colcon.colcon_ros.task.ament_cmake.build:Building ROS package in '/home/jagdeesh/tracker/src/ros_gz/ros_ign_gazebo' with build type 'ament_cmake'
[533.924s] INFO:colcon.colcon_cmake.task.cmake.build:Building CMake package in '/home/jagdeesh/tracker/src/ros_gz/ros_ign_gazebo'
[533.925s] INFO:colcon.colcon_core.shell:Skip shell extension 'powershell' for command environment: Not usable outside of PowerShell
[533.925s] DEBUG:colcon.colcon_core.shell:Skip shell extension 'dsv' for command environment
[533.935s] DEBUG:colcon.colcon_core.event_handler.log_command:Invoking command in '/home/jagdeesh/tracker/build/ros_ign_gazebo': AMENT_PREFIX_PATH=/home/jagdeesh/tracker/install/ros_gz_sim:${AMENT_PREFIX_PATH} CMAKE_PREFIX_PATH=/home/jagdeesh/tracker/install/ros_gz_sim:/opt/ros/humble LD_LIBRARY_PATH=/home/jagdeesh/tracker/install/ros_gz_sim/lib:${LD_LIBRARY_PATH} /usr/bin/cmake /home/jagdeesh/tracker/src/ros_gz/ros_ign_gazebo -DCMAKE_BUILD_TYPE=Release -DCMAKE_INSTALL_PREFIX=/home/jagdeesh/tracker/install/ros_ign_gazebo
[534.513s] Level 1:colcon.colcon_core.environment:create_environment_scripts_only(px4_msgs)
[534.513s] Level 1:colcon.colcon_core.environment:checking '/home/jagdeesh/tracker/install/px4_msgs' for CMake module files
[534.514s] DEBUG:colcon.colcon_core.event_handler.log_command:Invoked command in '/home/jagdeesh/tracker/build/px4_msgs' returned '0': CMAKE_PREFIX_PATH=/opt/ros/humble /usr/bin/cmake --install /home/jagdeesh/tracker/build/px4_msgs
[534.515s] Level 1:colcon.colcon_core.environment:checking '/home/jagdeesh/tracker/install/px4_msgs' for CMake config files
[534.515s] Level 1:colcon.colcon_core.shell:create_environment_hook('px4_msgs', 'cmake_prefix_path')
[534.515s] INFO:colcon.colcon_core.shell:Creating environment hook '/home/jagdeesh/tracker/install/px4_msgs/share/px4_msgs/hook/cmake_prefix_path.ps1'
[534.516s] INFO:colcon.colcon_core.shell:Creating environment descriptor '/home/jagdeesh/tracker/install/px4_msgs/share/px4_msgs/hook/cmake_prefix_path.dsv'
[534.517s] INFO:colcon.colcon_core.shell:Creating environment hook '/home/jagdeesh/tracker/install/px4_msgs/share/px4_msgs/hook/cmake_prefix_path.sh'
[534.517s] Level 1:colcon.colcon_core.environment:checking '/home/jagdeesh/tracker/install/px4_msgs/lib'
[534.518s] Level 1:colcon.colcon_core.shell:create_environment_hook('px4_msgs', 'ld_library_path_lib')
[534.518s] INFO:colcon.colcon_core.shell:Creating environment hook '/home/jagdeesh/tracker/install/px4_msgs/share/px4_msgs/hook/ld_library_path_lib.ps1'
[534.519s] INFO:colcon.colcon_core.shell:Creating environment descriptor '/home/jagdeesh/tracker/install/px4_msgs/share/px4_msgs/hook/ld_library_path_lib.dsv'
[534.519s] INFO:colcon.colcon_core.shell:Creating environment hook '/home/jagdeesh/tracker/install/px4_msgs/share/px4_msgs/hook/ld_library_path_lib.sh'
[534.520s] Level 1:colcon.colcon_core.environment:checking '/home/jagdeesh/tracker/install/px4_msgs/bin'
[534.520s] Level 1:colcon.colcon_core.environment:checking '/home/jagdeesh/tracker/install/px4_msgs/lib/pkgconfig/px4_msgs.pc'
[534.520s] Level 1:colcon.colcon_core.environment:checking '/home/jagdeesh/tracker/install/px4_msgs/lib/python3.10/site-packages'
[534.521s] Level 1:colcon.colcon_core.environment:checking '/home/jagdeesh/tracker/install/px4_msgs/bin'
[534.521s] INFO:colcon.colcon_core.shell:Creating package script '/home/jagdeesh/tracker/install/px4_msgs/share/px4_msgs/package.ps1'
[534.522s] INFO:colcon.colcon_core.shell:Creating package descriptor '/home/jagdeesh/tracker/install/px4_msgs/share/px4_msgs/package.dsv'
[534.523s] INFO:colcon.colcon_core.shell:Creating package script '/home/jagdeesh/tracker/install/px4_msgs/share/px4_msgs/package.sh'
[534.523s] INFO:colcon.colcon_core.shell:Creating package script '/home/jagdeesh/tracker/install/px4_msgs/share/px4_msgs/package.bash'
[534.524s] INFO:colcon.colcon_core.shell:Creating package script '/home/jagdeesh/tracker/install/px4_msgs/share/px4_msgs/package.zsh'
[534.524s] Level 1:colcon.colcon_core.environment:create_file_with_runtime_dependencies(/home/jagdeesh/tracker/install/px4_msgs/share/colcon-core/packages/px4_msgs)
[534.526s] Level 1:colcon.colcon_core.environment:create_environment_scripts_only(px4_msgs)
[534.526s] Level 1:colcon.colcon_core.environment:checking '/home/jagdeesh/tracker/install/px4_msgs' for CMake module files
[534.527s] Level 1:colcon.colcon_core.environment:checking '/home/jagdeesh/tracker/install/px4_msgs' for CMake config files
[534.527s] Level 1:colcon.colcon_core.shell:create_environment_hook('px4_msgs', 'cmake_prefix_path')
[534.528s] INFO:colcon.colcon_core.shell:Creating environment hook '/home/jagdeesh/tracker/install/px4_msgs/share/px4_msgs/hook/cmake_prefix_path.ps1'
[534.528s] INFO:colcon.colcon_core.shell:Creating environment descriptor '/home/jagdeesh/tracker/install/px4_msgs/share/px4_msgs/hook/cmake_prefix_path.dsv'
[534.529s] INFO:colcon.colcon_core.shell:Creating environment hook '/home/jagdeesh/tracker/install/px4_msgs/share/px4_msgs/hook/cmake_prefix_path.sh'
[534.529s] Level 1:colcon.colcon_core.environment:checking '/home/jagdeesh/tracker/install/px4_msgs/lib'
[534.530s] Level 1:colcon.colcon_core.shell:create_environment_hook('px4_msgs', 'ld_library_path_lib')
[534.530s] INFO:colcon.colcon_core.shell:Creating environment hook '/home/jagdeesh/tracker/install/px4_msgs/share/px4_msgs/hook/ld_library_path_lib.ps1'
[534.530s] INFO:colcon.colcon_core.shell:Creating environment descriptor '/home/jagdeesh/tracker/install/px4_msgs/share/px4_msgs/hook/ld_library_path_lib.dsv'
[534.531s] INFO:colcon.colcon_core.shell:Creating environment hook '/home/jagdeesh/tracker/install/px4_msgs/share/px4_msgs/hook/ld_library_path_lib.sh'
[534.531s] Level 1:colcon.colcon_core.environment:checking '/home/jagdeesh/tracker/install/px4_msgs/bin'
[534.532s] Level 1:colcon.colcon_core.environment:checking '/home/jagdeesh/tracker/install/px4_msgs/lib/pkgconfig/px4_msgs.pc'
[534.532s] Level 1:colcon.colcon_core.environment:checking '/home/jagdeesh/tracker/install/px4_msgs/lib/python3.10/site-packages'
[534.532s] Level 1:colcon.colcon_core.environment:checking '/home/jagdeesh/tracker/install/px4_msgs/bin'
[534.533s] INFO:colcon.colcon_core.shell:Creating package script '/home/jagdeesh/tracker/install/px4_msgs/share/px4_msgs/package.ps1'
[534.534s] INFO:colcon.colcon_core.shell:Creating package descriptor '/home/jagdeesh/tracker/install/px4_msgs/share/px4_msgs/package.dsv'
[534.535s] INFO:colcon.colcon_core.shell:Creating package script '/home/jagdeesh/tracker/install/px4_msgs/share/px4_msgs/package.sh'
[534.535s] INFO:colcon.colcon_core.shell:Creating package script '/home/jagdeesh/tracker/install/px4_msgs/share/px4_msgs/package.bash'
[534.536s] INFO:colcon.colcon_core.shell:Creating package script '/home/jagdeesh/tracker/install/px4_msgs/share/px4_msgs/package.zsh'
[534.536s] Level 1:colcon.colcon_core.environment:create_file_with_runtime_dependencies(/home/jagdeesh/tracker/install/px4_msgs/share/colcon-core/packages/px4_msgs)
[534.537s] INFO:colcon.colcon_ros.task.ament_cmake.build:Building ROS package in '/home/jagdeesh/tracker/src/px4-ros2-interface-lib/px4_ros2_cpp' with build type 'ament_cmake'
[534.537s] INFO:colcon.colcon_cmake.task.cmake.build:Building CMake package in '/home/jagdeesh/tracker/src/px4-ros2-interface-lib/px4_ros2_cpp'
[534.538s] INFO:colcon.colcon_core.shell:Skip shell extension 'powershell' for command environment: Not usable outside of PowerShell
[534.538s] DEBUG:colcon.colcon_core.shell:Skip shell extension 'dsv' for command environment
[534.551s] DEBUG:colcon.colcon_core.event_handler.log_command:Invoking command in '/home/jagdeesh/tracker/build/px4_ros2_cpp': AMENT_PREFIX_PATH=/home/jagdeesh/tracker/install/px4_msgs:${AMENT_PREFIX_PATH} CMAKE_PREFIX_PATH=/home/jagdeesh/tracker/install/px4_msgs:/opt/ros/humble LD_LIBRARY_PATH=/home/jagdeesh/tracker/install/px4_msgs/lib:${LD_LIBRARY_PATH} PYTHONPATH=/home/jagdeesh/tracker/install/px4_msgs/local/lib/python3.10/dist-packages:${PYTHONPATH} /usr/bin/cmake /home/jagdeesh/tracker/src/px4-ros2-interface-lib/px4_ros2_cpp -DCMAKE_BUILD_TYPE=Release -DCMAKE_INSTALL_PREFIX=/home/jagdeesh/tracker/install/px4_ros2_cpp
[535.804s] DEBUG:colcon.colcon_core.event_handler.log_command:Invoked command in '/home/jagdeesh/tracker/build/px4_ros2_cpp' returned '0': AMENT_PREFIX_PATH=/home/jagdeesh/tracker/install/px4_msgs:${AMENT_PREFIX_PATH} CMAKE_PREFIX_PATH=/home/jagdeesh/tracker/install/px4_msgs:/opt/ros/humble LD_LIBRARY_PATH=/home/jagdeesh/tracker/install/px4_msgs/lib:${LD_LIBRARY_PATH} PYTHONPATH=/home/jagdeesh/tracker/install/px4_msgs/local/lib/python3.10/dist-packages:${PYTHONPATH} /usr/bin/cmake /home/jagdeesh/tracker/src/px4-ros2-interface-lib/px4_ros2_cpp -DCMAKE_BUILD_TYPE=Release -DCMAKE_INSTALL_PREFIX=/home/jagdeesh/tracker/install/px4_ros2_cpp
[535.806s] DEBUG:colcon.colcon_core.event_handler.log_command:Invoking command in '/home/jagdeesh/tracker/build/px4_ros2_cpp': AMENT_PREFIX_PATH=/home/jagdeesh/tracker/install/px4_msgs:${AMENT_PREFIX_PATH} CMAKE_PREFIX_PATH=/home/jagdeesh/tracker/install/px4_msgs:/opt/ros/humble LD_LIBRARY_PATH=/home/jagdeesh/tracker/install/px4_msgs/lib:${LD_LIBRARY_PATH} PYTHONPATH=/home/jagdeesh/tracker/install/px4_msgs/local/lib/python3.10/dist-packages:${PYTHONPATH} /usr/bin/cmake --build /home/jagdeesh/tracker/build/px4_ros2_cpp -- -j12 -l12
[535.840s] DEBUG:colcon.colcon_core.event_handler.log_command:Invoked command in '/home/jagdeesh/tracker/build/ros_ign_gazebo' returned '0': AMENT_PREFIX_PATH=/home/jagdeesh/tracker/install/ros_gz_sim:${AMENT_PREFIX_PATH} CMAKE_PREFIX_PATH=/home/jagdeesh/tracker/install/ros_gz_sim:/opt/ros/humble LD_LIBRARY_PATH=/home/jagdeesh/tracker/install/ros_gz_sim/lib:${LD_LIBRARY_PATH} /usr/bin/cmake /home/jagdeesh/tracker/src/ros_gz/ros_ign_gazebo -DCMAKE_BUILD_TYPE=Release -DCMAKE_INSTALL_PREFIX=/home/jagdeesh/tracker/install/ros_ign_gazebo
[535.842s] DEBUG:colcon.colcon_core.event_handler.log_command:Invoking command in '/home/jagdeesh/tracker/build/ros_ign_gazebo': AMENT_PREFIX_PATH=/home/jagdeesh/tracker/install/ros_gz_sim:${AMENT_PREFIX_PATH} CMAKE_PREFIX_PATH=/home/jagdeesh/tracker/install/ros_gz_sim:/opt/ros/humble LD_LIBRARY_PATH=/home/jagdeesh/tracker/install/ros_gz_sim/lib:${LD_LIBRARY_PATH} /usr/bin/cmake --build /home/jagdeesh/tracker/build/ros_ign_gazebo -- -j12 -l12
[537.097s] DEBUG:colcon.colcon_core.event_handler.log_command:Invoked command in '/home/jagdeesh/tracker/build/ros_ign_gazebo' returned '0': AMENT_PREFIX_PATH=/home/jagdeesh/tracker/install/ros_gz_sim:${AMENT_PREFIX_PATH} CMAKE_PREFIX_PATH=/home/jagdeesh/tracker/install/ros_gz_sim:/opt/ros/humble LD_LIBRARY_PATH=/home/jagdeesh/tracker/install/ros_gz_sim/lib:${LD_LIBRARY_PATH} /usr/bin/cmake --build /home/jagdeesh/tracker/build/ros_ign_gazebo -- -j12 -l12
[537.105s] DEBUG:colcon.colcon_core.event_handler.log_command:Invoking command in '/home/jagdeesh/tracker/build/ros_ign_gazebo': AMENT_PREFIX_PATH=/home/jagdeesh/tracker/install/ros_gz_sim:${AMENT_PREFIX_PATH} CMAKE_PREFIX_PATH=/home/jagdeesh/tracker/install/ros_gz_sim:/opt/ros/humble LD_LIBRARY_PATH=/home/jagdeesh/tracker/install/ros_gz_sim/lib:${LD_LIBRARY_PATH} /usr/bin/cmake --install /home/jagdeesh/tracker/build/ros_ign_gazebo
[537.146s] Level 1:colcon.colcon_core.environment:create_environment_scripts_only(ros_ign_gazebo)
[537.147s] Level 1:colcon.colcon_core.environment:checking '/home/jagdeesh/tracker/install/ros_ign_gazebo' for CMake module files
[537.149s] Level 1:colcon.colcon_core.environment:checking '/home/jagdeesh/tracker/install/ros_ign_gazebo' for CMake config files
[537.152s] Level 1:colcon.colcon_core.shell:create_environment_hook('ros_ign_gazebo', 'cmake_prefix_path')
[537.153s] INFO:colcon.colcon_core.shell:Creating environment hook '/home/jagdeesh/tracker/install/ros_ign_gazebo/share/ros_ign_gazebo/hook/cmake_prefix_path.ps1'
[537.156s] DEBUG:colcon.colcon_core.event_handler.log_command:Invoked command in '/home/jagdeesh/tracker/build/ros_ign_gazebo' returned '0': AMENT_PREFIX_PATH=/home/jagdeesh/tracker/install/ros_gz_sim:${AMENT_PREFIX_PATH} CMAKE_PREFIX_PATH=/home/jagdeesh/tracker/install/ros_gz_sim:/opt/ros/humble LD_LIBRARY_PATH=/home/jagdeesh/tracker/install/ros_gz_sim/lib:${LD_LIBRARY_PATH} /usr/bin/cmake --install /home/jagdeesh/tracker/build/ros_ign_gazebo
[537.158s] INFO:colcon.colcon_core.shell:Creating environment descriptor '/home/jagdeesh/tracker/install/ros_ign_gazebo/share/ros_ign_gazebo/hook/cmake_prefix_path.dsv'
[537.159s] INFO:colcon.colcon_core.shell:Creating environment hook '/home/jagdeesh/tracker/install/ros_ign_gazebo/share/ros_ign_gazebo/hook/cmake_prefix_path.sh'
[537.162s] Level 1:colcon.colcon_core.environment:checking '/home/jagdeesh/tracker/install/ros_ign_gazebo/lib'
[537.163s] Level 1:colcon.colcon_core.environment:checking '/home/jagdeesh/tracker/install/ros_ign_gazebo/bin'
[537.164s] Level 1:colcon.colcon_core.environment:checking '/home/jagdeesh/tracker/install/ros_ign_gazebo/lib/pkgconfig/ros_ign_gazebo.pc'
[537.164s] Level 1:colcon.colcon_core.environment:checking '/home/jagdeesh/tracker/install/ros_ign_gazebo/lib/python3.10/site-packages'
[537.166s] Level 1:colcon.colcon_core.environment:checking '/home/jagdeesh/tracker/install/ros_ign_gazebo/bin'
[537.169s] INFO:colcon.colcon_core.shell:Creating package script '/home/jagdeesh/tracker/install/ros_ign_gazebo/share/ros_ign_gazebo/package.ps1'
[537.170s] INFO:colcon.colcon_core.shell:Creating package descriptor '/home/jagdeesh/tracker/install/ros_ign_gazebo/share/ros_ign_gazebo/package.dsv'
[537.172s] INFO:colcon.colcon_core.shell:Creating package script '/home/jagdeesh/tracker/install/ros_ign_gazebo/share/ros_ign_gazebo/package.sh'
[537.174s] INFO:colcon.colcon_core.shell:Creating package script '/home/jagdeesh/tracker/install/ros_ign_gazebo/share/ros_ign_gazebo/package.bash'
[537.175s] INFO:colcon.colcon_core.shell:Creating package script '/home/jagdeesh/tracker/install/ros_ign_gazebo/share/ros_ign_gazebo/package.zsh'
[537.177s] Level 1:colcon.colcon_core.environment:create_file_with_runtime_dependencies(/home/jagdeesh/tracker/install/ros_ign_gazebo/share/colcon-core/packages/ros_ign_gazebo)
[537.180s] Level 1:colcon.colcon_core.environment:create_environment_scripts_only(ros_ign_gazebo)
[537.181s] Level 1:colcon.colcon_core.environment:checking '/home/jagdeesh/tracker/install/ros_ign_gazebo' for CMake module files
[537.183s] Level 1:colcon.colcon_core.environment:checking '/home/jagdeesh/tracker/install/ros_ign_gazebo' for CMake config files
[537.184s] Level 1:colcon.colcon_core.shell:create_environment_hook('ros_ign_gazebo', 'cmake_prefix_path')
[537.185s] INFO:colcon.colcon_core.shell:Creating environment hook '/home/jagdeesh/tracker/install/ros_ign_gazebo/share/ros_ign_gazebo/hook/cmake_prefix_path.ps1'
[537.187s] INFO:colcon.colcon_core.shell:Creating environment descriptor '/home/jagdeesh/tracker/install/ros_ign_gazebo/share/ros_ign_gazebo/hook/cmake_prefix_path.dsv'
[537.195s] INFO:colcon.colcon_core.shell:Creating environment hook '/home/jagdeesh/tracker/install/ros_ign_gazebo/share/ros_ign_gazebo/hook/cmake_prefix_path.sh'
[537.198s] Level 1:colcon.colcon_core.environment:checking '/home/jagdeesh/tracker/install/ros_ign_gazebo/lib'
[537.201s] Level 1:colcon.colcon_core.environment:checking '/home/jagdeesh/tracker/install/ros_ign_gazebo/bin'
[537.201s] Level 1:colcon.colcon_core.environment:checking '/home/jagdeesh/tracker/install/ros_ign_gazebo/lib/pkgconfig/ros_ign_gazebo.pc'
[537.202s] Level 1:colcon.colcon_core.environment:checking '/home/jagdeesh/tracker/install/ros_ign_gazebo/lib/python3.10/site-packages'
[537.204s] Level 1:colcon.colcon_core.environment:checking '/home/jagdeesh/tracker/install/ros_ign_gazebo/bin'
[537.205s] INFO:colcon.colcon_core.shell:Creating package script '/home/jagdeesh/tracker/install/ros_ign_gazebo/share/ros_ign_gazebo/package.ps1'
[537.207s] INFO:colcon.colcon_core.shell:Creating package descriptor '/home/jagdeesh/tracker/install/ros_ign_gazebo/share/ros_ign_gazebo/package.dsv'
[537.209s] INFO:colcon.colcon_core.shell:Creating package script '/home/jagdeesh/tracker/install/ros_ign_gazebo/share/ros_ign_gazebo/package.sh'
[537.215s] INFO:colcon.colcon_core.shell:Creating package script '/home/jagdeesh/tracker/install/ros_ign_gazebo/share/ros_ign_gazebo/package.bash'
[537.218s] INFO:colcon.colcon_core.shell:Creating package script '/home/jagdeesh/tracker/install/ros_ign_gazebo/share/ros_ign_gazebo/package.zsh'
[537.223s] Level 1:colcon.colcon_core.environment:create_file_with_runtime_dependencies(/home/jagdeesh/tracker/install/ros_ign_gazebo/share/colcon-core/packages/ros_ign_gazebo)
[537.226s] INFO:colcon.colcon_ros.task.ament_cmake.build:Building ROS package in '/home/jagdeesh/tracker/src/ros_gz/ros_ign_bridge' with build type 'ament_cmake'
[537.228s] INFO:colcon.colcon_cmake.task.cmake.build:Building CMake package in '/home/jagdeesh/tracker/src/ros_gz/ros_ign_bridge'
[537.228s] INFO:colcon.colcon_core.shell:Skip shell extension 'powershell' for command environment: Not usable outside of PowerShell
[537.229s] DEBUG:colcon.colcon_core.shell:Skip shell extension 'dsv' for command environment
[537.298s] DEBUG:colcon.colcon_core.event_handler.log_command:Invoking command in '/home/jagdeesh/tracker/build/ros_ign_bridge': AMENT_PREFIX_PATH=/home/jagdeesh/tracker/install/ros_gz_bridge:/home/jagdeesh/tracker/install/ros_gz_interfaces:${AMENT_PREFIX_PATH} CMAKE_PREFIX_PATH=/home/jagdeesh/tracker/install/ros_gz_bridge:/home/jagdeesh/tracker/install/ros_gz_interfaces:/opt/ros/humble LD_LIBRARY_PATH=/home/jagdeesh/tracker/install/ros_gz_bridge/lib:/home/jagdeesh/tracker/install/ros_gz_interfaces/lib:${LD_LIBRARY_PATH} PYTHONPATH=/home/jagdeesh/tracker/install/ros_gz_interfaces/local/lib/python3.10/dist-packages:${PYTHONPATH} /usr/bin/cmake /home/jagdeesh/tracker/src/ros_gz/ros_ign_bridge -DCMAKE_BUILD_TYPE=Release -DCMAKE_INSTALL_PREFIX=/home/jagdeesh/tracker/install/ros_ign_bridge
[540.362s] DEBUG:colcon.colcon_core.event_handler.log_command:Invoked command in '/home/jagdeesh/tracker/build/ros_ign_bridge' returned '0': AMENT_PREFIX_PATH=/home/jagdeesh/tracker/install/ros_gz_bridge:/home/jagdeesh/tracker/install/ros_gz_interfaces:${AMENT_PREFIX_PATH} CMAKE_PREFIX_PATH=/home/jagdeesh/tracker/install/ros_gz_bridge:/home/jagdeesh/tracker/install/ros_gz_interfaces:/opt/ros/humble LD_LIBRARY_PATH=/home/jagdeesh/tracker/install/ros_gz_bridge/lib:/home/jagdeesh/tracker/install/ros_gz_interfaces/lib:${LD_LIBRARY_PATH} PYTHONPATH=/home/jagdeesh/tracker/install/ros_gz_interfaces/local/lib/python3.10/dist-packages:${PYTHONPATH} /usr/bin/cmake /home/jagdeesh/tracker/src/ros_gz/ros_ign_bridge -DCMAKE_BUILD_TYPE=Release -DCMAKE_INSTALL_PREFIX=/home/jagdeesh/tracker/install/ros_ign_bridge
[540.363s] DEBUG:colcon.colcon_core.event_handler.log_command:Invoking command in '/home/jagdeesh/tracker/build/ros_ign_bridge': AMENT_PREFIX_PATH=/home/jagdeesh/tracker/install/ros_gz_bridge:/home/jagdeesh/tracker/install/ros_gz_interfaces:${AMENT_PREFIX_PATH} CMAKE_PREFIX_PATH=/home/jagdeesh/tracker/install/ros_gz_bridge:/home/jagdeesh/tracker/install/ros_gz_interfaces:/opt/ros/humble LD_LIBRARY_PATH=/home/jagdeesh/tracker/install/ros_gz_bridge/lib:/home/jagdeesh/tracker/install/ros_gz_interfaces/lib:${LD_LIBRARY_PATH} PYTHONPATH=/home/jagdeesh/tracker/install/ros_gz_interfaces/local/lib/python3.10/dist-packages:${PYTHONPATH} /usr/bin/cmake --build /home/jagdeesh/tracker/build/ros_ign_bridge -- -j12 -l12
[542.087s] DEBUG:colcon.colcon_core.event_handler.log_command:Invoked command in '/home/jagdeesh/tracker/build/ros_ign_bridge' returned '0': AMENT_PREFIX_PATH=/home/jagdeesh/tracker/install/ros_gz_bridge:/home/jagdeesh/tracker/install/ros_gz_interfaces:${AMENT_PREFIX_PATH} CMAKE_PREFIX_PATH=/home/jagdeesh/tracker/install/ros_gz_bridge:/home/jagdeesh/tracker/install/ros_gz_interfaces:/opt/ros/humble LD_LIBRARY_PATH=/home/jagdeesh/tracker/install/ros_gz_bridge/lib:/home/jagdeesh/tracker/install/ros_gz_interfaces/lib:${LD_LIBRARY_PATH} PYTHONPATH=/home/jagdeesh/tracker/install/ros_gz_interfaces/local/lib/python3.10/dist-packages:${PYTHONPATH} /usr/bin/cmake --build /home/jagdeesh/tracker/build/ros_ign_bridge -- -j12 -l12
[542.098s] DEBUG:colcon.colcon_core.event_handler.log_command:Invoking command in '/home/jagdeesh/tracker/build/ros_ign_bridge': AMENT_PREFIX_PATH=/home/jagdeesh/tracker/install/ros_gz_bridge:/home/jagdeesh/tracker/install/ros_gz_interfaces:${AMENT_PREFIX_PATH} CMAKE_PREFIX_PATH=/home/jagdeesh/tracker/install/ros_gz_bridge:/home/jagdeesh/tracker/install/ros_gz_interfaces:/opt/ros/humble LD_LIBRARY_PATH=/home/jagdeesh/tracker/install/ros_gz_bridge/lib:/home/jagdeesh/tracker/install/ros_gz_interfaces/lib:${LD_LIBRARY_PATH} PYTHONPATH=/home/jagdeesh/tracker/install/ros_gz_interfaces/local/lib/python3.10/dist-packages:${PYTHONPATH} /usr/bin/cmake --install /home/jagdeesh/tracker/build/ros_ign_bridge
[542.142s] Level 1:colcon.colcon_core.environment:create_environment_scripts_only(ros_ign_bridge)
[542.143s] Level 1:colcon.colcon_core.environment:checking '/home/jagdeesh/tracker/install/ros_ign_bridge' for CMake module files
[542.144s] Level 1:colcon.colcon_core.environment:checking '/home/jagdeesh/tracker/install/ros_ign_bridge' for CMake config files
[542.145s] Level 1:colcon.colcon_core.shell:create_environment_hook('ros_ign_bridge', 'cmake_prefix_path')
[542.150s] INFO:colcon.colcon_core.shell:Creating environment hook '/home/jagdeesh/tracker/install/ros_ign_bridge/share/ros_ign_bridge/hook/cmake_prefix_path.ps1'
[542.151s] DEBUG:colcon.colcon_core.event_handler.log_command:Invoked command in '/home/jagdeesh/tracker/build/ros_ign_bridge' returned '0': AMENT_PREFIX_PATH=/home/jagdeesh/tracker/install/ros_gz_bridge:/home/jagdeesh/tracker/install/ros_gz_interfaces:${AMENT_PREFIX_PATH} CMAKE_PREFIX_PATH=/home/jagdeesh/tracker/install/ros_gz_bridge:/home/jagdeesh/tracker/install/ros_gz_interfaces:/opt/ros/humble LD_LIBRARY_PATH=/home/jagdeesh/tracker/install/ros_gz_bridge/lib:/home/jagdeesh/tracker/install/ros_gz_interfaces/lib:${LD_LIBRARY_PATH} PYTHONPATH=/home/jagdeesh/tracker/install/ros_gz_interfaces/local/lib/python3.10/dist-packages:${PYTHONPATH} /usr/bin/cmake --install /home/jagdeesh/tracker/build/ros_ign_bridge
[542.154s] INFO:colcon.colcon_core.shell:Creating environment descriptor '/home/jagdeesh/tracker/install/ros_ign_bridge/share/ros_ign_bridge/hook/cmake_prefix_path.dsv'
[542.156s] INFO:colcon.colcon_core.shell:Creating environment hook '/home/jagdeesh/tracker/install/ros_ign_bridge/share/ros_ign_bridge/hook/cmake_prefix_path.sh'
[542.158s] Level 1:colcon.colcon_core.environment:checking '/home/jagdeesh/tracker/install/ros_ign_bridge/lib'
[542.158s] Level 1:colcon.colcon_core.environment:checking '/home/jagdeesh/tracker/install/ros_ign_bridge/bin'
[542.159s] Level 1:colcon.colcon_core.environment:checking '/home/jagdeesh/tracker/install/ros_ign_bridge/lib/pkgconfig/ros_ign_bridge.pc'
[542.159s] Level 1:colcon.colcon_core.environment:checking '/home/jagdeesh/tracker/install/ros_ign_bridge/lib/python3.10/site-packages'
[542.160s] Level 1:colcon.colcon_core.environment:checking '/home/jagdeesh/tracker/install/ros_ign_bridge/bin'
[542.168s] INFO:colcon.colcon_core.shell:Creating package script '/home/jagdeesh/tracker/install/ros_ign_bridge/share/ros_ign_bridge/package.ps1'
[542.169s] INFO:colcon.colcon_core.shell:Creating package descriptor '/home/jagdeesh/tracker/install/ros_ign_bridge/share/ros_ign_bridge/package.dsv'
[542.174s] INFO:colcon.colcon_core.shell:Creating package script '/home/jagdeesh/tracker/install/ros_ign_bridge/share/ros_ign_bridge/package.sh'
[542.175s] INFO:colcon.colcon_core.shell:Creating package script '/home/jagdeesh/tracker/install/ros_ign_bridge/share/ros_ign_bridge/package.bash'
[542.180s] INFO:colcon.colcon_core.shell:Creating package script '/home/jagdeesh/tracker/install/ros_ign_bridge/share/ros_ign_bridge/package.zsh'
[542.181s] Level 1:colcon.colcon_core.environment:create_file_with_runtime_dependencies(/home/jagdeesh/tracker/install/ros_ign_bridge/share/colcon-core/packages/ros_ign_bridge)
[542.183s] Level 1:colcon.colcon_core.environment:create_environment_scripts_only(ros_ign_bridge)
[542.187s] Level 1:colcon.colcon_core.environment:checking '/home/jagdeesh/tracker/install/ros_ign_bridge' for CMake module files
[542.189s] Level 1:colcon.colcon_core.environment:checking '/home/jagdeesh/tracker/install/ros_ign_bridge' for CMake config files
[542.190s] Level 1:colcon.colcon_core.shell:create_environment_hook('ros_ign_bridge', 'cmake_prefix_path')
[542.190s] INFO:colcon.colcon_core.shell:Creating environment hook '/home/jagdeesh/tracker/install/ros_ign_bridge/share/ros_ign_bridge/hook/cmake_prefix_path.ps1'
[542.195s] INFO:colcon.colcon_core.shell:Creating environment descriptor '/home/jagdeesh/tracker/install/ros_ign_bridge/share/ros_ign_bridge/hook/cmake_prefix_path.dsv'
[542.199s] INFO:colcon.colcon_core.shell:Creating environment hook '/home/jagdeesh/tracker/install/ros_ign_bridge/share/ros_ign_bridge/hook/cmake_prefix_path.sh'
[542.201s] Level 1:colcon.colcon_core.environment:checking '/home/jagdeesh/tracker/install/ros_ign_bridge/lib'
[542.201s] Level 1:colcon.colcon_core.environment:checking '/home/jagdeesh/tracker/install/ros_ign_bridge/bin'
[542.202s] Level 1:colcon.colcon_core.environment:checking '/home/jagdeesh/tracker/install/ros_ign_bridge/lib/pkgconfig/ros_ign_bridge.pc'
[542.202s] Level 1:colcon.colcon_core.environment:checking '/home/jagdeesh/tracker/install/ros_ign_bridge/lib/python3.10/site-packages'
[542.207s] Level 1:colcon.colcon_core.environment:checking '/home/jagdeesh/tracker/install/ros_ign_bridge/bin'
[542.208s] INFO:colcon.colcon_core.shell:Creating package script '/home/jagdeesh/tracker/install/ros_ign_bridge/share/ros_ign_bridge/package.ps1'
[542.213s] INFO:colcon.colcon_core.shell:Creating package descriptor '/home/jagdeesh/tracker/install/ros_ign_bridge/share/ros_ign_bridge/package.dsv'
[542.216s] INFO:colcon.colcon_core.shell:Creating package script '/home/jagdeesh/tracker/install/ros_ign_bridge/share/ros_ign_bridge/package.sh'
[542.220s] INFO:colcon.colcon_core.shell:Creating package script '/home/jagdeesh/tracker/install/ros_ign_bridge/share/ros_ign_bridge/package.bash'
[542.222s] INFO:colcon.colcon_core.shell:Creating package script '/home/jagdeesh/tracker/install/ros_ign_bridge/share/ros_ign_bridge/package.zsh'
[542.226s] Level 1:colcon.colcon_core.environment:create_file_with_runtime_dependencies(/home/jagdeesh/tracker/install/ros_ign_bridge/share/colcon-core/packages/ros_ign_bridge)
[542.227s] INFO:colcon.colcon_ros.task.ament_cmake.build:Building ROS package in '/home/jagdeesh/tracker/src/ros_gz/ros_ign_image' with build type 'ament_cmake'
[542.228s] INFO:colcon.colcon_cmake.task.cmake.build:Building CMake package in '/home/jagdeesh/tracker/src/ros_gz/ros_ign_image'
[542.229s] INFO:colcon.colcon_core.shell:Skip shell extension 'powershell' for command environment: Not usable outside of PowerShell
[542.229s] DEBUG:colcon.colcon_core.shell:Skip shell extension 'dsv' for command environment
[542.315s] DEBUG:colcon.colcon_core.event_handler.log_command:Invoking command in '/home/jagdeesh/tracker/build/ros_ign_image': AMENT_PREFIX_PATH=/home/jagdeesh/tracker/install/ros_gz_image:/home/jagdeesh/tracker/install/ros_gz_bridge:/home/jagdeesh/tracker/install/ros_gz_interfaces:${AMENT_PREFIX_PATH} CMAKE_PREFIX_PATH=/home/jagdeesh/tracker/install/ros_gz_image:/home/jagdeesh/tracker/install/ros_gz_bridge:/home/jagdeesh/tracker/install/ros_gz_interfaces:/opt/ros/humble LD_LIBRARY_PATH=/home/jagdeesh/tracker/install/ros_gz_bridge/lib:/home/jagdeesh/tracker/install/ros_gz_interfaces/lib:${LD_LIBRARY_PATH} PYTHONPATH=/home/jagdeesh/tracker/install/ros_gz_interfaces/local/lib/python3.10/dist-packages:${PYTHONPATH} /usr/bin/cmake /home/jagdeesh/tracker/src/ros_gz/ros_ign_image -DCMAKE_BUILD_TYPE=Release -DCMAKE_INSTALL_PREFIX=/home/jagdeesh/tracker/install/ros_ign_image
[544.761s] DEBUG:colcon.colcon_core.event_handler.log_command:Invoked command in '/home/jagdeesh/tracker/build/ros_ign_image' returned '0': AMENT_PREFIX_PATH=/home/jagdeesh/tracker/install/ros_gz_image:/home/jagdeesh/tracker/install/ros_gz_bridge:/home/jagdeesh/tracker/install/ros_gz_interfaces:${AMENT_PREFIX_PATH} CMAKE_PREFIX_PATH=/home/jagdeesh/tracker/install/ros_gz_image:/home/jagdeesh/tracker/install/ros_gz_bridge:/home/jagdeesh/tracker/install/ros_gz_interfaces:/opt/ros/humble LD_LIBRARY_PATH=/home/jagdeesh/tracker/install/ros_gz_bridge/lib:/home/jagdeesh/tracker/install/ros_gz_interfaces/lib:${LD_LIBRARY_PATH} PYTHONPATH=/home/jagdeesh/tracker/install/ros_gz_interfaces/local/lib/python3.10/dist-packages:${PYTHONPATH} /usr/bin/cmake /home/jagdeesh/tracker/src/ros_gz/ros_ign_image -DCMAKE_BUILD_TYPE=Release -DCMAKE_INSTALL_PREFIX=/home/jagdeesh/tracker/install/ros_ign_image
[544.762s] DEBUG:colcon.colcon_core.event_handler.log_command:Invoking command in '/home/jagdeesh/tracker/build/ros_ign_image': AMENT_PREFIX_PATH=/home/jagdeesh/tracker/install/ros_gz_image:/home/jagdeesh/tracker/install/ros_gz_bridge:/home/jagdeesh/tracker/install/ros_gz_interfaces:${AMENT_PREFIX_PATH} CMAKE_PREFIX_PATH=/home/jagdeesh/tracker/install/ros_gz_image:/home/jagdeesh/tracker/install/ros_gz_bridge:/home/jagdeesh/tracker/install/ros_gz_interfaces:/opt/ros/humble LD_LIBRARY_PATH=/home/jagdeesh/tracker/install/ros_gz_bridge/lib:/home/jagdeesh/tracker/install/ros_gz_interfaces/lib:${LD_LIBRARY_PATH} PYTHONPATH=/home/jagdeesh/tracker/install/ros_gz_interfaces/local/lib/python3.10/dist-packages:${PYTHONPATH} /usr/bin/cmake --build /home/jagdeesh/tracker/build/ros_ign_image -- -j12 -l12
[546.285s] DEBUG:colcon.colcon_core.event_handler.log_command:Invoked command in '/home/jagdeesh/tracker/build/ros_ign_image' returned '0': AMENT_PREFIX_PATH=/home/jagdeesh/tracker/install/ros_gz_image:/home/jagdeesh/tracker/install/ros_gz_bridge:/home/jagdeesh/tracker/install/ros_gz_interfaces:${AMENT_PREFIX_PATH} CMAKE_PREFIX_PATH=/home/jagdeesh/tracker/install/ros_gz_image:/home/jagdeesh/tracker/install/ros_gz_bridge:/home/jagdeesh/tracker/install/ros_gz_interfaces:/opt/ros/humble LD_LIBRARY_PATH=/home/jagdeesh/tracker/install/ros_gz_bridge/lib:/home/jagdeesh/tracker/install/ros_gz_interfaces/lib:${LD_LIBRARY_PATH} PYTHONPATH=/home/jagdeesh/tracker/install/ros_gz_interfaces/local/lib/python3.10/dist-packages:${PYTHONPATH} /usr/bin/cmake --build /home/jagdeesh/tracker/build/ros_ign_image -- -j12 -l12
[546.286s] DEBUG:colcon.colcon_core.event_handler.log_command:Invoking command in '/home/jagdeesh/tracker/build/ros_ign_image': AMENT_PREFIX_PATH=/home/jagdeesh/tracker/install/ros_gz_image:/home/jagdeesh/tracker/install/ros_gz_bridge:/home/jagdeesh/tracker/install/ros_gz_interfaces:${AMENT_PREFIX_PATH} CMAKE_PREFIX_PATH=/home/jagdeesh/tracker/install/ros_gz_image:/home/jagdeesh/tracker/install/ros_gz_bridge:/home/jagdeesh/tracker/install/ros_gz_interfaces:/opt/ros/humble LD_LIBRARY_PATH=/home/jagdeesh/tracker/install/ros_gz_bridge/lib:/home/jagdeesh/tracker/install/ros_gz_interfaces/lib:${LD_LIBRARY_PATH} PYTHONPATH=/home/jagdeesh/tracker/install/ros_gz_interfaces/local/lib/python3.10/dist-packages:${PYTHONPATH} /usr/bin/cmake --install /home/jagdeesh/tracker/build/ros_ign_image
[546.351s] Level 1:colcon.colcon_core.environment:create_environment_scripts_only(ros_ign_image)
[546.352s] Level 1:colcon.colcon_core.environment:checking '/home/jagdeesh/tracker/install/ros_ign_image' for CMake module files
[546.353s] Level 1:colcon.colcon_core.environment:checking '/home/jagdeesh/tracker/install/ros_ign_image' for CMake config files
[546.354s] Level 1:colcon.colcon_core.shell:create_environment_hook('ros_ign_image', 'cmake_prefix_path')
[546.358s] INFO:colcon.colcon_core.shell:Creating environment hook '/home/jagdeesh/tracker/install/ros_ign_image/share/ros_ign_image/hook/cmake_prefix_path.ps1'
[546.359s] INFO:colcon.colcon_core.shell:Creating environment descriptor '/home/jagdeesh/tracker/install/ros_ign_image/share/ros_ign_image/hook/cmake_prefix_path.dsv'
[546.357s] DEBUG:colcon.colcon_core.event_handler.log_command:Invoked command in '/home/jagdeesh/tracker/build/ros_ign_image' returned '0': AMENT_PREFIX_PATH=/home/jagdeesh/tracker/install/ros_gz_image:/home/jagdeesh/tracker/install/ros_gz_bridge:/home/jagdeesh/tracker/install/ros_gz_interfaces:${AMENT_PREFIX_PATH} CMAKE_PREFIX_PATH=/home/jagdeesh/tracker/install/ros_gz_image:/home/jagdeesh/tracker/install/ros_gz_bridge:/home/jagdeesh/tracker/install/ros_gz_interfaces:/opt/ros/humble LD_LIBRARY_PATH=/home/jagdeesh/tracker/install/ros_gz_bridge/lib:/home/jagdeesh/tracker/install/ros_gz_interfaces/lib:${LD_LIBRARY_PATH} PYTHONPATH=/home/jagdeesh/tracker/install/ros_gz_interfaces/local/lib/python3.10/dist-packages:${PYTHONPATH} /usr/bin/cmake --install /home/jagdeesh/tracker/build/ros_ign_image
[546.365s] INFO:colcon.colcon_core.shell:Creating environment hook '/home/jagdeesh/tracker/install/ros_ign_image/share/ros_ign_image/hook/cmake_prefix_path.sh'
[546.371s] Level 1:colcon.colcon_core.environment:checking '/home/jagdeesh/tracker/install/ros_ign_image/lib'
[546.371s] Level 1:colcon.colcon_core.environment:checking '/home/jagdeesh/tracker/install/ros_ign_image/bin'
[546.372s] Level 1:colcon.colcon_core.environment:checking '/home/jagdeesh/tracker/install/ros_ign_image/lib/pkgconfig/ros_ign_image.pc'
[546.372s] Level 1:colcon.colcon_core.environment:checking '/home/jagdeesh/tracker/install/ros_ign_image/lib/python3.10/site-packages'
[546.373s] Level 1:colcon.colcon_core.environment:checking '/home/jagdeesh/tracker/install/ros_ign_image/bin'
[546.374s] INFO:colcon.colcon_core.shell:Creating package script '/home/jagdeesh/tracker/install/ros_ign_image/share/ros_ign_image/package.ps1'
[546.379s] INFO:colcon.colcon_core.shell:Creating package descriptor '/home/jagdeesh/tracker/install/ros_ign_image/share/ros_ign_image/package.dsv'
[546.380s] INFO:colcon.colcon_core.shell:Creating package script '/home/jagdeesh/tracker/install/ros_ign_image/share/ros_ign_image/package.sh'
[546.385s] INFO:colcon.colcon_core.shell:Creating package script '/home/jagdeesh/tracker/install/ros_ign_image/share/ros_ign_image/package.bash'
[546.386s] INFO:colcon.colcon_core.shell:Creating package script '/home/jagdeesh/tracker/install/ros_ign_image/share/ros_ign_image/package.zsh'
[546.390s] Level 1:colcon.colcon_core.environment:create_file_with_runtime_dependencies(/home/jagdeesh/tracker/install/ros_ign_image/share/colcon-core/packages/ros_ign_image)
[546.392s] Level 1:colcon.colcon_core.environment:create_environment_scripts_only(ros_ign_image)
[546.400s] Level 1:colcon.colcon_core.environment:checking '/home/jagdeesh/tracker/install/ros_ign_image' for CMake module files
[546.402s] Level 1:colcon.colcon_core.environment:checking '/home/jagdeesh/tracker/install/ros_ign_image' for CMake config files
[546.402s] Level 1:colcon.colcon_core.shell:create_environment_hook('ros_ign_image', 'cmake_prefix_path')
[546.403s] INFO:colcon.colcon_core.shell:Creating environment hook '/home/jagdeesh/tracker/install/ros_ign_image/share/ros_ign_image/hook/cmake_prefix_path.ps1'
[546.404s] INFO:colcon.colcon_core.shell:Creating environment descriptor '/home/jagdeesh/tracker/install/ros_ign_image/share/ros_ign_image/hook/cmake_prefix_path.dsv'
[546.405s] INFO:colcon.colcon_core.shell:Creating environment hook '/home/jagdeesh/tracker/install/ros_ign_image/share/ros_ign_image/hook/cmake_prefix_path.sh'
[546.414s] Level 1:colcon.colcon_core.environment:checking '/home/jagdeesh/tracker/install/ros_ign_image/lib'
[546.415s] Level 1:colcon.colcon_core.environment:checking '/home/jagdeesh/tracker/install/ros_ign_image/bin'
[546.415s] Level 1:colcon.colcon_core.environment:checking '/home/jagdeesh/tracker/install/ros_ign_image/lib/pkgconfig/ros_ign_image.pc'
[546.416s] Level 1:colcon.colcon_core.environment:checking '/home/jagdeesh/tracker/install/ros_ign_image/lib/python3.10/site-packages'
[546.417s] Level 1:colcon.colcon_core.environment:checking '/home/jagdeesh/tracker/install/ros_ign_image/bin'
[546.421s] INFO:colcon.colcon_core.shell:Creating package script '/home/jagdeesh/tracker/install/ros_ign_image/share/ros_ign_image/package.ps1'
[546.422s] INFO:colcon.colcon_core.shell:Creating package descriptor '/home/jagdeesh/tracker/install/ros_ign_image/share/ros_ign_image/package.dsv'
[546.427s] INFO:colcon.colcon_core.shell:Creating package script '/home/jagdeesh/tracker/install/ros_ign_image/share/ros_ign_image/package.sh'
[546.429s] INFO:colcon.colcon_core.shell:Creating package script '/home/jagdeesh/tracker/install/ros_ign_image/share/ros_ign_image/package.bash'
[546.433s] INFO:colcon.colcon_core.shell:Creating package script '/home/jagdeesh/tracker/install/ros_ign_image/share/ros_ign_image/package.zsh'
[546.435s] Level 1:colcon.colcon_core.environment:create_file_with_runtime_dependencies(/home/jagdeesh/tracker/install/ros_ign_image/share/colcon-core/packages/ros_ign_image)
[546.440s] INFO:colcon.colcon_ros.task.ament_cmake.build:Building ROS package in '/home/jagdeesh/tracker/src/ros_gz/ros_gz' with build type 'ament_cmake'
[546.441s] INFO:colcon.colcon_cmake.task.cmake.build:Building CMake package in '/home/jagdeesh/tracker/src/ros_gz/ros_gz'
[546.442s] INFO:colcon.colcon_core.shell:Skip shell extension 'powershell' for command environment: Not usable outside of PowerShell
[546.442s] DEBUG:colcon.colcon_core.shell:Skip shell extension 'dsv' for command environment
[546.524s] DEBUG:colcon.colcon_core.event_handler.log_command:Invoking command in '/home/jagdeesh/tracker/build/ros_gz': AMENT_PREFIX_PATH=/home/jagdeesh/tracker/install/ros_gz_sim_demos:/home/jagdeesh/tracker/install/ros_gz_image:/home/jagdeesh/tracker/install/ros_gz_bridge:/home/jagdeesh/tracker/install/ros_gz_sim:/home/jagdeesh/tracker/install/ros_gz_interfaces:${AMENT_PREFIX_PATH} CMAKE_PREFIX_PATH=/home/jagdeesh/tracker/install/ros_gz_sim_demos:/home/jagdeesh/tracker/install/ros_gz_image:/home/jagdeesh/tracker/install/ros_gz_bridge:/home/jagdeesh/tracker/install/ros_gz_sim:/home/jagdeesh/tracker/install/ros_gz_interfaces:/opt/ros/humble LD_LIBRARY_PATH=/home/jagdeesh/tracker/install/ros_gz_bridge/lib:/home/jagdeesh/tracker/install/ros_gz_sim/lib:/home/jagdeesh/tracker/install/ros_gz_interfaces/lib:${LD_LIBRARY_PATH} PYTHONPATH=/home/jagdeesh/tracker/install/ros_gz_interfaces/local/lib/python3.10/dist-packages:${PYTHONPATH} /usr/bin/cmake /home/jagdeesh/tracker/src/ros_gz/ros_gz -DCMAKE_BUILD_TYPE=Release -DCMAKE_INSTALL_PREFIX=/home/jagdeesh/tracker/install/ros_gz
[549.331s] DEBUG:colcon.colcon_core.event_handler.log_command:Invoked command in '/home/jagdeesh/tracker/build/ros_gz' returned '0': AMENT_PREFIX_PATH=/home/jagdeesh/tracker/install/ros_gz_sim_demos:/home/jagdeesh/tracker/install/ros_gz_image:/home/jagdeesh/tracker/install/ros_gz_bridge:/home/jagdeesh/tracker/install/ros_gz_sim:/home/jagdeesh/tracker/install/ros_gz_interfaces:${AMENT_PREFIX_PATH} CMAKE_PREFIX_PATH=/home/jagdeesh/tracker/install/ros_gz_sim_demos:/home/jagdeesh/tracker/install/ros_gz_image:/home/jagdeesh/tracker/install/ros_gz_bridge:/home/jagdeesh/tracker/install/ros_gz_sim:/home/jagdeesh/tracker/install/ros_gz_interfaces:/opt/ros/humble LD_LIBRARY_PATH=/home/jagdeesh/tracker/install/ros_gz_bridge/lib:/home/jagdeesh/tracker/install/ros_gz_sim/lib:/home/jagdeesh/tracker/install/ros_gz_interfaces/lib:${LD_LIBRARY_PATH} PYTHONPATH=/home/jagdeesh/tracker/install/ros_gz_interfaces/local/lib/python3.10/dist-packages:${PYTHONPATH} /usr/bin/cmake /home/jagdeesh/tracker/src/ros_gz/ros_gz -DCMAKE_BUILD_TYPE=Release -DCMAKE_INSTALL_PREFIX=/home/jagdeesh/tracker/install/ros_gz
[549.337s] DEBUG:colcon.colcon_core.event_handler.log_command:Invoking command in '/home/jagdeesh/tracker/build/ros_gz': AMENT_PREFIX_PATH=/home/jagdeesh/tracker/install/ros_gz_sim_demos:/home/jagdeesh/tracker/install/ros_gz_image:/home/jagdeesh/tracker/install/ros_gz_bridge:/home/jagdeesh/tracker/install/ros_gz_sim:/home/jagdeesh/tracker/install/ros_gz_interfaces:${AMENT_PREFIX_PATH} CMAKE_PREFIX_PATH=/home/jagdeesh/tracker/install/ros_gz_sim_demos:/home/jagdeesh/tracker/install/ros_gz_image:/home/jagdeesh/tracker/install/ros_gz_bridge:/home/jagdeesh/tracker/install/ros_gz_sim:/home/jagdeesh/tracker/install/ros_gz_interfaces:/opt/ros/humble LD_LIBRARY_PATH=/home/jagdeesh/tracker/install/ros_gz_bridge/lib:/home/jagdeesh/tracker/install/ros_gz_sim/lib:/home/jagdeesh/tracker/install/ros_gz_interfaces/lib:${LD_LIBRARY_PATH} PYTHONPATH=/home/jagdeesh/tracker/install/ros_gz_interfaces/local/lib/python3.10/dist-packages:${PYTHONPATH} /usr/bin/cmake --build /home/jagdeesh/tracker/build/ros_gz -- -j12 -l12
[549.529s] DEBUG:colcon.colcon_core.event_handler.log_command:Invoked command in '/home/jagdeesh/tracker/build/ros_gz' returned '0': AMENT_PREFIX_PATH=/home/jagdeesh/tracker/install/ros_gz_sim_demos:/home/jagdeesh/tracker/install/ros_gz_image:/home/jagdeesh/tracker/install/ros_gz_bridge:/home/jagdeesh/tracker/install/ros_gz_sim:/home/jagdeesh/tracker/install/ros_gz_interfaces:${AMENT_PREFIX_PATH} CMAKE_PREFIX_PATH=/home/jagdeesh/tracker/install/ros_gz_sim_demos:/home/jagdeesh/tracker/install/ros_gz_image:/home/jagdeesh/tracker/install/ros_gz_bridge:/home/jagdeesh/tracker/install/ros_gz_sim:/home/jagdeesh/tracker/install/ros_gz_interfaces:/opt/ros/humble LD_LIBRARY_PATH=/home/jagdeesh/tracker/install/ros_gz_bridge/lib:/home/jagdeesh/tracker/install/ros_gz_sim/lib:/home/jagdeesh/tracker/install/ros_gz_interfaces/lib:${LD_LIBRARY_PATH} PYTHONPATH=/home/jagdeesh/tracker/install/ros_gz_interfaces/local/lib/python3.10/dist-packages:${PYTHONPATH} /usr/bin/cmake --build /home/jagdeesh/tracker/build/ros_gz -- -j12 -l12
[549.530s] DEBUG:colcon.colcon_core.event_handler.log_command:Invoking command in '/home/jagdeesh/tracker/build/ros_gz': AMENT_PREFIX_PATH=/home/jagdeesh/tracker/install/ros_gz_sim_demos:/home/jagdeesh/tracker/install/ros_gz_image:/home/jagdeesh/tracker/install/ros_gz_bridge:/home/jagdeesh/tracker/install/ros_gz_sim:/home/jagdeesh/tracker/install/ros_gz_interfaces:${AMENT_PREFIX_PATH} CMAKE_PREFIX_PATH=/home/jagdeesh/tracker/install/ros_gz_sim_demos:/home/jagdeesh/tracker/install/ros_gz_image:/home/jagdeesh/tracker/install/ros_gz_bridge:/home/jagdeesh/tracker/install/ros_gz_sim:/home/jagdeesh/tracker/install/ros_gz_interfaces:/opt/ros/humble LD_LIBRARY_PATH=/home/jagdeesh/tracker/install/ros_gz_bridge/lib:/home/jagdeesh/tracker/install/ros_gz_sim/lib:/home/jagdeesh/tracker/install/ros_gz_interfaces/lib:${LD_LIBRARY_PATH} PYTHONPATH=/home/jagdeesh/tracker/install/ros_gz_interfaces/local/lib/python3.10/dist-packages:${PYTHONPATH} /usr/bin/cmake --install /home/jagdeesh/tracker/build/ros_gz
[549.596s] Level 1:colcon.colcon_core.environment:create_environment_scripts_only(ros_gz)
[549.596s] Level 1:colcon.colcon_core.environment:checking '/home/jagdeesh/tracker/install/ros_gz' for CMake module files
[549.598s] Level 1:colcon.colcon_core.environment:checking '/home/jagdeesh/tracker/install/ros_gz' for CMake config files
[549.604s] DEBUG:colcon.colcon_core.event_handler.log_command:Invoked command in '/home/jagdeesh/tracker/build/ros_gz' returned '0': AMENT_PREFIX_PATH=/home/jagdeesh/tracker/install/ros_gz_sim_demos:/home/jagdeesh/tracker/install/ros_gz_image:/home/jagdeesh/tracker/install/ros_gz_bridge:/home/jagdeesh/tracker/install/ros_gz_sim:/home/jagdeesh/tracker/install/ros_gz_interfaces:${AMENT_PREFIX_PATH} CMAKE_PREFIX_PATH=/home/jagdeesh/tracker/install/ros_gz_sim_demos:/home/jagdeesh/tracker/install/ros_gz_image:/home/jagdeesh/tracker/install/ros_gz_bridge:/home/jagdeesh/tracker/install/ros_gz_sim:/home/jagdeesh/tracker/install/ros_gz_interfaces:/opt/ros/humble LD_LIBRARY_PATH=/home/jagdeesh/tracker/install/ros_gz_bridge/lib:/home/jagdeesh/tracker/install/ros_gz_sim/lib:/home/jagdeesh/tracker/install/ros_gz_interfaces/lib:${LD_LIBRARY_PATH} PYTHONPATH=/home/jagdeesh/tracker/install/ros_gz_interfaces/local/lib/python3.10/dist-packages:${PYTHONPATH} /usr/bin/cmake --install /home/jagdeesh/tracker/build/ros_gz
[549.605s] Level 1:colcon.colcon_core.shell:create_environment_hook('ros_gz', 'cmake_prefix_path')
[549.606s] INFO:colcon.colcon_core.shell:Creating environment hook '/home/jagdeesh/tracker/install/ros_gz/share/ros_gz/hook/cmake_prefix_path.ps1'
[549.607s] INFO:colcon.colcon_core.shell:Creating environment descriptor '/home/jagdeesh/tracker/install/ros_gz/share/ros_gz/hook/cmake_prefix_path.dsv'
[549.608s] INFO:colcon.colcon_core.shell:Creating environment hook '/home/jagdeesh/tracker/install/ros_gz/share/ros_gz/hook/cmake_prefix_path.sh'
[549.619s] Level 1:colcon.colcon_core.environment:checking '/home/jagdeesh/tracker/install/ros_gz/bin'
[549.619s] Level 1:colcon.colcon_core.environment:checking '/home/jagdeesh/tracker/install/ros_gz/lib/pkgconfig/ros_gz.pc'
[549.627s] Level 1:colcon.colcon_core.environment:checking '/home/jagdeesh/tracker/install/ros_gz/lib/python3.10/site-packages'
[549.628s] Level 1:colcon.colcon_core.environment:checking '/home/jagdeesh/tracker/install/ros_gz/bin'
[549.629s] INFO:colcon.colcon_core.shell:Creating package script '/home/jagdeesh/tracker/install/ros_gz/share/ros_gz/package.ps1'
[549.638s] INFO:colcon.colcon_core.shell:Creating package descriptor '/home/jagdeesh/tracker/install/ros_gz/share/ros_gz/package.dsv'
[549.639s] INFO:colcon.colcon_core.shell:Creating package script '/home/jagdeesh/tracker/install/ros_gz/share/ros_gz/package.sh'
[549.647s] INFO:colcon.colcon_core.shell:Creating package script '/home/jagdeesh/tracker/install/ros_gz/share/ros_gz/package.bash'
[549.648s] INFO:colcon.colcon_core.shell:Creating package script '/home/jagdeesh/tracker/install/ros_gz/share/ros_gz/package.zsh'
[549.656s] Level 1:colcon.colcon_core.environment:create_file_with_runtime_dependencies(/home/jagdeesh/tracker/install/ros_gz/share/colcon-core/packages/ros_gz)
[549.662s] Level 1:colcon.colcon_core.environment:create_environment_scripts_only(ros_gz)
[549.666s] Level 1:colcon.colcon_core.environment:checking '/home/jagdeesh/tracker/install/ros_gz' for CMake module files
[549.668s] Level 1:colcon.colcon_core.environment:checking '/home/jagdeesh/tracker/install/ros_gz' for CMake config files
[549.669s] Level 1:colcon.colcon_core.shell:create_environment_hook('ros_gz', 'cmake_prefix_path')
[549.669s] INFO:colcon.colcon_core.shell:Creating environment hook '/home/jagdeesh/tracker/install/ros_gz/share/ros_gz/hook/cmake_prefix_path.ps1'
[549.680s] INFO:colcon.colcon_core.shell:Creating environment descriptor '/home/jagdeesh/tracker/install/ros_gz/share/ros_gz/hook/cmake_prefix_path.dsv'
[549.681s] INFO:colcon.colcon_core.shell:Creating environment hook '/home/jagdeesh/tracker/install/ros_gz/share/ros_gz/hook/cmake_prefix_path.sh'
[549.687s] Level 1:colcon.colcon_core.environment:checking '/home/jagdeesh/tracker/install/ros_gz/bin'
[549.687s] Level 1:colcon.colcon_core.environment:checking '/home/jagdeesh/tracker/install/ros_gz/lib/pkgconfig/ros_gz.pc'
[549.688s] Level 1:colcon.colcon_core.environment:checking '/home/jagdeesh/tracker/install/ros_gz/lib/python3.10/site-packages'
[549.689s] Level 1:colcon.colcon_core.environment:checking '/home/jagdeesh/tracker/install/ros_gz/bin'
[549.697s] INFO:colcon.colcon_core.shell:Creating package script '/home/jagdeesh/tracker/install/ros_gz/share/ros_gz/package.ps1'
[549.699s] INFO:colcon.colcon_core.shell:Creating package descriptor '/home/jagdeesh/tracker/install/ros_gz/share/ros_gz/package.dsv'
[549.702s] INFO:colcon.colcon_core.shell:Creating package script '/home/jagdeesh/tracker/install/ros_gz/share/ros_gz/package.sh'
[549.709s] INFO:colcon.colcon_core.shell:Creating package script '/home/jagdeesh/tracker/install/ros_gz/share/ros_gz/package.bash'
[549.717s] INFO:colcon.colcon_core.shell:Creating package script '/home/jagdeesh/tracker/install/ros_gz/share/ros_gz/package.zsh'
[549.719s] Level 1:colcon.colcon_core.environment:create_file_with_runtime_dependencies(/home/jagdeesh/tracker/install/ros_gz/share/colcon-core/packages/ros_gz)
[549.724s] INFO:colcon.colcon_ros.task.ament_cmake.build:Building ROS package in '/home/jagdeesh/tracker/src/ros_gz/ros_ign_gazebo_demos' with build type 'ament_cmake'
[549.729s] INFO:colcon.colcon_cmake.task.cmake.build:Building CMake package in '/home/jagdeesh/tracker/src/ros_gz/ros_ign_gazebo_demos'
[549.730s] INFO:colcon.colcon_core.shell:Skip shell extension 'powershell' for command environment: Not usable outside of PowerShell
[549.730s] DEBUG:colcon.colcon_core.shell:Skip shell extension 'dsv' for command environment
[549.819s] DEBUG:colcon.colcon_core.event_handler.log_command:Invoking command in '/home/jagdeesh/tracker/build/ros_ign_gazebo_demos': AMENT_PREFIX_PATH=/home/jagdeesh/tracker/install/ros_gz_sim_demos:/home/jagdeesh/tracker/install/ros_gz_image:/home/jagdeesh/tracker/install/ros_gz_bridge:/home/jagdeesh/tracker/install/ros_gz_sim:/home/jagdeesh/tracker/install/ros_gz_interfaces:${AMENT_PREFIX_PATH} CMAKE_PREFIX_PATH=/home/jagdeesh/tracker/install/ros_gz_sim_demos:/home/jagdeesh/tracker/install/ros_gz_image:/home/jagdeesh/tracker/install/ros_gz_bridge:/home/jagdeesh/tracker/install/ros_gz_sim:/home/jagdeesh/tracker/install/ros_gz_interfaces:/opt/ros/humble LD_LIBRARY_PATH=/home/jagdeesh/tracker/install/ros_gz_bridge/lib:/home/jagdeesh/tracker/install/ros_gz_sim/lib:/home/jagdeesh/tracker/install/ros_gz_interfaces/lib:${LD_LIBRARY_PATH} PYTHONPATH=/home/jagdeesh/tracker/install/ros_gz_interfaces/local/lib/python3.10/dist-packages:${PYTHONPATH} /usr/bin/cmake /home/jagdeesh/tracker/src/ros_gz/ros_ign_gazebo_demos -DCMAKE_BUILD_TYPE=Release -DCMAKE_INSTALL_PREFIX=/home/jagdeesh/tracker/install/ros_ign_gazebo_demos
[552.527s] DEBUG:colcon.colcon_core.event_handler.log_command:Invoked command in '/home/jagdeesh/tracker/build/ros_ign_gazebo_demos' returned '0': AMENT_PREFIX_PATH=/home/jagdeesh/tracker/install/ros_gz_sim_demos:/home/jagdeesh/tracker/install/ros_gz_image:/home/jagdeesh/tracker/install/ros_gz_bridge:/home/jagdeesh/tracker/install/ros_gz_sim:/home/jagdeesh/tracker/install/ros_gz_interfaces:${AMENT_PREFIX_PATH} CMAKE_PREFIX_PATH=/home/jagdeesh/tracker/install/ros_gz_sim_demos:/home/jagdeesh/tracker/install/ros_gz_image:/home/jagdeesh/tracker/install/ros_gz_bridge:/home/jagdeesh/tracker/install/ros_gz_sim:/home/jagdeesh/tracker/install/ros_gz_interfaces:/opt/ros/humble LD_LIBRARY_PATH=/home/jagdeesh/tracker/install/ros_gz_bridge/lib:/home/jagdeesh/tracker/install/ros_gz_sim/lib:/home/jagdeesh/tracker/install/ros_gz_interfaces/lib:${LD_LIBRARY_PATH} PYTHONPATH=/home/jagdeesh/tracker/install/ros_gz_interfaces/local/lib/python3.10/dist-packages:${PYTHONPATH} /usr/bin/cmake /home/jagdeesh/tracker/src/ros_gz/ros_ign_gazebo_demos -DCMAKE_BUILD_TYPE=Release -DCMAKE_INSTALL_PREFIX=/home/jagdeesh/tracker/install/ros_ign_gazebo_demos
[552.528s] DEBUG:colcon.colcon_core.event_handler.log_command:Invoking command in '/home/jagdeesh/tracker/build/ros_ign_gazebo_demos': AMENT_PREFIX_PATH=/home/jagdeesh/tracker/install/ros_gz_sim_demos:/home/jagdeesh/tracker/install/ros_gz_image:/home/jagdeesh/tracker/install/ros_gz_bridge:/home/jagdeesh/tracker/install/ros_gz_sim:/home/jagdeesh/tracker/install/ros_gz_interfaces:${AMENT_PREFIX_PATH} CMAKE_PREFIX_PATH=/home/jagdeesh/tracker/install/ros_gz_sim_demos:/home/jagdeesh/tracker/install/ros_gz_image:/home/jagdeesh/tracker/install/ros_gz_bridge:/home/jagdeesh/tracker/install/ros_gz_sim:/home/jagdeesh/tracker/install/ros_gz_interfaces:/opt/ros/humble LD_LIBRARY_PATH=/home/jagdeesh/tracker/install/ros_gz_bridge/lib:/home/jagdeesh/tracker/install/ros_gz_sim/lib:/home/jagdeesh/tracker/install/ros_gz_interfaces/lib:${LD_LIBRARY_PATH} PYTHONPATH=/home/jagdeesh/tracker/install/ros_gz_interfaces/local/lib/python3.10/dist-packages:${PYTHONPATH} /usr/bin/cmake --build /home/jagdeesh/tracker/build/ros_ign_gazebo_demos -- -j12 -l12
[552.662s] DEBUG:colcon.colcon_core.event_handler.log_command:Invoked command in '/home/jagdeesh/tracker/build/ros_ign_gazebo_demos' returned '0': AMENT_PREFIX_PATH=/home/jagdeesh/tracker/install/ros_gz_sim_demos:/home/jagdeesh/tracker/install/ros_gz_image:/home/jagdeesh/tracker/install/ros_gz_bridge:/home/jagdeesh/tracker/install/ros_gz_sim:/home/jagdeesh/tracker/install/ros_gz_interfaces:${AMENT_PREFIX_PATH} CMAKE_PREFIX_PATH=/home/jagdeesh/tracker/install/ros_gz_sim_demos:/home/jagdeesh/tracker/install/ros_gz_image:/home/jagdeesh/tracker/install/ros_gz_bridge:/home/jagdeesh/tracker/install/ros_gz_sim:/home/jagdeesh/tracker/install/ros_gz_interfaces:/opt/ros/humble LD_LIBRARY_PATH=/home/jagdeesh/tracker/install/ros_gz_bridge/lib:/home/jagdeesh/tracker/install/ros_gz_sim/lib:/home/jagdeesh/tracker/install/ros_gz_interfaces/lib:${LD_LIBRARY_PATH} PYTHONPATH=/home/jagdeesh/tracker/install/ros_gz_interfaces/local/lib/python3.10/dist-packages:${PYTHONPATH} /usr/bin/cmake --build /home/jagdeesh/tracker/build/ros_ign_gazebo_demos -- -j12 -l12
[552.663s] DEBUG:colcon.colcon_core.event_handler.log_command:Invoking command in '/home/jagdeesh/tracker/build/ros_ign_gazebo_demos': AMENT_PREFIX_PATH=/home/jagdeesh/tracker/install/ros_gz_sim_demos:/home/jagdeesh/tracker/install/ros_gz_image:/home/jagdeesh/tracker/install/ros_gz_bridge:/home/jagdeesh/tracker/install/ros_gz_sim:/home/jagdeesh/tracker/install/ros_gz_interfaces:${AMENT_PREFIX_PATH} CMAKE_PREFIX_PATH=/home/jagdeesh/tracker/install/ros_gz_sim_demos:/home/jagdeesh/tracker/install/ros_gz_image:/home/jagdeesh/tracker/install/ros_gz_bridge:/home/jagdeesh/tracker/install/ros_gz_sim:/home/jagdeesh/tracker/install/ros_gz_interfaces:/opt/ros/humble LD_LIBRARY_PATH=/home/jagdeesh/tracker/install/ros_gz_bridge/lib:/home/jagdeesh/tracker/install/ros_gz_sim/lib:/home/jagdeesh/tracker/install/ros_gz_interfaces/lib:${LD_LIBRARY_PATH} PYTHONPATH=/home/jagdeesh/tracker/install/ros_gz_interfaces/local/lib/python3.10/dist-packages:${PYTHONPATH} /usr/bin/cmake --install /home/jagdeesh/tracker/build/ros_ign_gazebo_demos
[552.739s] Level 1:colcon.colcon_core.environment:create_environment_scripts_only(ros_ign_gazebo_demos)
[552.740s] Level 1:colcon.colcon_core.environment:checking '/home/jagdeesh/tracker/install/ros_ign_gazebo_demos' for CMake module files
[552.745s] DEBUG:colcon.colcon_core.event_handler.log_command:Invoked command in '/home/jagdeesh/tracker/build/ros_ign_gazebo_demos' returned '0': AMENT_PREFIX_PATH=/home/jagdeesh/tracker/install/ros_gz_sim_demos:/home/jagdeesh/tracker/install/ros_gz_image:/home/jagdeesh/tracker/install/ros_gz_bridge:/home/jagdeesh/tracker/install/ros_gz_sim:/home/jagdeesh/tracker/install/ros_gz_interfaces:${AMENT_PREFIX_PATH} CMAKE_PREFIX_PATH=/home/jagdeesh/tracker/install/ros_gz_sim_demos:/home/jagdeesh/tracker/install/ros_gz_image:/home/jagdeesh/tracker/install/ros_gz_bridge:/home/jagdeesh/tracker/install/ros_gz_sim:/home/jagdeesh/tracker/install/ros_gz_interfaces:/opt/ros/humble LD_LIBRARY_PATH=/home/jagdeesh/tracker/install/ros_gz_bridge/lib:/home/jagdeesh/tracker/install/ros_gz_sim/lib:/home/jagdeesh/tracker/install/ros_gz_interfaces/lib:${LD_LIBRARY_PATH} PYTHONPATH=/home/jagdeesh/tracker/install/ros_gz_interfaces/local/lib/python3.10/dist-packages:${PYTHONPATH} /usr/bin/cmake --install /home/jagdeesh/tracker/build/ros_ign_gazebo_demos
[552.746s] Level 1:colcon.colcon_core.environment:checking '/home/jagdeesh/tracker/install/ros_ign_gazebo_demos' for CMake config files
[552.750s] Level 1:colcon.colcon_core.shell:create_environment_hook('ros_ign_gazebo_demos', 'cmake_prefix_path')
[552.750s] INFO:colcon.colcon_core.shell:Creating environment hook '/home/jagdeesh/tracker/install/ros_ign_gazebo_demos/share/ros_ign_gazebo_demos/hook/cmake_prefix_path.ps1'
[552.752s] INFO:colcon.colcon_core.shell:Creating environment descriptor '/home/jagdeesh/tracker/install/ros_ign_gazebo_demos/share/ros_ign_gazebo_demos/hook/cmake_prefix_path.dsv'
[552.755s] INFO:colcon.colcon_core.shell:Creating environment hook '/home/jagdeesh/tracker/install/ros_ign_gazebo_demos/share/ros_ign_gazebo_demos/hook/cmake_prefix_path.sh'
[552.760s] Level 1:colcon.colcon_core.environment:checking '/home/jagdeesh/tracker/install/ros_ign_gazebo_demos/bin'
[552.761s] Level 1:colcon.colcon_core.environment:checking '/home/jagdeesh/tracker/install/ros_ign_gazebo_demos/lib/pkgconfig/ros_ign_gazebo_demos.pc'
[552.762s] Level 1:colcon.colcon_core.environment:checking '/home/jagdeesh/tracker/install/ros_ign_gazebo_demos/lib/python3.10/site-packages'
[552.763s] Level 1:colcon.colcon_core.environment:checking '/home/jagdeesh/tracker/install/ros_ign_gazebo_demos/bin'
[552.764s] INFO:colcon.colcon_core.shell:Creating package script '/home/jagdeesh/tracker/install/ros_ign_gazebo_demos/share/ros_ign_gazebo_demos/package.ps1'
[552.772s] INFO:colcon.colcon_core.shell:Creating package descriptor '/home/jagdeesh/tracker/install/ros_ign_gazebo_demos/share/ros_ign_gazebo_demos/package.dsv'
[552.774s] INFO:colcon.colcon_core.shell:Creating package script '/home/jagdeesh/tracker/install/ros_ign_gazebo_demos/share/ros_ign_gazebo_demos/package.sh'
[552.778s] INFO:colcon.colcon_core.shell:Creating package script '/home/jagdeesh/tracker/install/ros_ign_gazebo_demos/share/ros_ign_gazebo_demos/package.bash'
[552.779s] INFO:colcon.colcon_core.shell:Creating package script '/home/jagdeesh/tracker/install/ros_ign_gazebo_demos/share/ros_ign_gazebo_demos/package.zsh'
[552.781s] Level 1:colcon.colcon_core.environment:create_file_with_runtime_dependencies(/home/jagdeesh/tracker/install/ros_ign_gazebo_demos/share/colcon-core/packages/ros_ign_gazebo_demos)
[552.784s] Level 1:colcon.colcon_core.environment:create_environment_scripts_only(ros_ign_gazebo_demos)
[552.785s] Level 1:colcon.colcon_core.environment:checking '/home/jagdeesh/tracker/install/ros_ign_gazebo_demos' for CMake module files
[552.793s] Level 1:colcon.colcon_core.environment:checking '/home/jagdeesh/tracker/install/ros_ign_gazebo_demos' for CMake config files
[552.794s] Level 1:colcon.colcon_core.shell:create_environment_hook('ros_ign_gazebo_demos', 'cmake_prefix_path')
[552.794s] INFO:colcon.colcon_core.shell:Creating environment hook '/home/jagdeesh/tracker/install/ros_ign_gazebo_demos/share/ros_ign_gazebo_demos/hook/cmake_prefix_path.ps1'
[552.799s] INFO:colcon.colcon_core.shell:Creating environment descriptor '/home/jagdeesh/tracker/install/ros_ign_gazebo_demos/share/ros_ign_gazebo_demos/hook/cmake_prefix_path.dsv'
[552.800s] INFO:colcon.colcon_core.shell:Creating environment hook '/home/jagdeesh/tracker/install/ros_ign_gazebo_demos/share/ros_ign_gazebo_demos/hook/cmake_prefix_path.sh'
[552.805s] Level 1:colcon.colcon_core.environment:checking '/home/jagdeesh/tracker/install/ros_ign_gazebo_demos/bin'
[552.805s] Level 1:colcon.colcon_core.environment:checking '/home/jagdeesh/tracker/install/ros_ign_gazebo_demos/lib/pkgconfig/ros_ign_gazebo_demos.pc'
[552.806s] Level 1:colcon.colcon_core.environment:checking '/home/jagdeesh/tracker/install/ros_ign_gazebo_demos/lib/python3.10/site-packages'
[552.807s] Level 1:colcon.colcon_core.environment:checking '/home/jagdeesh/tracker/install/ros_ign_gazebo_demos/bin'
[552.811s] INFO:colcon.colcon_core.shell:Creating package script '/home/jagdeesh/tracker/install/ros_ign_gazebo_demos/share/ros_ign_gazebo_demos/package.ps1'
[552.813s] INFO:colcon.colcon_core.shell:Creating package descriptor '/home/jagdeesh/tracker/install/ros_ign_gazebo_demos/share/ros_ign_gazebo_demos/package.dsv'
[552.817s] INFO:colcon.colcon_core.shell:Creating package script '/home/jagdeesh/tracker/install/ros_ign_gazebo_demos/share/ros_ign_gazebo_demos/package.sh'
[552.819s] INFO:colcon.colcon_core.shell:Creating package script '/home/jagdeesh/tracker/install/ros_ign_gazebo_demos/share/ros_ign_gazebo_demos/package.bash'
[552.823s] INFO:colcon.colcon_core.shell:Creating package script '/home/jagdeesh/tracker/install/ros_ign_gazebo_demos/share/ros_ign_gazebo_demos/package.zsh'
[552.825s] Level 1:colcon.colcon_core.environment:create_file_with_runtime_dependencies(/home/jagdeesh/tracker/install/ros_ign_gazebo_demos/share/colcon-core/packages/ros_ign_gazebo_demos)
[552.829s] INFO:colcon.colcon_ros.task.ament_cmake.build:Building ROS package in '/home/jagdeesh/tracker/fixed_src/aruco_tracker' with build type 'ament_cmake'
[552.830s] INFO:colcon.colcon_cmake.task.cmake.build:Building CMake package in '/home/jagdeesh/tracker/fixed_src/aruco_tracker'
[552.831s] INFO:colcon.colcon_core.shell:Skip shell extension 'powershell' for command environment: Not usable outside of PowerShell
[552.836s] DEBUG:colcon.colcon_core.shell:Skip shell extension 'dsv' for command environment
[552.897s] DEBUG:colcon.colcon_core.event_handler.log_command:Invoking command in '/home/jagdeesh/tracker/build/aruco_tracker': AMENT_PREFIX_PATH=/home/jagdeesh/tracker/install/px4_msgs:/home/jagdeesh/tracker/install/cv_bridge:${AMENT_PREFIX_PATH} CMAKE_PREFIX_PATH=/home/jagdeesh/tracker/install/px4_msgs:/home/jagdeesh/tracker/install/cv_bridge:/opt/ros/humble LD_LIBRARY_PATH=/home/jagdeesh/tracker/install/px4_msgs/lib:/home/jagdeesh/tracker/install/cv_bridge/lib:${LD_LIBRARY_PATH} PYTHONPATH=/home/jagdeesh/tracker/install/px4_msgs/local/lib/python3.10/dist-packages:/home/jagdeesh/tracker/install/cv_bridge/local/lib/python3.10/dist-packages:${PYTHONPATH} /usr/bin/cmake /home/jagdeesh/tracker/fixed_src/aruco_tracker -DCMAKE_BUILD_TYPE=Release -DCMAKE_INSTALL_PREFIX=/home/jagdeesh/tracker/install/aruco_tracker
[557.226s] DEBUG:colcon.colcon_core.event_handler.log_command:Invoked command in '/home/jagdeesh/tracker/build/aruco_tracker' returned '0': AMENT_PREFIX_PATH=/home/jagdeesh/tracker/install/px4_msgs:/home/jagdeesh/tracker/install/cv_bridge:${AMENT_PREFIX_PATH} CMAKE_PREFIX_PATH=/home/jagdeesh/tracker/install/px4_msgs:/home/jagdeesh/tracker/install/cv_bridge:/opt/ros/humble LD_LIBRARY_PATH=/home/jagdeesh/tracker/install/px4_msgs/lib:/home/jagdeesh/tracker/install/cv_bridge/lib:${LD_LIBRARY_PATH} PYTHONPATH=/home/jagdeesh/tracker/install/px4_msgs/local/lib/python3.10/dist-packages:/home/jagdeesh/tracker/install/cv_bridge/local/lib/python3.10/dist-packages:${PYTHONPATH} /usr/bin/cmake /home/jagdeesh/tracker/fixed_src/aruco_tracker -DCMAKE_BUILD_TYPE=Release -DCMAKE_INSTALL_PREFIX=/home/jagdeesh/tracker/install/aruco_tracker
[557.235s] DEBUG:colcon.colcon_core.event_handler.log_command:Invoking command in '/home/jagdeesh/tracker/build/aruco_tracker': AMENT_PREFIX_PATH=/home/jagdeesh/tracker/install/px4_msgs:/home/jagdeesh/tracker/install/cv_bridge:${AMENT_PREFIX_PATH} CMAKE_PREFIX_PATH=/home/jagdeesh/tracker/install/px4_msgs:/home/jagdeesh/tracker/install/cv_bridge:/opt/ros/humble LD_LIBRARY_PATH=/home/jagdeesh/tracker/install/px4_msgs/lib:/home/jagdeesh/tracker/install/cv_bridge/lib:${LD_LIBRARY_PATH} PYTHONPATH=/home/jagdeesh/tracker/install/px4_msgs/local/lib/python3.10/dist-packages:/home/jagdeesh/tracker/install/cv_bridge/local/lib/python3.10/dist-packages:${PYTHONPATH} /usr/bin/cmake --build /home/jagdeesh/tracker/build/aruco_tracker -- -j12 -l12
[586.332s] DEBUG:colcon.colcon_core.event_handler.log_command:Invoked command in '/home/jagdeesh/tracker/build/aruco_tracker' returned '0': AMENT_PREFIX_PATH=/home/jagdeesh/tracker/install/px4_msgs:/home/jagdeesh/tracker/install/cv_bridge:${AMENT_PREFIX_PATH} CMAKE_PREFIX_PATH=/home/jagdeesh/tracker/install/px4_msgs:/home/jagdeesh/tracker/install/cv_bridge:/opt/ros/humble LD_LIBRARY_PATH=/home/jagdeesh/tracker/install/px4_msgs/lib:/home/jagdeesh/tracker/install/cv_bridge/lib:${LD_LIBRARY_PATH} PYTHONPATH=/home/jagdeesh/tracker/install/px4_msgs/local/lib/python3.10/dist-packages:/home/jagdeesh/tracker/install/cv_bridge/local/lib/python3.10/dist-packages:${PYTHONPATH} /usr/bin/cmake --build /home/jagdeesh/tracker/build/aruco_tracker -- -j12 -l12
[586.335s] DEBUG:colcon.colcon_core.event_handler.log_command:Invoking command in '/home/jagdeesh/tracker/build/aruco_tracker': AMENT_PREFIX_PATH=/home/jagdeesh/tracker/install/px4_msgs:/home/jagdeesh/tracker/install/cv_bridge:${AMENT_PREFIX_PATH} CMAKE_PREFIX_PATH=/home/jagdeesh/tracker/install/px4_msgs:/home/jagdeesh/tracker/install/cv_bridge:/opt/ros/humble LD_LIBRARY_PATH=/home/jagdeesh/tracker/install/px4_msgs/lib:/home/jagdeesh/tracker/install/cv_bridge/lib:${LD_LIBRARY_PATH} PYTHONPATH=/home/jagdeesh/tracker/install/px4_msgs/local/lib/python3.10/dist-packages:/home/jagdeesh/tracker/install/cv_bridge/local/lib/python3.10/dist-packages:${PYTHONPATH} /usr/bin/cmake --install /home/jagdeesh/tracker/build/aruco_tracker
[586.353s] Level 1:colcon.colcon_core.environment:create_environment_scripts_only(aruco_tracker)
[586.353s] Level 1:colcon.colcon_core.environment:checking '/home/jagdeesh/tracker/install/aruco_tracker' for CMake module files
[586.354s] DEBUG:colcon.colcon_core.event_handler.log_command:Invoked command in '/home/jagdeesh/tracker/build/aruco_tracker' returned '0': AMENT_PREFIX_PATH=/home/jagdeesh/tracker/install/px4_msgs:/home/jagdeesh/tracker/install/cv_bridge:${AMENT_PREFIX_PATH} CMAKE_PREFIX_PATH=/home/jagdeesh/tracker/install/px4_msgs:/home/jagdeesh/tracker/install/cv_bridge:/opt/ros/humble LD_LIBRARY_PATH=/home/jagdeesh/tracker/install/px4_msgs/lib:/home/jagdeesh/tracker/install/cv_bridge/lib:${LD_LIBRARY_PATH} PYTHONPATH=/home/jagdeesh/tracker/install/px4_msgs/local/lib/python3.10/dist-packages:/home/jagdeesh/tracker/install/cv_bridge/local/lib/python3.10/dist-packages:${PYTHONPATH} /usr/bin/cmake --install /home/jagdeesh/tracker/build/aruco_tracker
[586.355s] Level 1:colcon.colcon_core.environment:checking '/home/jagdeesh/tracker/install/aruco_tracker' for CMake config files
[586.355s] Level 1:colcon.colcon_core.shell:create_environment_hook('aruco_tracker', 'cmake_prefix_path')
[586.355s] INFO:colcon.colcon_core.shell:Creating environment hook '/home/jagdeesh/tracker/install/aruco_tracker/share/aruco_tracker/hook/cmake_prefix_path.ps1'
[586.356s] INFO:colcon.colcon_core.shell:Creating environment descriptor '/home/jagdeesh/tracker/install/aruco_tracker/share/aruco_tracker/hook/cmake_prefix_path.dsv'
[586.356s] INFO:colcon.colcon_core.shell:Creating environment hook '/home/jagdeesh/tracker/install/aruco_tracker/share/aruco_tracker/hook/cmake_prefix_path.sh'
[586.357s] Level 1:colcon.colcon_core.environment:checking '/home/jagdeesh/tracker/install/aruco_tracker/lib'
[586.358s] Level 1:colcon.colcon_core.environment:checking '/home/jagdeesh/tracker/install/aruco_tracker/bin'
[586.358s] Level 1:colcon.colcon_core.environment:checking '/home/jagdeesh/tracker/install/aruco_tracker/lib/pkgconfig/aruco_tracker.pc'
[586.358s] Level 1:colcon.colcon_core.environment:checking '/home/jagdeesh/tracker/install/aruco_tracker/lib/python3.10/site-packages'
[586.359s] Level 1:colcon.colcon_core.environment:checking '/home/jagdeesh/tracker/install/aruco_tracker/bin'
[586.359s] INFO:colcon.colcon_core.shell:Creating package script '/home/jagdeesh/tracker/install/aruco_tracker/share/aruco_tracker/package.ps1'
[586.360s] INFO:colcon.colcon_core.shell:Creating package descriptor '/home/jagdeesh/tracker/install/aruco_tracker/share/aruco_tracker/package.dsv'
[586.361s] INFO:colcon.colcon_core.shell:Creating package script '/home/jagdeesh/tracker/install/aruco_tracker/share/aruco_tracker/package.sh'
[586.361s] INFO:colcon.colcon_core.shell:Creating package script '/home/jagdeesh/tracker/install/aruco_tracker/share/aruco_tracker/package.bash'
[586.362s] INFO:colcon.colcon_core.shell:Creating package script '/home/jagdeesh/tracker/install/aruco_tracker/share/aruco_tracker/package.zsh'
[586.362s] Level 1:colcon.colcon_core.environment:create_file_with_runtime_dependencies(/home/jagdeesh/tracker/install/aruco_tracker/share/colcon-core/packages/aruco_tracker)
[586.363s] Level 1:colcon.colcon_core.environment:create_environment_scripts_only(aruco_tracker)
[586.364s] Level 1:colcon.colcon_core.environment:checking '/home/jagdeesh/tracker/install/aruco_tracker' for CMake module files
[586.364s] Level 1:colcon.colcon_core.environment:checking '/home/jagdeesh/tracker/install/aruco_tracker' for CMake config files
[586.365s] Level 1:colcon.colcon_core.shell:create_environment_hook('aruco_tracker', 'cmake_prefix_path')
[586.365s] INFO:colcon.colcon_core.shell:Creating environment hook '/home/jagdeesh/tracker/install/aruco_tracker/share/aruco_tracker/hook/cmake_prefix_path.ps1'
[586.366s] INFO:colcon.colcon_core.shell:Creating environment descriptor '/home/jagdeesh/tracker/install/aruco_tracker/share/aruco_tracker/hook/cmake_prefix_path.dsv'
[586.366s] INFO:colcon.colcon_core.shell:Creating environment hook '/home/jagdeesh/tracker/install/aruco_tracker/share/aruco_tracker/hook/cmake_prefix_path.sh'
[586.367s] Level 1:colcon.colcon_core.environment:checking '/home/jagdeesh/tracker/install/aruco_tracker/lib'
[586.367s] Level 1:colcon.colcon_core.environment:checking '/home/jagdeesh/tracker/install/aruco_tracker/bin'
[586.367s] Level 1:colcon.colcon_core.environment:checking '/home/jagdeesh/tracker/install/aruco_tracker/lib/pkgconfig/aruco_tracker.pc'
[586.368s] Level 1:colcon.colcon_core.environment:checking '/home/jagdeesh/tracker/install/aruco_tracker/lib/python3.10/site-packages'
[586.368s] Level 1:colcon.colcon_core.environment:checking '/home/jagdeesh/tracker/install/aruco_tracker/bin'
[586.369s] INFO:colcon.colcon_core.shell:Creating package script '/home/jagdeesh/tracker/install/aruco_tracker/share/aruco_tracker/package.ps1'
[586.369s] INFO:colcon.colcon_core.shell:Creating package descriptor '/home/jagdeesh/tracker/install/aruco_tracker/share/aruco_tracker/package.dsv'
[586.370s] INFO:colcon.colcon_core.shell:Creating package script '/home/jagdeesh/tracker/install/aruco_tracker/share/aruco_tracker/package.sh'
[586.371s] INFO:colcon.colcon_core.shell:Creating package script '/home/jagdeesh/tracker/install/aruco_tracker/share/aruco_tracker/package.bash'
[586.371s] INFO:colcon.colcon_core.shell:Creating package script '/home/jagdeesh/tracker/install/aruco_tracker/share/aruco_tracker/package.zsh'
[586.372s] Level 1:colcon.colcon_core.environment:create_file_with_runtime_dependencies(/home/jagdeesh/tracker/install/aruco_tracker/share/colcon-core/packages/aruco_tracker)
[586.373s] INFO:colcon.colcon_ros.task.ament_python.build:Building ROS package in '/home/jagdeesh/tracker/src/vision_opencv/opencv_tests' with build type 'ament_python'
[586.374s] Level 1:colcon.colcon_core.shell:create_environment_hook('opencv_tests', 'ament_prefix_path')
[586.374s] INFO:colcon.colcon_core.shell:Creating environment hook '/home/jagdeesh/tracker/install/opencv_tests/share/opencv_tests/hook/ament_prefix_path.ps1'
[586.375s] INFO:colcon.colcon_core.shell:Creating environment descriptor '/home/jagdeesh/tracker/install/opencv_tests/share/opencv_tests/hook/ament_prefix_path.dsv'
[586.376s] INFO:colcon.colcon_core.shell:Creating environment hook '/home/jagdeesh/tracker/install/opencv_tests/share/opencv_tests/hook/ament_prefix_path.sh'
[586.377s] INFO:colcon.colcon_core.shell:Skip shell extension 'powershell' for command environment: Not usable outside of PowerShell
[586.377s] DEBUG:colcon.colcon_core.shell:Skip shell extension 'dsv' for command environment
[586.880s] INFO:colcon.colcon_core.task.python.build:Building Python package in '/home/jagdeesh/tracker/src/vision_opencv/opencv_tests'
[586.881s] INFO:colcon.colcon_core.shell:Skip shell extension 'powershell' for command environment: Not usable outside of PowerShell
[586.881s] DEBUG:colcon.colcon_core.shell:Skip shell extension 'dsv' for command environment
[587.613s] DEBUG:colcon.colcon_core.event_handler.log_command:Invoking command in '/home/jagdeesh/tracker/src/vision_opencv/opencv_tests': AMENT_PREFIX_PATH=/home/jagdeesh/tracker/install/cv_bridge:${AMENT_PREFIX_PATH} CMAKE_PREFIX_PATH=/home/jagdeesh/tracker/install/cv_bridge LD_LIBRARY_PATH=/home/jagdeesh/tracker/install/cv_bridge/lib:${LD_LIBRARY_PATH} PYTHONPATH=/home/jagdeesh/tracker/build/opencv_tests/prefix_override:/usr/lib/python3/dist-packages/colcon_core/task/python/colcon_distutils_commands:/home/jagdeesh/tracker/install/opencv_tests/lib/python3.10/site-packages:/home/jagdeesh/tracker/install/cv_bridge/local/lib/python3.10/dist-packages:${PYTHONPATH} /usr/bin/python3 -W ignore:setup.py install is deprecated -W ignore:easy_install command is deprecated setup.py egg_info --egg-base ../../../build/opencv_tests build --build-base /home/jagdeesh/tracker/build/opencv_tests/build install --record /home/jagdeesh/tracker/build/opencv_tests/install.log --single-version-externally-managed install_data
[588.099s] Level 1:colcon.colcon_core.environment:checking '/home/jagdeesh/tracker/install/opencv_tests' for CMake module files
[588.100s] DEBUG:colcon.colcon_core.event_handler.log_command:Invoked command in '/home/jagdeesh/tracker/src/vision_opencv/opencv_tests' returned '0': AMENT_PREFIX_PATH=/home/jagdeesh/tracker/install/cv_bridge:${AMENT_PREFIX_PATH} CMAKE_PREFIX_PATH=/home/jagdeesh/tracker/install/cv_bridge LD_LIBRARY_PATH=/home/jagdeesh/tracker/install/cv_bridge/lib:${LD_LIBRARY_PATH} PYTHONPATH=/home/jagdeesh/tracker/build/opencv_tests/prefix_override:/usr/lib/python3/dist-packages/colcon_core/task/python/colcon_distutils_commands:/home/jagdeesh/tracker/install/opencv_tests/lib/python3.10/site-packages:/home/jagdeesh/tracker/install/cv_bridge/local/lib/python3.10/dist-packages:${PYTHONPATH} /usr/bin/python3 -W ignore:setup.py install is deprecated -W ignore:easy_install command is deprecated setup.py egg_info --egg-base ../../../build/opencv_tests build --build-base /home/jagdeesh/tracker/build/opencv_tests/build install --record /home/jagdeesh/tracker/build/opencv_tests/install.log --single-version-externally-managed install_data
[588.101s] Level 1:colcon.colcon_core.environment:checking '/home/jagdeesh/tracker/install/opencv_tests' for CMake config files
[588.102s] Level 1:colcon.colcon_core.environment:checking '/home/jagdeesh/tracker/install/opencv_tests/lib'
[588.102s] Level 1:colcon.colcon_core.environment:checking '/home/jagdeesh/tracker/install/opencv_tests/bin'
[588.102s] Level 1:colcon.colcon_core.environment:checking '/home/jagdeesh/tracker/install/opencv_tests/lib/pkgconfig/opencv_tests.pc'
[588.103s] Level 1:colcon.colcon_core.environment:checking '/home/jagdeesh/tracker/install/opencv_tests/lib/python3.10/site-packages'
[588.103s] Level 1:colcon.colcon_core.shell:create_environment_hook('opencv_tests', 'pythonpath')
[588.103s] INFO:colcon.colcon_core.shell:Creating environment hook '/home/jagdeesh/tracker/install/opencv_tests/share/opencv_tests/hook/pythonpath.ps1'
[588.104s] INFO:colcon.colcon_core.shell:Creating environment descriptor '/home/jagdeesh/tracker/install/opencv_tests/share/opencv_tests/hook/pythonpath.dsv'
[588.105s] INFO:colcon.colcon_core.shell:Creating environment hook '/home/jagdeesh/tracker/install/opencv_tests/share/opencv_tests/hook/pythonpath.sh'
[588.106s] Level 1:colcon.colcon_core.environment:checking '/home/jagdeesh/tracker/install/opencv_tests/bin'
[588.106s] Level 1:colcon.colcon_core.environment:create_environment_scripts_only(opencv_tests)
[588.107s] INFO:colcon.colcon_core.shell:Creating package script '/home/jagdeesh/tracker/install/opencv_tests/share/opencv_tests/package.ps1'
[588.108s] INFO:colcon.colcon_core.shell:Creating package descriptor '/home/jagdeesh/tracker/install/opencv_tests/share/opencv_tests/package.dsv'
[588.108s] INFO:colcon.colcon_core.shell:Creating package script '/home/jagdeesh/tracker/install/opencv_tests/share/opencv_tests/package.sh'
[588.109s] INFO:colcon.colcon_core.shell:Creating package script '/home/jagdeesh/tracker/install/opencv_tests/share/opencv_tests/package.bash'
[588.110s] INFO:colcon.colcon_core.shell:Creating package script '/home/jagdeesh/tracker/install/opencv_tests/share/opencv_tests/package.zsh'
[588.110s] Level 1:colcon.colcon_core.environment:create_file_with_runtime_dependencies(/home/jagdeesh/tracker/install/opencv_tests/share/colcon-core/packages/opencv_tests)
[588.111s] INFO:colcon.colcon_ros.task.ament_cmake.build:Building ROS package in '/home/jagdeesh/tracker/src/ros_gz/ros_ign_interfaces' with build type 'ament_cmake'
[588.112s] INFO:colcon.colcon_cmake.task.cmake.build:Building CMake package in '/home/jagdeesh/tracker/src/ros_gz/ros_ign_interfaces'
[588.112s] INFO:colcon.colcon_core.shell:Skip shell extension 'powershell' for command environment: Not usable outside of PowerShell
[588.113s] DEBUG:colcon.colcon_core.shell:Skip shell extension 'dsv' for command environment
[588.132s] DEBUG:colcon.colcon_core.event_handler.log_command:Invoking command in '/home/jagdeesh/tracker/build/ros_ign_interfaces': AMENT_PREFIX_PATH=/home/jagdeesh/tracker/install/ros_gz_interfaces:${AMENT_PREFIX_PATH} CMAKE_PREFIX_PATH=/home/jagdeesh/tracker/install/ros_gz_interfaces:/opt/ros/humble LD_LIBRARY_PATH=/home/jagdeesh/tracker/install/ros_gz_interfaces/lib:${LD_LIBRARY_PATH} PYTHONPATH=/home/jagdeesh/tracker/install/ros_gz_interfaces/local/lib/python3.10/dist-packages:${PYTHONPATH} /usr/bin/cmake /home/jagdeesh/tracker/src/ros_gz/ros_ign_interfaces -DCMAKE_BUILD_TYPE=Release -DCMAKE_INSTALL_PREFIX=/home/jagdeesh/tracker/install/ros_ign_interfaces
[594.008s] DEBUG:colcon.colcon_core.event_handler.log_command:Invoked command in '/home/jagdeesh/tracker/build/ros_ign_interfaces' returned '0': AMENT_PREFIX_PATH=/home/jagdeesh/tracker/install/ros_gz_interfaces:${AMENT_PREFIX_PATH} CMAKE_PREFIX_PATH=/home/jagdeesh/tracker/install/ros_gz_interfaces:/opt/ros/humble LD_LIBRARY_PATH=/home/jagdeesh/tracker/install/ros_gz_interfaces/lib:${LD_LIBRARY_PATH} PYTHONPATH=/home/jagdeesh/tracker/install/ros_gz_interfaces/local/lib/python3.10/dist-packages:${PYTHONPATH} /usr/bin/cmake /home/jagdeesh/tracker/src/ros_gz/ros_ign_interfaces -DCMAKE_BUILD_TYPE=Release -DCMAKE_INSTALL_PREFIX=/home/jagdeesh/tracker/install/ros_ign_interfaces
[594.015s] DEBUG:colcon.colcon_core.event_handler.log_command:Invoking command in '/home/jagdeesh/tracker/build/ros_ign_interfaces': AMENT_PREFIX_PATH=/home/jagdeesh/tracker/install/ros_gz_interfaces:${AMENT_PREFIX_PATH} CMAKE_PREFIX_PATH=/home/jagdeesh/tracker/install/ros_gz_interfaces:/opt/ros/humble LD_LIBRARY_PATH=/home/jagdeesh/tracker/install/ros_gz_interfaces/lib:${LD_LIBRARY_PATH} PYTHONPATH=/home/jagdeesh/tracker/install/ros_gz_interfaces/local/lib/python3.10/dist-packages:${PYTHONPATH} /usr/bin/cmake --build /home/jagdeesh/tracker/build/ros_ign_interfaces -- -j12 -l12
[660.889s] DEBUG:colcon.colcon_core.event_handler.log_command:Invoked command in '/home/jagdeesh/tracker/build/ros_ign_interfaces' returned '0': AMENT_PREFIX_PATH=/home/jagdeesh/tracker/install/ros_gz_interfaces:${AMENT_PREFIX_PATH} CMAKE_PREFIX_PATH=/home/jagdeesh/tracker/install/ros_gz_interfaces:/opt/ros/humble LD_LIBRARY_PATH=/home/jagdeesh/tracker/install/ros_gz_interfaces/lib:${LD_LIBRARY_PATH} PYTHONPATH=/home/jagdeesh/tracker/install/ros_gz_interfaces/local/lib/python3.10/dist-packages:${PYTHONPATH} /usr/bin/cmake --build /home/jagdeesh/tracker/build/ros_ign_interfaces -- -j12 -l12
[660.892s] DEBUG:colcon.colcon_core.event_handler.log_command:Invoking command in '/home/jagdeesh/tracker/build/ros_ign_interfaces': AMENT_PREFIX_PATH=/home/jagdeesh/tracker/install/ros_gz_interfaces:${AMENT_PREFIX_PATH} CMAKE_PREFIX_PATH=/home/jagdeesh/tracker/install/ros_gz_interfaces:/opt/ros/humble LD_LIBRARY_PATH=/home/jagdeesh/tracker/install/ros_gz_interfaces/lib:${LD_LIBRARY_PATH} PYTHONPATH=/home/jagdeesh/tracker/install/ros_gz_interfaces/local/lib/python3.10/dist-packages:${PYTHONPATH} /usr/bin/cmake --install /home/jagdeesh/tracker/build/ros_ign_interfaces
[661.014s] Level 1:colcon.colcon_core.environment:create_environment_scripts_only(ros_ign_interfaces)
[661.014s] Level 1:colcon.colcon_core.environment:checking '/home/jagdeesh/tracker/install/ros_ign_interfaces' for CMake module files
[661.015s] DEBUG:colcon.colcon_core.event_handler.log_command:Invoked command in '/home/jagdeesh/tracker/build/ros_ign_interfaces' returned '0': AMENT_PREFIX_PATH=/home/jagdeesh/tracker/install/ros_gz_interfaces:${AMENT_PREFIX_PATH} CMAKE_PREFIX_PATH=/home/jagdeesh/tracker/install/ros_gz_interfaces:/opt/ros/humble LD_LIBRARY_PATH=/home/jagdeesh/tracker/install/ros_gz_interfaces/lib:${LD_LIBRARY_PATH} PYTHONPATH=/home/jagdeesh/tracker/install/ros_gz_interfaces/local/lib/python3.10/dist-packages:${PYTHONPATH} /usr/bin/cmake --install /home/jagdeesh/tracker/build/ros_ign_interfaces
[661.016s] Level 1:colcon.colcon_core.environment:checking '/home/jagdeesh/tracker/install/ros_ign_interfaces' for CMake config files
[661.016s] Level 1:colcon.colcon_core.shell:create_environment_hook('ros_ign_interfaces', 'cmake_prefix_path')
[661.016s] INFO:colcon.colcon_core.shell:Creating environment hook '/home/jagdeesh/tracker/install/ros_ign_interfaces/share/ros_ign_interfaces/hook/cmake_prefix_path.ps1'
[661.017s] INFO:colcon.colcon_core.shell:Creating environment descriptor '/home/jagdeesh/tracker/install/ros_ign_interfaces/share/ros_ign_interfaces/hook/cmake_prefix_path.dsv'
[661.017s] INFO:colcon.colcon_core.shell:Creating environment hook '/home/jagdeesh/tracker/install/ros_ign_interfaces/share/ros_ign_interfaces/hook/cmake_prefix_path.sh'
[661.018s] Level 1:colcon.colcon_core.environment:checking '/home/jagdeesh/tracker/install/ros_ign_interfaces/lib'
[661.018s] Level 1:colcon.colcon_core.shell:create_environment_hook('ros_ign_interfaces', 'ld_library_path_lib')
[661.019s] INFO:colcon.colcon_core.shell:Creating environment hook '/home/jagdeesh/tracker/install/ros_ign_interfaces/share/ros_ign_interfaces/hook/ld_library_path_lib.ps1'
[661.019s] INFO:colcon.colcon_core.shell:Creating environment descriptor '/home/jagdeesh/tracker/install/ros_ign_interfaces/share/ros_ign_interfaces/hook/ld_library_path_lib.dsv'
[661.019s] INFO:colcon.colcon_core.shell:Creating environment hook '/home/jagdeesh/tracker/install/ros_ign_interfaces/share/ros_ign_interfaces/hook/ld_library_path_lib.sh'
[661.020s] Level 1:colcon.colcon_core.environment:checking '/home/jagdeesh/tracker/install/ros_ign_interfaces/bin'
[661.021s] Level 1:colcon.colcon_core.environment:checking '/home/jagdeesh/tracker/install/ros_ign_interfaces/lib/pkgconfig/ros_ign_interfaces.pc'
[661.022s] Level 1:colcon.colcon_core.environment:checking '/home/jagdeesh/tracker/install/ros_ign_interfaces/lib/python3.10/site-packages'
[661.022s] Level 1:colcon.colcon_core.environment:checking '/home/jagdeesh/tracker/install/ros_ign_interfaces/bin'
[661.023s] INFO:colcon.colcon_core.shell:Creating package script '/home/jagdeesh/tracker/install/ros_ign_interfaces/share/ros_ign_interfaces/package.ps1'
[661.023s] INFO:colcon.colcon_core.shell:Creating package descriptor '/home/jagdeesh/tracker/install/ros_ign_interfaces/share/ros_ign_interfaces/package.dsv'
[661.024s] INFO:colcon.colcon_core.shell:Creating package script '/home/jagdeesh/tracker/install/ros_ign_interfaces/share/ros_ign_interfaces/package.sh'
[661.024s] INFO:colcon.colcon_core.shell:Creating package script '/home/jagdeesh/tracker/install/ros_ign_interfaces/share/ros_ign_interfaces/package.bash'
[661.025s] INFO:colcon.colcon_core.shell:Creating package script '/home/jagdeesh/tracker/install/ros_ign_interfaces/share/ros_ign_interfaces/package.zsh'
[661.025s] Level 1:colcon.colcon_core.environment:create_file_with_runtime_dependencies(/home/jagdeesh/tracker/install/ros_ign_interfaces/share/colcon-core/packages/ros_ign_interfaces)
[661.027s] Level 1:colcon.colcon_core.environment:create_environment_scripts_only(ros_ign_interfaces)
[661.027s] Level 1:colcon.colcon_core.environment:checking '/home/jagdeesh/tracker/install/ros_ign_interfaces' for CMake module files
[661.028s] Level 1:colcon.colcon_core.environment:checking '/home/jagdeesh/tracker/install/ros_ign_interfaces' for CMake config files
[661.029s] Level 1:colcon.colcon_core.shell:create_environment_hook('ros_ign_interfaces', 'cmake_prefix_path')
[661.029s] INFO:colcon.colcon_core.shell:Creating environment hook '/home/jagdeesh/tracker/install/ros_ign_interfaces/share/ros_ign_interfaces/hook/cmake_prefix_path.ps1'
[661.029s] INFO:colcon.colcon_core.shell:Creating environment descriptor '/home/jagdeesh/tracker/install/ros_ign_interfaces/share/ros_ign_interfaces/hook/cmake_prefix_path.dsv'
[661.030s] INFO:colcon.colcon_core.shell:Creating environment hook '/home/jagdeesh/tracker/install/ros_ign_interfaces/share/ros_ign_interfaces/hook/cmake_prefix_path.sh'
[661.031s] Level 1:colcon.colcon_core.environment:checking '/home/jagdeesh/tracker/install/ros_ign_interfaces/lib'
[661.031s] Level 1:colcon.colcon_core.shell:create_environment_hook('ros_ign_interfaces', 'ld_library_path_lib')
[661.031s] INFO:colcon.colcon_core.shell:Creating environment hook '/home/jagdeesh/tracker/install/ros_ign_interfaces/share/ros_ign_interfaces/hook/ld_library_path_lib.ps1'
[661.032s] INFO:colcon.colcon_core.shell:Creating environment descriptor '/home/jagdeesh/tracker/install/ros_ign_interfaces/share/ros_ign_interfaces/hook/ld_library_path_lib.dsv'
[661.032s] INFO:colcon.colcon_core.shell:Creating environment hook '/home/jagdeesh/tracker/install/ros_ign_interfaces/share/ros_ign_interfaces/hook/ld_library_path_lib.sh'
[661.033s] Level 1:colcon.colcon_core.environment:checking '/home/jagdeesh/tracker/install/ros_ign_interfaces/bin'
[661.033s] Level 1:colcon.colcon_core.environment:checking '/home/jagdeesh/tracker/install/ros_ign_interfaces/lib/pkgconfig/ros_ign_interfaces.pc'
[661.033s] Level 1:colcon.colcon_core.environment:checking '/home/jagdeesh/tracker/install/ros_ign_interfaces/lib/python3.10/site-packages'
[661.033s] Level 1:colcon.colcon_core.environment:checking '/home/jagdeesh/tracker/install/ros_ign_interfaces/bin'
[661.034s] INFO:colcon.colcon_core.shell:Creating package script '/home/jagdeesh/tracker/install/ros_ign_interfaces/share/ros_ign_interfaces/package.ps1'
[661.035s] INFO:colcon.colcon_core.shell:Creating package descriptor '/home/jagdeesh/tracker/install/ros_ign_interfaces/share/ros_ign_interfaces/package.dsv'
[661.035s] INFO:colcon.colcon_core.shell:Creating package script '/home/jagdeesh/tracker/install/ros_ign_interfaces/share/ros_ign_interfaces/package.sh'
[661.036s] INFO:colcon.colcon_core.shell:Creating package script '/home/jagdeesh/tracker/install/ros_ign_interfaces/share/ros_ign_interfaces/package.bash'
[661.036s] INFO:colcon.colcon_core.shell:Creating package script '/home/jagdeesh/tracker/install/ros_ign_interfaces/share/ros_ign_interfaces/package.zsh'
[661.037s] Level 1:colcon.colcon_core.environment:create_file_with_runtime_dependencies(/home/jagdeesh/tracker/install/ros_ign_interfaces/share/colcon-core/packages/ros_ign_interfaces)
[661.037s] INFO:colcon.colcon_ros.task.ament_cmake.build:Building ROS package in '/home/jagdeesh/tracker/src/vision_opencv/vision_opencv' with build type 'ament_cmake'
[661.038s] INFO:colcon.colcon_cmake.task.cmake.build:Building CMake package in '/home/jagdeesh/tracker/src/vision_opencv/vision_opencv'
[661.038s] INFO:colcon.colcon_core.shell:Skip shell extension 'powershell' for command environment: Not usable outside of PowerShell
[661.038s] DEBUG:colcon.colcon_core.shell:Skip shell extension 'dsv' for command environment
[661.050s] DEBUG:colcon.colcon_core.event_handler.log_command:Invoking command in '/home/jagdeesh/tracker/build/vision_opencv': AMENT_PREFIX_PATH=/home/jagdeesh/tracker/install/image_geometry:/home/jagdeesh/tracker/install/cv_bridge:${AMENT_PREFIX_PATH} CMAKE_PREFIX_PATH=/home/jagdeesh/tracker/install/image_geometry:/home/jagdeesh/tracker/install/cv_bridge:/opt/ros/humble LD_LIBRARY_PATH=/home/jagdeesh/tracker/install/image_geometry/lib:/home/jagdeesh/tracker/install/cv_bridge/lib:${LD_LIBRARY_PATH} PYTHONPATH=/home/jagdeesh/tracker/install/image_geometry/local/lib/python3.10/dist-packages:/home/jagdeesh/tracker/install/cv_bridge/local/lib/python3.10/dist-packages:${PYTHONPATH} /usr/bin/cmake /home/jagdeesh/tracker/src/vision_opencv/vision_opencv -DCMAKE_BUILD_TYPE=Release -DCMAKE_INSTALL_PREFIX=/home/jagdeesh/tracker/install/vision_opencv
[661.756s] DEBUG:colcon.colcon_core.event_handler.log_command:Invoked command in '/home/jagdeesh/tracker/build/vision_opencv' returned '0': AMENT_PREFIX_PATH=/home/jagdeesh/tracker/install/image_geometry:/home/jagdeesh/tracker/install/cv_bridge:${AMENT_PREFIX_PATH} CMAKE_PREFIX_PATH=/home/jagdeesh/tracker/install/image_geometry:/home/jagdeesh/tracker/install/cv_bridge:/opt/ros/humble LD_LIBRARY_PATH=/home/jagdeesh/tracker/install/image_geometry/lib:/home/jagdeesh/tracker/install/cv_bridge/lib:${LD_LIBRARY_PATH} PYTHONPATH=/home/jagdeesh/tracker/install/image_geometry/local/lib/python3.10/dist-packages:/home/jagdeesh/tracker/install/cv_bridge/local/lib/python3.10/dist-packages:${PYTHONPATH} /usr/bin/cmake /home/jagdeesh/tracker/src/vision_opencv/vision_opencv -DCMAKE_BUILD_TYPE=Release -DCMAKE_INSTALL_PREFIX=/home/jagdeesh/tracker/install/vision_opencv
[661.758s] DEBUG:colcon.colcon_core.event_handler.log_command:Invoking command in '/home/jagdeesh/tracker/build/vision_opencv': AMENT_PREFIX_PATH=/home/jagdeesh/tracker/install/image_geometry:/home/jagdeesh/tracker/install/cv_bridge:${AMENT_PREFIX_PATH} CMAKE_PREFIX_PATH=/home/jagdeesh/tracker/install/image_geometry:/home/jagdeesh/tracker/install/cv_bridge:/opt/ros/humble LD_LIBRARY_PATH=/home/jagdeesh/tracker/install/image_geometry/lib:/home/jagdeesh/tracker/install/cv_bridge/lib:${LD_LIBRARY_PATH} PYTHONPATH=/home/jagdeesh/tracker/install/image_geometry/local/lib/python3.10/dist-packages:/home/jagdeesh/tracker/install/cv_bridge/local/lib/python3.10/dist-packages:${PYTHONPATH} /usr/bin/cmake --build /home/jagdeesh/tracker/build/vision_opencv -- -j12 -l12
[661.801s] DEBUG:colcon.colcon_core.event_handler.log_command:Invoked command in '/home/jagdeesh/tracker/build/vision_opencv' returned '0': AMENT_PREFIX_PATH=/home/jagdeesh/tracker/install/image_geometry:/home/jagdeesh/tracker/install/cv_bridge:${AMENT_PREFIX_PATH} CMAKE_PREFIX_PATH=/home/jagdeesh/tracker/install/image_geometry:/home/jagdeesh/tracker/install/cv_bridge:/opt/ros/humble LD_LIBRARY_PATH=/home/jagdeesh/tracker/install/image_geometry/lib:/home/jagdeesh/tracker/install/cv_bridge/lib:${LD_LIBRARY_PATH} PYTHONPATH=/home/jagdeesh/tracker/install/image_geometry/local/lib/python3.10/dist-packages:/home/jagdeesh/tracker/install/cv_bridge/local/lib/python3.10/dist-packages:${PYTHONPATH} /usr/bin/cmake --build /home/jagdeesh/tracker/build/vision_opencv -- -j12 -l12
[661.803s] DEBUG:colcon.colcon_core.event_handler.log_command:Invoking command in '/home/jagdeesh/tracker/build/vision_opencv': AMENT_PREFIX_PATH=/home/jagdeesh/tracker/install/image_geometry:/home/jagdeesh/tracker/install/cv_bridge:${AMENT_PREFIX_PATH} CMAKE_PREFIX_PATH=/home/jagdeesh/tracker/install/image_geometry:/home/jagdeesh/tracker/install/cv_bridge:/opt/ros/humble LD_LIBRARY_PATH=/home/jagdeesh/tracker/install/image_geometry/lib:/home/jagdeesh/tracker/install/cv_bridge/lib:${LD_LIBRARY_PATH} PYTHONPATH=/home/jagdeesh/tracker/install/image_geometry/local/lib/python3.10/dist-packages:/home/jagdeesh/tracker/install/cv_bridge/local/lib/python3.10/dist-packages:${PYTHONPATH} /usr/bin/cmake --install /home/jagdeesh/tracker/build/vision_opencv
[661.815s] Level 1:colcon.colcon_core.environment:create_environment_scripts_only(vision_opencv)
[661.816s] Level 1:colcon.colcon_core.environment:checking '/home/jagdeesh/tracker/install/vision_opencv' for CMake module files
[661.816s] DEBUG:colcon.colcon_core.event_handler.log_command:Invoked command in '/home/jagdeesh/tracker/build/vision_opencv' returned '0': AMENT_PREFIX_PATH=/home/jagdeesh/tracker/install/image_geometry:/home/jagdeesh/tracker/install/cv_bridge:${AMENT_PREFIX_PATH} CMAKE_PREFIX_PATH=/home/jagdeesh/tracker/install/image_geometry:/home/jagdeesh/tracker/install/cv_bridge:/opt/ros/humble LD_LIBRARY_PATH=/home/jagdeesh/tracker/install/image_geometry/lib:/home/jagdeesh/tracker/install/cv_bridge/lib:${LD_LIBRARY_PATH} PYTHONPATH=/home/jagdeesh/tracker/install/image_geometry/local/lib/python3.10/dist-packages:/home/jagdeesh/tracker/install/cv_bridge/local/lib/python3.10/dist-packages:${PYTHONPATH} /usr/bin/cmake --install /home/jagdeesh/tracker/build/vision_opencv
[661.817s] Level 1:colcon.colcon_core.environment:checking '/home/jagdeesh/tracker/install/vision_opencv' for CMake config files
[661.817s] Level 1:colcon.colcon_core.shell:create_environment_hook('vision_opencv', 'cmake_prefix_path')
[661.817s] INFO:colcon.colcon_core.shell:Creating environment hook '/home/jagdeesh/tracker/install/vision_opencv/share/vision_opencv/hook/cmake_prefix_path.ps1'
[661.818s] INFO:colcon.colcon_core.shell:Creating environment descriptor '/home/jagdeesh/tracker/install/vision_opencv/share/vision_opencv/hook/cmake_prefix_path.dsv'
[661.818s] INFO:colcon.colcon_core.shell:Creating environment hook '/home/jagdeesh/tracker/install/vision_opencv/share/vision_opencv/hook/cmake_prefix_path.sh'
[661.819s] Level 1:colcon.colcon_core.environment:checking '/home/jagdeesh/tracker/install/vision_opencv/bin'
[661.819s] Level 1:colcon.colcon_core.environment:checking '/home/jagdeesh/tracker/install/vision_opencv/lib/pkgconfig/vision_opencv.pc'
[661.820s] Level 1:colcon.colcon_core.environment:checking '/home/jagdeesh/tracker/install/vision_opencv/lib/python3.10/site-packages'
[661.820s] Level 1:colcon.colcon_core.environment:checking '/home/jagdeesh/tracker/install/vision_opencv/bin'
[661.820s] INFO:colcon.colcon_core.shell:Creating package script '/home/jagdeesh/tracker/install/vision_opencv/share/vision_opencv/package.ps1'
[661.821s] INFO:colcon.colcon_core.shell:Creating package descriptor '/home/jagdeesh/tracker/install/vision_opencv/share/vision_opencv/package.dsv'
[661.821s] INFO:colcon.colcon_core.shell:Creating package script '/home/jagdeesh/tracker/install/vision_opencv/share/vision_opencv/package.sh'
[661.822s] INFO:colcon.colcon_core.shell:Creating package script '/home/jagdeesh/tracker/install/vision_opencv/share/vision_opencv/package.bash'
[661.822s] INFO:colcon.colcon_core.shell:Creating package script '/home/jagdeesh/tracker/install/vision_opencv/share/vision_opencv/package.zsh'
[661.823s] Level 1:colcon.colcon_core.environment:create_file_with_runtime_dependencies(/home/jagdeesh/tracker/install/vision_opencv/share/colcon-core/packages/vision_opencv)
[661.824s] Level 1:colcon.colcon_core.environment:create_environment_scripts_only(vision_opencv)
[661.824s] Level 1:colcon.colcon_core.environment:checking '/home/jagdeesh/tracker/install/vision_opencv' for CMake module files
[661.824s] Level 1:colcon.colcon_core.environment:checking '/home/jagdeesh/tracker/install/vision_opencv' for CMake config files
[661.825s] Level 1:colcon.colcon_core.shell:create_environment_hook('vision_opencv', 'cmake_prefix_path')
[661.825s] INFO:colcon.colcon_core.shell:Creating environment hook '/home/jagdeesh/tracker/install/vision_opencv/share/vision_opencv/hook/cmake_prefix_path.ps1'
[661.826s] INFO:colcon.colcon_core.shell:Creating environment descriptor '/home/jagdeesh/tracker/install/vision_opencv/share/vision_opencv/hook/cmake_prefix_path.dsv'
[661.826s] INFO:colcon.colcon_core.shell:Creating environment hook '/home/jagdeesh/tracker/install/vision_opencv/share/vision_opencv/hook/cmake_prefix_path.sh'
[661.826s] Level 1:colcon.colcon_core.environment:checking '/home/jagdeesh/tracker/install/vision_opencv/bin'
[661.826s] Level 1:colcon.colcon_core.environment:checking '/home/jagdeesh/tracker/install/vision_opencv/lib/pkgconfig/vision_opencv.pc'
[661.826s] Level 1:colcon.colcon_core.environment:checking '/home/jagdeesh/tracker/install/vision_opencv/lib/python3.10/site-packages'
[661.827s] Level 1:colcon.colcon_core.environment:checking '/home/jagdeesh/tracker/install/vision_opencv/bin'
[661.827s] INFO:colcon.colcon_core.shell:Creating package script '/home/jagdeesh/tracker/install/vision_opencv/share/vision_opencv/package.ps1'
[661.828s] INFO:colcon.colcon_core.shell:Creating package descriptor '/home/jagdeesh/tracker/install/vision_opencv/share/vision_opencv/package.dsv'
[661.828s] INFO:colcon.colcon_core.shell:Creating package script '/home/jagdeesh/tracker/install/vision_opencv/share/vision_opencv/package.sh'
[661.828s] INFO:colcon.colcon_core.shell:Creating package script '/home/jagdeesh/tracker/install/vision_opencv/share/vision_opencv/package.bash'
[661.829s] INFO:colcon.colcon_core.shell:Creating package script '/home/jagdeesh/tracker/install/vision_opencv/share/vision_opencv/package.zsh'
[661.829s] Level 1:colcon.colcon_core.environment:create_file_with_runtime_dependencies(/home/jagdeesh/tracker/install/vision_opencv/share/colcon-core/packages/vision_opencv)
[661.830s] INFO:colcon.colcon_ros.task.ament_cmake.build:Building ROS package in '/home/jagdeesh/tracker/src/ros_gz/test_ros_gz_bridge' with build type 'ament_cmake'
[661.830s] INFO:colcon.colcon_cmake.task.cmake.build:Building CMake package in '/home/jagdeesh/tracker/src/ros_gz/test_ros_gz_bridge'
[661.830s] INFO:colcon.colcon_core.shell:Skip shell extension 'powershell' for command environment: Not usable outside of PowerShell
[661.830s] DEBUG:colcon.colcon_core.shell:Skip shell extension 'dsv' for command environment
[661.843s] DEBUG:colcon.colcon_core.event_handler.log_command:Invoking command in '/home/jagdeesh/tracker/build/test_ros_gz_bridge': AMENT_PREFIX_PATH=/home/jagdeesh/tracker/install/ros_gz_bridge:/home/jagdeesh/tracker/install/ros_gz_interfaces:${AMENT_PREFIX_PATH} CMAKE_PREFIX_PATH=/home/jagdeesh/tracker/install/ros_gz_bridge:/home/jagdeesh/tracker/install/ros_gz_interfaces:/opt/ros/humble LD_LIBRARY_PATH=/home/jagdeesh/tracker/install/ros_gz_bridge/lib:/home/jagdeesh/tracker/install/ros_gz_interfaces/lib:${LD_LIBRARY_PATH} PYTHONPATH=/home/jagdeesh/tracker/install/ros_gz_interfaces/local/lib/python3.10/dist-packages:${PYTHONPATH} /usr/bin/cmake /home/jagdeesh/tracker/src/ros_gz/test_ros_gz_bridge -DCMAKE_BUILD_TYPE=Release -DCMAKE_INSTALL_PREFIX=/home/jagdeesh/tracker/install/test_ros_gz_bridge
[663.684s] DEBUG:colcon.colcon_core.event_handler.log_command:Invoked command in '/home/jagdeesh/tracker/build/test_ros_gz_bridge' returned '0': AMENT_PREFIX_PATH=/home/jagdeesh/tracker/install/ros_gz_bridge:/home/jagdeesh/tracker/install/ros_gz_interfaces:${AMENT_PREFIX_PATH} CMAKE_PREFIX_PATH=/home/jagdeesh/tracker/install/ros_gz_bridge:/home/jagdeesh/tracker/install/ros_gz_interfaces:/opt/ros/humble LD_LIBRARY_PATH=/home/jagdeesh/tracker/install/ros_gz_bridge/lib:/home/jagdeesh/tracker/install/ros_gz_interfaces/lib:${LD_LIBRARY_PATH} PYTHONPATH=/home/jagdeesh/tracker/install/ros_gz_interfaces/local/lib/python3.10/dist-packages:${PYTHONPATH} /usr/bin/cmake /home/jagdeesh/tracker/src/ros_gz/test_ros_gz_bridge -DCMAKE_BUILD_TYPE=Release -DCMAKE_INSTALL_PREFIX=/home/jagdeesh/tracker/install/test_ros_gz_bridge
[663.686s] DEBUG:colcon.colcon_core.event_handler.log_command:Invoking command in '/home/jagdeesh/tracker/build/test_ros_gz_bridge': AMENT_PREFIX_PATH=/home/jagdeesh/tracker/install/ros_gz_bridge:/home/jagdeesh/tracker/install/ros_gz_interfaces:${AMENT_PREFIX_PATH} CMAKE_PREFIX_PATH=/home/jagdeesh/tracker/install/ros_gz_bridge:/home/jagdeesh/tracker/install/ros_gz_interfaces:/opt/ros/humble LD_LIBRARY_PATH=/home/jagdeesh/tracker/install/ros_gz_bridge/lib:/home/jagdeesh/tracker/install/ros_gz_interfaces/lib:${LD_LIBRARY_PATH} PYTHONPATH=/home/jagdeesh/tracker/install/ros_gz_interfaces/local/lib/python3.10/dist-packages:${PYTHONPATH} /usr/bin/cmake --build /home/jagdeesh/tracker/build/test_ros_gz_bridge -- -j12 -l12
[681.150s] DEBUG:colcon.colcon_core.event_handler.log_command:Invoked command in '/home/jagdeesh/tracker/build/test_ros_gz_bridge' returned '0': AMENT_PREFIX_PATH=/home/jagdeesh/tracker/install/ros_gz_bridge:/home/jagdeesh/tracker/install/ros_gz_interfaces:${AMENT_PREFIX_PATH} CMAKE_PREFIX_PATH=/home/jagdeesh/tracker/install/ros_gz_bridge:/home/jagdeesh/tracker/install/ros_gz_interfaces:/opt/ros/humble LD_LIBRARY_PATH=/home/jagdeesh/tracker/install/ros_gz_bridge/lib:/home/jagdeesh/tracker/install/ros_gz_interfaces/lib:${LD_LIBRARY_PATH} PYTHONPATH=/home/jagdeesh/tracker/install/ros_gz_interfaces/local/lib/python3.10/dist-packages:${PYTHONPATH} /usr/bin/cmake --build /home/jagdeesh/tracker/build/test_ros_gz_bridge -- -j12 -l12
[681.152s] DEBUG:colcon.colcon_core.event_handler.log_command:Invoking command in '/home/jagdeesh/tracker/build/test_ros_gz_bridge': AMENT_PREFIX_PATH=/home/jagdeesh/tracker/install/ros_gz_bridge:/home/jagdeesh/tracker/install/ros_gz_interfaces:${AMENT_PREFIX_PATH} CMAKE_PREFIX_PATH=/home/jagdeesh/tracker/install/ros_gz_bridge:/home/jagdeesh/tracker/install/ros_gz_interfaces:/opt/ros/humble LD_LIBRARY_PATH=/home/jagdeesh/tracker/install/ros_gz_bridge/lib:/home/jagdeesh/tracker/install/ros_gz_interfaces/lib:${LD_LIBRARY_PATH} PYTHONPATH=/home/jagdeesh/tracker/install/ros_gz_interfaces/local/lib/python3.10/dist-packages:${PYTHONPATH} /usr/bin/cmake --install /home/jagdeesh/tracker/build/test_ros_gz_bridge
[681.167s] Level 1:colcon.colcon_core.environment:create_environment_scripts_only(test_ros_gz_bridge)
[681.167s] Level 1:colcon.colcon_core.environment:checking '/home/jagdeesh/tracker/install/test_ros_gz_bridge' for CMake module files
[681.168s] DEBUG:colcon.colcon_core.event_handler.log_command:Invoked command in '/home/jagdeesh/tracker/build/test_ros_gz_bridge' returned '0': AMENT_PREFIX_PATH=/home/jagdeesh/tracker/install/ros_gz_bridge:/home/jagdeesh/tracker/install/ros_gz_interfaces:${AMENT_PREFIX_PATH} CMAKE_PREFIX_PATH=/home/jagdeesh/tracker/install/ros_gz_bridge:/home/jagdeesh/tracker/install/ros_gz_interfaces:/opt/ros/humble LD_LIBRARY_PATH=/home/jagdeesh/tracker/install/ros_gz_bridge/lib:/home/jagdeesh/tracker/install/ros_gz_interfaces/lib:${LD_LIBRARY_PATH} PYTHONPATH=/home/jagdeesh/tracker/install/ros_gz_interfaces/local/lib/python3.10/dist-packages:${PYTHONPATH} /usr/bin/cmake --install /home/jagdeesh/tracker/build/test_ros_gz_bridge
[681.169s] Level 1:colcon.colcon_core.environment:checking '/home/jagdeesh/tracker/install/test_ros_gz_bridge' for CMake config files
[681.169s] Level 1:colcon.colcon_core.shell:create_environment_hook('test_ros_gz_bridge', 'cmake_prefix_path')
[681.169s] INFO:colcon.colcon_core.shell:Creating environment hook '/home/jagdeesh/tracker/install/test_ros_gz_bridge/share/test_ros_gz_bridge/hook/cmake_prefix_path.ps1'
[681.170s] INFO:colcon.colcon_core.shell:Creating environment descriptor '/home/jagdeesh/tracker/install/test_ros_gz_bridge/share/test_ros_gz_bridge/hook/cmake_prefix_path.dsv'
[681.170s] INFO:colcon.colcon_core.shell:Creating environment hook '/home/jagdeesh/tracker/install/test_ros_gz_bridge/share/test_ros_gz_bridge/hook/cmake_prefix_path.sh'
[681.171s] Level 1:colcon.colcon_core.environment:checking '/home/jagdeesh/tracker/install/test_ros_gz_bridge/bin'
[681.171s] Level 1:colcon.colcon_core.environment:checking '/home/jagdeesh/tracker/install/test_ros_gz_bridge/lib/pkgconfig/test_ros_gz_bridge.pc'
[681.172s] Level 1:colcon.colcon_core.environment:checking '/home/jagdeesh/tracker/install/test_ros_gz_bridge/lib/python3.10/site-packages'
[681.172s] Level 1:colcon.colcon_core.environment:checking '/home/jagdeesh/tracker/install/test_ros_gz_bridge/bin'
[681.173s] INFO:colcon.colcon_core.shell:Creating package script '/home/jagdeesh/tracker/install/test_ros_gz_bridge/share/test_ros_gz_bridge/package.ps1'
[681.173s] INFO:colcon.colcon_core.shell:Creating package descriptor '/home/jagdeesh/tracker/install/test_ros_gz_bridge/share/test_ros_gz_bridge/package.dsv'
[681.174s] INFO:colcon.colcon_core.shell:Creating package script '/home/jagdeesh/tracker/install/test_ros_gz_bridge/share/test_ros_gz_bridge/package.sh'
[681.174s] INFO:colcon.colcon_core.shell:Creating package script '/home/jagdeesh/tracker/install/test_ros_gz_bridge/share/test_ros_gz_bridge/package.bash'
[681.175s] INFO:colcon.colcon_core.shell:Creating package script '/home/jagdeesh/tracker/install/test_ros_gz_bridge/share/test_ros_gz_bridge/package.zsh'
[681.175s] Level 1:colcon.colcon_core.environment:create_file_with_runtime_dependencies(/home/jagdeesh/tracker/install/test_ros_gz_bridge/share/colcon-core/packages/test_ros_gz_bridge)
[681.177s] Level 1:colcon.colcon_core.environment:create_environment_scripts_only(test_ros_gz_bridge)
[681.177s] Level 1:colcon.colcon_core.environment:checking '/home/jagdeesh/tracker/install/test_ros_gz_bridge' for CMake module files
[681.177s] Level 1:colcon.colcon_core.environment:checking '/home/jagdeesh/tracker/install/test_ros_gz_bridge' for CMake config files
[681.178s] Level 1:colcon.colcon_core.shell:create_environment_hook('test_ros_gz_bridge', 'cmake_prefix_path')
[681.178s] INFO:colcon.colcon_core.shell:Creating environment hook '/home/jagdeesh/tracker/install/test_ros_gz_bridge/share/test_ros_gz_bridge/hook/cmake_prefix_path.ps1'
[681.179s] INFO:colcon.colcon_core.shell:Creating environment descriptor '/home/jagdeesh/tracker/install/test_ros_gz_bridge/share/test_ros_gz_bridge/hook/cmake_prefix_path.dsv'
[681.180s] INFO:colcon.colcon_core.shell:Creating environment hook '/home/jagdeesh/tracker/install/test_ros_gz_bridge/share/test_ros_gz_bridge/hook/cmake_prefix_path.sh'
[681.180s] Level 1:colcon.colcon_core.environment:checking '/home/jagdeesh/tracker/install/test_ros_gz_bridge/bin'
[681.181s] Level 1:colcon.colcon_core.environment:checking '/home/jagdeesh/tracker/install/test_ros_gz_bridge/lib/pkgconfig/test_ros_gz_bridge.pc'
[681.181s] Level 1:colcon.colcon_core.environment:checking '/home/jagdeesh/tracker/install/test_ros_gz_bridge/lib/python3.10/site-packages'
[681.182s] Level 1:colcon.colcon_core.environment:checking '/home/jagdeesh/tracker/install/test_ros_gz_bridge/bin'
[681.182s] INFO:colcon.colcon_core.shell:Creating package script '/home/jagdeesh/tracker/install/test_ros_gz_bridge/share/test_ros_gz_bridge/package.ps1'
[681.183s] INFO:colcon.colcon_core.shell:Creating package descriptor '/home/jagdeesh/tracker/install/test_ros_gz_bridge/share/test_ros_gz_bridge/package.dsv'
[681.183s] INFO:colcon.colcon_core.shell:Creating package script '/home/jagdeesh/tracker/install/test_ros_gz_bridge/share/test_ros_gz_bridge/package.sh'
[681.184s] INFO:colcon.colcon_core.shell:Creating package script '/home/jagdeesh/tracker/install/test_ros_gz_bridge/share/test_ros_gz_bridge/package.bash'
[681.185s] INFO:colcon.colcon_core.shell:Creating package script '/home/jagdeesh/tracker/install/test_ros_gz_bridge/share/test_ros_gz_bridge/package.zsh'
[681.185s] Level 1:colcon.colcon_core.environment:create_file_with_runtime_dependencies(/home/jagdeesh/tracker/install/test_ros_gz_bridge/share/colcon-core/packages/test_ros_gz_bridge)
[681.186s] INFO:colcon.colcon_ros.task.ament_cmake.build:Building ROS package in '/home/jagdeesh/tracker/src/ros_gz/ros_ign' with build type 'ament_cmake'
[681.186s] INFO:colcon.colcon_cmake.task.cmake.build:Building CMake package in '/home/jagdeesh/tracker/src/ros_gz/ros_ign'
[681.186s] INFO:colcon.colcon_core.shell:Skip shell extension 'powershell' for command environment: Not usable outside of PowerShell
[681.186s] DEBUG:colcon.colcon_core.shell:Skip shell extension 'dsv' for command environment
[681.208s] DEBUG:colcon.colcon_core.event_handler.log_command:Invoking command in '/home/jagdeesh/tracker/build/ros_ign': AMENT_PREFIX_PATH=/home/jagdeesh/tracker/install/ros_ign_gazebo_demos:/home/jagdeesh/tracker/install/ros_gz:/home/jagdeesh/tracker/install/ros_ign_image:/home/jagdeesh/tracker/install/ros_gz_sim_demos:/home/jagdeesh/tracker/install/ros_ign_bridge:/home/jagdeesh/tracker/install/ros_gz_image:/home/jagdeesh/tracker/install/ros_ign_gazebo:/home/jagdeesh/tracker/install/ros_gz_bridge:/home/jagdeesh/tracker/install/ros_gz_sim:/home/jagdeesh/tracker/install/ros_gz_interfaces:${AMENT_PREFIX_PATH} CMAKE_PREFIX_PATH=/home/jagdeesh/tracker/install/ros_ign_gazebo_demos:/home/jagdeesh/tracker/install/ros_gz:/home/jagdeesh/tracker/install/ros_ign_image:/home/jagdeesh/tracker/install/ros_gz_sim_demos:/home/jagdeesh/tracker/install/ros_ign_bridge:/home/jagdeesh/tracker/install/ros_gz_image:/home/jagdeesh/tracker/install/ros_ign_gazebo:/home/jagdeesh/tracker/install/ros_gz_bridge:/home/jagdeesh/tracker/install/ros_gz_sim:/home/jagdeesh/tracker/install/ros_gz_interfaces:/opt/ros/humble LD_LIBRARY_PATH=/home/jagdeesh/tracker/install/ros_gz_bridge/lib:/home/jagdeesh/tracker/install/ros_gz_sim/lib:/home/jagdeesh/tracker/install/ros_gz_interfaces/lib:${LD_LIBRARY_PATH} PYTHONPATH=/home/jagdeesh/tracker/install/ros_gz_interfaces/local/lib/python3.10/dist-packages:${PYTHONPATH} /usr/bin/cmake /home/jagdeesh/tracker/src/ros_gz/ros_ign -DCMAKE_BUILD_TYPE=Release -DCMAKE_INSTALL_PREFIX=/home/jagdeesh/tracker/install/ros_ign
[681.953s] DEBUG:colcon.colcon_core.event_handler.log_command:Invoked command in '/home/jagdeesh/tracker/build/ros_ign' returned '0': AMENT_PREFIX_PATH=/home/jagdeesh/tracker/install/ros_ign_gazebo_demos:/home/jagdeesh/tracker/install/ros_gz:/home/jagdeesh/tracker/install/ros_ign_image:/home/jagdeesh/tracker/install/ros_gz_sim_demos:/home/jagdeesh/tracker/install/ros_ign_bridge:/home/jagdeesh/tracker/install/ros_gz_image:/home/jagdeesh/tracker/install/ros_ign_gazebo:/home/jagdeesh/tracker/install/ros_gz_bridge:/home/jagdeesh/tracker/install/ros_gz_sim:/home/jagdeesh/tracker/install/ros_gz_interfaces:${AMENT_PREFIX_PATH} CMAKE_PREFIX_PATH=/home/jagdeesh/tracker/install/ros_ign_gazebo_demos:/home/jagdeesh/tracker/install/ros_gz:/home/jagdeesh/tracker/install/ros_ign_image:/home/jagdeesh/tracker/install/ros_gz_sim_demos:/home/jagdeesh/tracker/install/ros_ign_bridge:/home/jagdeesh/tracker/install/ros_gz_image:/home/jagdeesh/tracker/install/ros_ign_gazebo:/home/jagdeesh/tracker/install/ros_gz_bridge:/home/jagdeesh/tracker/install/ros_gz_sim:/home/jagdeesh/tracker/install/ros_gz_interfaces:/opt/ros/humble LD_LIBRARY_PATH=/home/jagdeesh/tracker/install/ros_gz_bridge/lib:/home/jagdeesh/tracker/install/ros_gz_sim/lib:/home/jagdeesh/tracker/install/ros_gz_interfaces/lib:${LD_LIBRARY_PATH} PYTHONPATH=/home/jagdeesh/tracker/install/ros_gz_interfaces/local/lib/python3.10/dist-packages:${PYTHONPATH} /usr/bin/cmake /home/jagdeesh/tracker/src/ros_gz/ros_ign -DCMAKE_BUILD_TYPE=Release -DCMAKE_INSTALL_PREFIX=/home/jagdeesh/tracker/install/ros_ign
[681.955s] DEBUG:colcon.colcon_core.event_handler.log_command:Invoking command in '/home/jagdeesh/tracker/build/ros_ign': AMENT_PREFIX_PATH=/home/jagdeesh/tracker/install/ros_ign_gazebo_demos:/home/jagdeesh/tracker/install/ros_gz:/home/jagdeesh/tracker/install/ros_ign_image:/home/jagdeesh/tracker/install/ros_gz_sim_demos:/home/jagdeesh/tracker/install/ros_ign_bridge:/home/jagdeesh/tracker/install/ros_gz_image:/home/jagdeesh/tracker/install/ros_ign_gazebo:/home/jagdeesh/tracker/install/ros_gz_bridge:/home/jagdeesh/tracker/install/ros_gz_sim:/home/jagdeesh/tracker/install/ros_gz_interfaces:${AMENT_PREFIX_PATH} CMAKE_PREFIX_PATH=/home/jagdeesh/tracker/install/ros_ign_gazebo_demos:/home/jagdeesh/tracker/install/ros_gz:/home/jagdeesh/tracker/install/ros_ign_image:/home/jagdeesh/tracker/install/ros_gz_sim_demos:/home/jagdeesh/tracker/install/ros_ign_bridge:/home/jagdeesh/tracker/install/ros_gz_image:/home/jagdeesh/tracker/install/ros_ign_gazebo:/home/jagdeesh/tracker/install/ros_gz_bridge:/home/jagdeesh/tracker/install/ros_gz_sim:/home/jagdeesh/tracker/install/ros_gz_interfaces:/opt/ros/humble LD_LIBRARY_PATH=/home/jagdeesh/tracker/install/ros_gz_bridge/lib:/home/jagdeesh/tracker/install/ros_gz_sim/lib:/home/jagdeesh/tracker/install/ros_gz_interfaces/lib:${LD_LIBRARY_PATH} PYTHONPATH=/home/jagdeesh/tracker/install/ros_gz_interfaces/local/lib/python3.10/dist-packages:${PYTHONPATH} /usr/bin/cmake --build /home/jagdeesh/tracker/build/ros_ign -- -j12 -l12
[681.997s] DEBUG:colcon.colcon_core.event_handler.log_command:Invoked command in '/home/jagdeesh/tracker/build/ros_ign' returned '0': AMENT_PREFIX_PATH=/home/jagdeesh/tracker/install/ros_ign_gazebo_demos:/home/jagdeesh/tracker/install/ros_gz:/home/jagdeesh/tracker/install/ros_ign_image:/home/jagdeesh/tracker/install/ros_gz_sim_demos:/home/jagdeesh/tracker/install/ros_ign_bridge:/home/jagdeesh/tracker/install/ros_gz_image:/home/jagdeesh/tracker/install/ros_ign_gazebo:/home/jagdeesh/tracker/install/ros_gz_bridge:/home/jagdeesh/tracker/install/ros_gz_sim:/home/jagdeesh/tracker/install/ros_gz_interfaces:${AMENT_PREFIX_PATH} CMAKE_PREFIX_PATH=/home/jagdeesh/tracker/install/ros_ign_gazebo_demos:/home/jagdeesh/tracker/install/ros_gz:/home/jagdeesh/tracker/install/ros_ign_image:/home/jagdeesh/tracker/install/ros_gz_sim_demos:/home/jagdeesh/tracker/install/ros_ign_bridge:/home/jagdeesh/tracker/install/ros_gz_image:/home/jagdeesh/tracker/install/ros_ign_gazebo:/home/jagdeesh/tracker/install/ros_gz_bridge:/home/jagdeesh/tracker/install/ros_gz_sim:/home/jagdeesh/tracker/install/ros_gz_interfaces:/opt/ros/humble LD_LIBRARY_PATH=/home/jagdeesh/tracker/install/ros_gz_bridge/lib:/home/jagdeesh/tracker/install/ros_gz_sim/lib:/home/jagdeesh/tracker/install/ros_gz_interfaces/lib:${LD_LIBRARY_PATH} PYTHONPATH=/home/jagdeesh/tracker/install/ros_gz_interfaces/local/lib/python3.10/dist-packages:${PYTHONPATH} /usr/bin/cmake --build /home/jagdeesh/tracker/build/ros_ign -- -j12 -l12
[681.999s] DEBUG:colcon.colcon_core.event_handler.log_command:Invoking command in '/home/jagdeesh/tracker/build/ros_ign': AMENT_PREFIX_PATH=/home/jagdeesh/tracker/install/ros_ign_gazebo_demos:/home/jagdeesh/tracker/install/ros_gz:/home/jagdeesh/tracker/install/ros_ign_image:/home/jagdeesh/tracker/install/ros_gz_sim_demos:/home/jagdeesh/tracker/install/ros_ign_bridge:/home/jagdeesh/tracker/install/ros_gz_image:/home/jagdeesh/tracker/install/ros_ign_gazebo:/home/jagdeesh/tracker/install/ros_gz_bridge:/home/jagdeesh/tracker/install/ros_gz_sim:/home/jagdeesh/tracker/install/ros_gz_interfaces:${AMENT_PREFIX_PATH} CMAKE_PREFIX_PATH=/home/jagdeesh/tracker/install/ros_ign_gazebo_demos:/home/jagdeesh/tracker/install/ros_gz:/home/jagdeesh/tracker/install/ros_ign_image:/home/jagdeesh/tracker/install/ros_gz_sim_demos:/home/jagdeesh/tracker/install/ros_ign_bridge:/home/jagdeesh/tracker/install/ros_gz_image:/home/jagdeesh/tracker/install/ros_ign_gazebo:/home/jagdeesh/tracker/install/ros_gz_bridge:/home/jagdeesh/tracker/install/ros_gz_sim:/home/jagdeesh/tracker/install/ros_gz_interfaces:/opt/ros/humble LD_LIBRARY_PATH=/home/jagdeesh/tracker/install/ros_gz_bridge/lib:/home/jagdeesh/tracker/install/ros_gz_sim/lib:/home/jagdeesh/tracker/install/ros_gz_interfaces/lib:${LD_LIBRARY_PATH} PYTHONPATH=/home/jagdeesh/tracker/install/ros_gz_interfaces/local/lib/python3.10/dist-packages:${PYTHONPATH} /usr/bin/cmake --install /home/jagdeesh/tracker/build/ros_ign
[682.012s] Level 1:colcon.colcon_core.environment:create_environment_scripts_only(ros_ign)
[682.013s] Level 1:colcon.colcon_core.environment:checking '/home/jagdeesh/tracker/install/ros_ign' for CMake module files
[682.013s] DEBUG:colcon.colcon_core.event_handler.log_command:Invoked command in '/home/jagdeesh/tracker/build/ros_ign' returned '0': AMENT_PREFIX_PATH=/home/jagdeesh/tracker/install/ros_ign_gazebo_demos:/home/jagdeesh/tracker/install/ros_gz:/home/jagdeesh/tracker/install/ros_ign_image:/home/jagdeesh/tracker/install/ros_gz_sim_demos:/home/jagdeesh/tracker/install/ros_ign_bridge:/home/jagdeesh/tracker/install/ros_gz_image:/home/jagdeesh/tracker/install/ros_ign_gazebo:/home/jagdeesh/tracker/install/ros_gz_bridge:/home/jagdeesh/tracker/install/ros_gz_sim:/home/jagdeesh/tracker/install/ros_gz_interfaces:${AMENT_PREFIX_PATH} CMAKE_PREFIX_PATH=/home/jagdeesh/tracker/install/ros_ign_gazebo_demos:/home/jagdeesh/tracker/install/ros_gz:/home/jagdeesh/tracker/install/ros_ign_image:/home/jagdeesh/tracker/install/ros_gz_sim_demos:/home/jagdeesh/tracker/install/ros_ign_bridge:/home/jagdeesh/tracker/install/ros_gz_image:/home/jagdeesh/tracker/install/ros_ign_gazebo:/home/jagdeesh/tracker/install/ros_gz_bridge:/home/jagdeesh/tracker/install/ros_gz_sim:/home/jagdeesh/tracker/install/ros_gz_interfaces:/opt/ros/humble LD_LIBRARY_PATH=/home/jagdeesh/tracker/install/ros_gz_bridge/lib:/home/jagdeesh/tracker/install/ros_gz_sim/lib:/home/jagdeesh/tracker/install/ros_gz_interfaces/lib:${LD_LIBRARY_PATH} PYTHONPATH=/home/jagdeesh/tracker/install/ros_gz_interfaces/local/lib/python3.10/dist-packages:${PYTHONPATH} /usr/bin/cmake --install /home/jagdeesh/tracker/build/ros_ign
[682.014s] Level 1:colcon.colcon_core.environment:checking '/home/jagdeesh/tracker/install/ros_ign' for CMake config files
[682.014s] Level 1:colcon.colcon_core.shell:create_environment_hook('ros_ign', 'cmake_prefix_path')
[682.015s] INFO:colcon.colcon_core.shell:Creating environment hook '/home/jagdeesh/tracker/install/ros_ign/share/ros_ign/hook/cmake_prefix_path.ps1'
[682.015s] INFO:colcon.colcon_core.shell:Creating environment descriptor '/home/jagdeesh/tracker/install/ros_ign/share/ros_ign/hook/cmake_prefix_path.dsv'
[682.016s] INFO:colcon.colcon_core.shell:Creating environment hook '/home/jagdeesh/tracker/install/ros_ign/share/ros_ign/hook/cmake_prefix_path.sh'
[682.016s] Level 1:colcon.colcon_core.environment:checking '/home/jagdeesh/tracker/install/ros_ign/bin'
[682.016s] Level 1:colcon.colcon_core.environment:checking '/home/jagdeesh/tracker/install/ros_ign/lib/pkgconfig/ros_ign.pc'
[682.016s] Level 1:colcon.colcon_core.environment:checking '/home/jagdeesh/tracker/install/ros_ign/lib/python3.10/site-packages'
[682.017s] Level 1:colcon.colcon_core.environment:checking '/home/jagdeesh/tracker/install/ros_ign/bin'
[682.017s] INFO:colcon.colcon_core.shell:Creating package script '/home/jagdeesh/tracker/install/ros_ign/share/ros_ign/package.ps1'
[682.017s] INFO:colcon.colcon_core.shell:Creating package descriptor '/home/jagdeesh/tracker/install/ros_ign/share/ros_ign/package.dsv'
[682.018s] INFO:colcon.colcon_core.shell:Creating package script '/home/jagdeesh/tracker/install/ros_ign/share/ros_ign/package.sh'
[682.018s] INFO:colcon.colcon_core.shell:Creating package script '/home/jagdeesh/tracker/install/ros_ign/share/ros_ign/package.bash'
[682.018s] INFO:colcon.colcon_core.shell:Creating package script '/home/jagdeesh/tracker/install/ros_ign/share/ros_ign/package.zsh'
[682.019s] Level 1:colcon.colcon_core.environment:create_file_with_runtime_dependencies(/home/jagdeesh/tracker/install/ros_ign/share/colcon-core/packages/ros_ign)
[682.019s] Level 1:colcon.colcon_core.environment:create_environment_scripts_only(ros_ign)
[682.019s] Level 1:colcon.colcon_core.environment:checking '/home/jagdeesh/tracker/install/ros_ign' for CMake module files
[682.020s] Level 1:colcon.colcon_core.environment:checking '/home/jagdeesh/tracker/install/ros_ign' for CMake config files
[682.020s] Level 1:colcon.colcon_core.shell:create_environment_hook('ros_ign', 'cmake_prefix_path')
[682.020s] INFO:colcon.colcon_core.shell:Creating environment hook '/home/jagdeesh/tracker/install/ros_ign/share/ros_ign/hook/cmake_prefix_path.ps1'
[682.020s] INFO:colcon.colcon_core.shell:Creating environment descriptor '/home/jagdeesh/tracker/install/ros_ign/share/ros_ign/hook/cmake_prefix_path.dsv'
[682.020s] INFO:colcon.colcon_core.shell:Creating environment hook '/home/jagdeesh/tracker/install/ros_ign/share/ros_ign/hook/cmake_prefix_path.sh'
[682.021s] Level 1:colcon.colcon_core.environment:checking '/home/jagdeesh/tracker/install/ros_ign/bin'
[682.021s] Level 1:colcon.colcon_core.environment:checking '/home/jagdeesh/tracker/install/ros_ign/lib/pkgconfig/ros_ign.pc'
[682.021s] Level 1:colcon.colcon_core.environment:checking '/home/jagdeesh/tracker/install/ros_ign/lib/python3.10/site-packages'
[682.022s] Level 1:colcon.colcon_core.environment:checking '/home/jagdeesh/tracker/install/ros_ign/bin'
[682.022s] INFO:colcon.colcon_core.shell:Creating package script '/home/jagdeesh/tracker/install/ros_ign/share/ros_ign/package.ps1'
[682.022s] INFO:colcon.colcon_core.shell:Creating package descriptor '/home/jagdeesh/tracker/install/ros_ign/share/ros_ign/package.dsv'
[682.023s] INFO:colcon.colcon_core.shell:Creating package script '/home/jagdeesh/tracker/install/ros_ign/share/ros_ign/package.sh'
[682.023s] INFO:colcon.colcon_core.shell:Creating package script '/home/jagdeesh/tracker/install/ros_ign/share/ros_ign/package.bash'
[682.023s] INFO:colcon.colcon_core.shell:Creating package script '/home/jagdeesh/tracker/install/ros_ign/share/ros_ign/package.zsh'
[682.023s] Level 1:colcon.colcon_core.environment:create_file_with_runtime_dependencies(/home/jagdeesh/tracker/install/ros_ign/share/colcon-core/packages/ros_ign)
[730.715s] DEBUG:colcon.colcon_core.event_handler.log_command:Invoked command in '/home/jagdeesh/tracker/build/px4_ros2_cpp' returned '0': AMENT_PREFIX_PATH=/home/jagdeesh/tracker/install/px4_msgs:${AMENT_PREFIX_PATH} CMAKE_PREFIX_PATH=/home/jagdeesh/tracker/install/px4_msgs:/opt/ros/humble LD_LIBRARY_PATH=/home/jagdeesh/tracker/install/px4_msgs/lib:${LD_LIBRARY_PATH} PYTHONPATH=/home/jagdeesh/tracker/install/px4_msgs/local/lib/python3.10/dist-packages:${PYTHONPATH} /usr/bin/cmake --build /home/jagdeesh/tracker/build/px4_ros2_cpp -- -j12 -l12
[730.717s] DEBUG:colcon.colcon_core.event_handler.log_command:Invoking command in '/home/jagdeesh/tracker/build/px4_ros2_cpp': AMENT_PREFIX_PATH=/home/jagdeesh/tracker/install/px4_msgs:${AMENT_PREFIX_PATH} CMAKE_PREFIX_PATH=/home/jagdeesh/tracker/install/px4_msgs:/opt/ros/humble LD_LIBRARY_PATH=/home/jagdeesh/tracker/install/px4_msgs/lib:${LD_LIBRARY_PATH} PYTHONPATH=/home/jagdeesh/tracker/install/px4_msgs/local/lib/python3.10/dist-packages:${PYTHONPATH} /usr/bin/cmake --install /home/jagdeesh/tracker/build/px4_ros2_cpp
[730.752s] Level 1:colcon.colcon_core.environment:create_environment_scripts_only(px4_ros2_cpp)
[730.752s] Level 1:colcon.colcon_core.environment:checking '/home/jagdeesh/tracker/install/px4_ros2_cpp' for CMake module files
[730.752s] DEBUG:colcon.colcon_core.event_handler.log_command:Invoked command in '/home/jagdeesh/tracker/build/px4_ros2_cpp' returned '0': AMENT_PREFIX_PATH=/home/jagdeesh/tracker/install/px4_msgs:${AMENT_PREFIX_PATH} CMAKE_PREFIX_PATH=/home/jagdeesh/tracker/install/px4_msgs:/opt/ros/humble LD_LIBRARY_PATH=/home/jagdeesh/tracker/install/px4_msgs/lib:${LD_LIBRARY_PATH} PYTHONPATH=/home/jagdeesh/tracker/install/px4_msgs/local/lib/python3.10/dist-packages:${PYTHONPATH} /usr/bin/cmake --install /home/jagdeesh/tracker/build/px4_ros2_cpp
[730.753s] Level 1:colcon.colcon_core.environment:checking '/home/jagdeesh/tracker/install/px4_ros2_cpp' for CMake config files
[730.753s] Level 1:colcon.colcon_core.shell:create_environment_hook('px4_ros2_cpp', 'cmake_prefix_path')
[730.754s] INFO:colcon.colcon_core.shell:Creating environment hook '/home/jagdeesh/tracker/install/px4_ros2_cpp/share/px4_ros2_cpp/hook/cmake_prefix_path.ps1'
[730.754s] INFO:colcon.colcon_core.shell:Creating environment descriptor '/home/jagdeesh/tracker/install/px4_ros2_cpp/share/px4_ros2_cpp/hook/cmake_prefix_path.dsv'
[730.754s] INFO:colcon.colcon_core.shell:Creating environment hook '/home/jagdeesh/tracker/install/px4_ros2_cpp/share/px4_ros2_cpp/hook/cmake_prefix_path.sh'
[730.755s] Level 1:colcon.colcon_core.environment:checking '/home/jagdeesh/tracker/install/px4_ros2_cpp/lib'
[730.755s] Level 1:colcon.colcon_core.shell:create_environment_hook('px4_ros2_cpp', 'ld_library_path_lib')
[730.755s] INFO:colcon.colcon_core.shell:Creating environment hook '/home/jagdeesh/tracker/install/px4_ros2_cpp/share/px4_ros2_cpp/hook/ld_library_path_lib.ps1'
[730.755s] INFO:colcon.colcon_core.shell:Creating environment descriptor '/home/jagdeesh/tracker/install/px4_ros2_cpp/share/px4_ros2_cpp/hook/ld_library_path_lib.dsv'
[730.755s] INFO:colcon.colcon_core.shell:Creating environment hook '/home/jagdeesh/tracker/install/px4_ros2_cpp/share/px4_ros2_cpp/hook/ld_library_path_lib.sh'
[730.756s] Level 1:colcon.colcon_core.environment:checking '/home/jagdeesh/tracker/install/px4_ros2_cpp/bin'
[730.756s] Level 1:colcon.colcon_core.environment:checking '/home/jagdeesh/tracker/install/px4_ros2_cpp/lib/pkgconfig/px4_ros2_cpp.pc'
[730.756s] Level 1:colcon.colcon_core.environment:checking '/home/jagdeesh/tracker/install/px4_ros2_cpp/lib/python3.10/site-packages'
[730.756s] Level 1:colcon.colcon_core.environment:checking '/home/jagdeesh/tracker/install/px4_ros2_cpp/bin'
[730.756s] INFO:colcon.colcon_core.shell:Creating package script '/home/jagdeesh/tracker/install/px4_ros2_cpp/share/px4_ros2_cpp/package.ps1'
[730.757s] INFO:colcon.colcon_core.shell:Creating package descriptor '/home/jagdeesh/tracker/install/px4_ros2_cpp/share/px4_ros2_cpp/package.dsv'
[730.757s] INFO:colcon.colcon_core.shell:Creating package script '/home/jagdeesh/tracker/install/px4_ros2_cpp/share/px4_ros2_cpp/package.sh'
[730.757s] INFO:colcon.colcon_core.shell:Creating package script '/home/jagdeesh/tracker/install/px4_ros2_cpp/share/px4_ros2_cpp/package.bash'
[730.757s] INFO:colcon.colcon_core.shell:Creating package script '/home/jagdeesh/tracker/install/px4_ros2_cpp/share/px4_ros2_cpp/package.zsh'
[730.758s] Level 1:colcon.colcon_core.environment:create_file_with_runtime_dependencies(/home/jagdeesh/tracker/install/px4_ros2_cpp/share/colcon-core/packages/px4_ros2_cpp)
[730.758s] Level 1:colcon.colcon_core.environment:create_environment_scripts_only(px4_ros2_cpp)
[730.758s] Level 1:colcon.colcon_core.environment:checking '/home/jagdeesh/tracker/install/px4_ros2_cpp' for CMake module files
[730.759s] Level 1:colcon.colcon_core.environment:checking '/home/jagdeesh/tracker/install/px4_ros2_cpp' for CMake config files
[730.759s] Level 1:colcon.colcon_core.shell:create_environment_hook('px4_ros2_cpp', 'cmake_prefix_path')
[730.759s] INFO:colcon.colcon_core.shell:Creating environment hook '/home/jagdeesh/tracker/install/px4_ros2_cpp/share/px4_ros2_cpp/hook/cmake_prefix_path.ps1'
[730.759s] INFO:colcon.colcon_core.shell:Creating environment descriptor '/home/jagdeesh/tracker/install/px4_ros2_cpp/share/px4_ros2_cpp/hook/cmake_prefix_path.dsv'
[730.759s] INFO:colcon.colcon_core.shell:Creating environment hook '/home/jagdeesh/tracker/install/px4_ros2_cpp/share/px4_ros2_cpp/hook/cmake_prefix_path.sh'
[730.760s] Level 1:colcon.colcon_core.environment:checking '/home/jagdeesh/tracker/install/px4_ros2_cpp/lib'
[730.760s] Level 1:colcon.colcon_core.shell:create_environment_hook('px4_ros2_cpp', 'ld_library_path_lib')
[730.760s] INFO:colcon.colcon_core.shell:Creating environment hook '/home/jagdeesh/tracker/install/px4_ros2_cpp/share/px4_ros2_cpp/hook/ld_library_path_lib.ps1'
[730.761s] INFO:colcon.colcon_core.shell:Creating environment descriptor '/home/jagdeesh/tracker/install/px4_ros2_cpp/share/px4_ros2_cpp/hook/ld_library_path_lib.dsv'
[730.761s] INFO:colcon.colcon_core.shell:Creating environment hook '/home/jagdeesh/tracker/install/px4_ros2_cpp/share/px4_ros2_cpp/hook/ld_library_path_lib.sh'
[730.761s] Level 1:colcon.colcon_core.environment:checking '/home/jagdeesh/tracker/install/px4_ros2_cpp/bin'
[730.761s] Level 1:colcon.colcon_core.environment:checking '/home/jagdeesh/tracker/install/px4_ros2_cpp/lib/pkgconfig/px4_ros2_cpp.pc'
[730.761s] Level 1:colcon.colcon_core.environment:checking '/home/jagdeesh/tracker/install/px4_ros2_cpp/lib/python3.10/site-packages'
[730.762s] Level 1:colcon.colcon_core.environment:checking '/home/jagdeesh/tracker/install/px4_ros2_cpp/bin'
[730.762s] INFO:colcon.colcon_core.shell:Creating package script '/home/jagdeesh/tracker/install/px4_ros2_cpp/share/px4_ros2_cpp/package.ps1'
[730.762s] INFO:colcon.colcon_core.shell:Creating package descriptor '/home/jagdeesh/tracker/install/px4_ros2_cpp/share/px4_ros2_cpp/package.dsv'
[730.763s] INFO:colcon.colcon_core.shell:Creating package script '/home/jagdeesh/tracker/install/px4_ros2_cpp/share/px4_ros2_cpp/package.sh'
[730.763s] INFO:colcon.colcon_core.shell:Creating package script '/home/jagdeesh/tracker/install/px4_ros2_cpp/share/px4_ros2_cpp/package.bash'
[730.763s] INFO:colcon.colcon_core.shell:Creating package script '/home/jagdeesh/tracker/install/px4_ros2_cpp/share/px4_ros2_cpp/package.zsh'
[730.764s] Level 1:colcon.colcon_core.environment:create_file_with_runtime_dependencies(/home/jagdeesh/tracker/install/px4_ros2_cpp/share/colcon-core/packages/px4_ros2_cpp)
[730.764s] INFO:colcon.colcon_ros.task.ament_cmake.build:Building ROS package in '/home/jagdeesh/tracker/src/px4-ros2-interface-lib/examples/cpp/modes/executor_with_multiple_modes' with build type 'ament_cmake'
[730.764s] INFO:colcon.colcon_cmake.task.cmake.build:Building CMake package in '/home/jagdeesh/tracker/src/px4-ros2-interface-lib/examples/cpp/modes/executor_with_multiple_modes'
[730.764s] INFO:colcon.colcon_core.shell:Skip shell extension 'powershell' for command environment: Not usable outside of PowerShell
[730.764s] DEBUG:colcon.colcon_core.shell:Skip shell extension 'dsv' for command environment
[730.767s] INFO:colcon.colcon_ros.task.ament_cmake.build:Building ROS package in '/home/jagdeesh/tracker/src/px4-ros2-interface-lib/examples/cpp/navigation/global_navigation' with build type 'ament_cmake'
[730.767s] INFO:colcon.colcon_cmake.task.cmake.build:Building CMake package in '/home/jagdeesh/tracker/src/px4-ros2-interface-lib/examples/cpp/navigation/global_navigation'
[730.767s] INFO:colcon.colcon_core.shell:Skip shell extension 'powershell' for command environment: Not usable outside of PowerShell
[730.767s] DEBUG:colcon.colcon_core.shell:Skip shell extension 'dsv' for command environment
[730.776s] DEBUG:colcon.colcon_core.event_handler.log_command:Invoking command in '/home/jagdeesh/tracker/build/example_executor_with_multiple_modes_cpp': AMENT_PREFIX_PATH=/home/jagdeesh/tracker/install/px4_ros2_cpp:/home/jagdeesh/tracker/install/px4_msgs:${AMENT_PREFIX_PATH} CMAKE_PREFIX_PATH=/home/jagdeesh/tracker/install/px4_ros2_cpp:/home/jagdeesh/tracker/install/px4_msgs:/opt/ros/humble LD_LIBRARY_PATH=/home/jagdeesh/tracker/install/px4_ros2_cpp/lib:/home/jagdeesh/tracker/install/px4_msgs/lib:${LD_LIBRARY_PATH} PYTHONPATH=/home/jagdeesh/tracker/install/px4_msgs/local/lib/python3.10/dist-packages:${PYTHONPATH} /usr/bin/cmake /home/jagdeesh/tracker/src/px4-ros2-interface-lib/examples/cpp/modes/executor_with_multiple_modes -DCMAKE_BUILD_TYPE=Release -DCMAKE_INSTALL_PREFIX=/home/jagdeesh/tracker/install/example_executor_with_multiple_modes_cpp
[730.779s] DEBUG:colcon.colcon_core.event_handler.log_command:Invoking command in '/home/jagdeesh/tracker/build/example_global_navigation_cpp': AMENT_PREFIX_PATH=/home/jagdeesh/tracker/install/px4_ros2_cpp:/home/jagdeesh/tracker/install/px4_msgs:${AMENT_PREFIX_PATH} CMAKE_PREFIX_PATH=/home/jagdeesh/tracker/install/px4_ros2_cpp:/home/jagdeesh/tracker/install/px4_msgs:/opt/ros/humble LD_LIBRARY_PATH=/home/jagdeesh/tracker/install/px4_ros2_cpp/lib:/home/jagdeesh/tracker/install/px4_msgs/lib:${LD_LIBRARY_PATH} PYTHONPATH=/home/jagdeesh/tracker/install/px4_msgs/local/lib/python3.10/dist-packages:${PYTHONPATH} /usr/bin/cmake /home/jagdeesh/tracker/src/px4-ros2-interface-lib/examples/cpp/navigation/global_navigation -DCMAKE_BUILD_TYPE=Release -DCMAKE_INSTALL_PREFIX=/home/jagdeesh/tracker/install/example_global_navigation_cpp
[731.978s] DEBUG:colcon.colcon_core.event_handler.log_command:Invoked command in '/home/jagdeesh/tracker/build/example_global_navigation_cpp' returned '0': AMENT_PREFIX_PATH=/home/jagdeesh/tracker/install/px4_ros2_cpp:/home/jagdeesh/tracker/install/px4_msgs:${AMENT_PREFIX_PATH} CMAKE_PREFIX_PATH=/home/jagdeesh/tracker/install/px4_ros2_cpp:/home/jagdeesh/tracker/install/px4_msgs:/opt/ros/humble LD_LIBRARY_PATH=/home/jagdeesh/tracker/install/px4_ros2_cpp/lib:/home/jagdeesh/tracker/install/px4_msgs/lib:${LD_LIBRARY_PATH} PYTHONPATH=/home/jagdeesh/tracker/install/px4_msgs/local/lib/python3.10/dist-packages:${PYTHONPATH} /usr/bin/cmake /home/jagdeesh/tracker/src/px4-ros2-interface-lib/examples/cpp/navigation/global_navigation -DCMAKE_BUILD_TYPE=Release -DCMAKE_INSTALL_PREFIX=/home/jagdeesh/tracker/install/example_global_navigation_cpp
[731.980s] DEBUG:colcon.colcon_core.event_handler.log_command:Invoking command in '/home/jagdeesh/tracker/build/example_global_navigation_cpp': AMENT_PREFIX_PATH=/home/jagdeesh/tracker/install/px4_ros2_cpp:/home/jagdeesh/tracker/install/px4_msgs:${AMENT_PREFIX_PATH} CMAKE_PREFIX_PATH=/home/jagdeesh/tracker/install/px4_ros2_cpp:/home/jagdeesh/tracker/install/px4_msgs:/opt/ros/humble LD_LIBRARY_PATH=/home/jagdeesh/tracker/install/px4_ros2_cpp/lib:/home/jagdeesh/tracker/install/px4_msgs/lib:${LD_LIBRARY_PATH} PYTHONPATH=/home/jagdeesh/tracker/install/px4_msgs/local/lib/python3.10/dist-packages:${PYTHONPATH} /usr/bin/cmake --build /home/jagdeesh/tracker/build/example_global_navigation_cpp -- -j12 -l12
[731.997s] DEBUG:colcon.colcon_core.event_handler.log_command:Invoked command in '/home/jagdeesh/tracker/build/example_executor_with_multiple_modes_cpp' returned '0': AMENT_PREFIX_PATH=/home/jagdeesh/tracker/install/px4_ros2_cpp:/home/jagdeesh/tracker/install/px4_msgs:${AMENT_PREFIX_PATH} CMAKE_PREFIX_PATH=/home/jagdeesh/tracker/install/px4_ros2_cpp:/home/jagdeesh/tracker/install/px4_msgs:/opt/ros/humble LD_LIBRARY_PATH=/home/jagdeesh/tracker/install/px4_ros2_cpp/lib:/home/jagdeesh/tracker/install/px4_msgs/lib:${LD_LIBRARY_PATH} PYTHONPATH=/home/jagdeesh/tracker/install/px4_msgs/local/lib/python3.10/dist-packages:${PYTHONPATH} /usr/bin/cmake /home/jagdeesh/tracker/src/px4-ros2-interface-lib/examples/cpp/modes/executor_with_multiple_modes -DCMAKE_BUILD_TYPE=Release -DCMAKE_INSTALL_PREFIX=/home/jagdeesh/tracker/install/example_executor_with_multiple_modes_cpp
[731.998s] DEBUG:colcon.colcon_core.event_handler.log_command:Invoking command in '/home/jagdeesh/tracker/build/example_executor_with_multiple_modes_cpp': AMENT_PREFIX_PATH=/home/jagdeesh/tracker/install/px4_ros2_cpp:/home/jagdeesh/tracker/install/px4_msgs:${AMENT_PREFIX_PATH} CMAKE_PREFIX_PATH=/home/jagdeesh/tracker/install/px4_ros2_cpp:/home/jagdeesh/tracker/install/px4_msgs:/opt/ros/humble LD_LIBRARY_PATH=/home/jagdeesh/tracker/install/px4_ros2_cpp/lib:/home/jagdeesh/tracker/install/px4_msgs/lib:${LD_LIBRARY_PATH} PYTHONPATH=/home/jagdeesh/tracker/install/px4_msgs/local/lib/python3.10/dist-packages:${PYTHONPATH} /usr/bin/cmake --build /home/jagdeesh/tracker/build/example_executor_with_multiple_modes_cpp -- -j12 -l12
[736.050s] DEBUG:colcon.colcon_core.event_handler.log_command:Invoked command in '/home/jagdeesh/tracker/build/example_global_navigation_cpp' returned '0': AMENT_PREFIX_PATH=/home/jagdeesh/tracker/install/px4_ros2_cpp:/home/jagdeesh/tracker/install/px4_msgs:${AMENT_PREFIX_PATH} CMAKE_PREFIX_PATH=/home/jagdeesh/tracker/install/px4_ros2_cpp:/home/jagdeesh/tracker/install/px4_msgs:/opt/ros/humble LD_LIBRARY_PATH=/home/jagdeesh/tracker/install/px4_ros2_cpp/lib:/home/jagdeesh/tracker/install/px4_msgs/lib:${LD_LIBRARY_PATH} PYTHONPATH=/home/jagdeesh/tracker/install/px4_msgs/local/lib/python3.10/dist-packages:${PYTHONPATH} /usr/bin/cmake --build /home/jagdeesh/tracker/build/example_global_navigation_cpp -- -j12 -l12
[736.052s] DEBUG:colcon.colcon_core.event_handler.log_command:Invoking command in '/home/jagdeesh/tracker/build/example_global_navigation_cpp': AMENT_PREFIX_PATH=/home/jagdeesh/tracker/install/px4_ros2_cpp:/home/jagdeesh/tracker/install/px4_msgs:${AMENT_PREFIX_PATH} CMAKE_PREFIX_PATH=/home/jagdeesh/tracker/install/px4_ros2_cpp:/home/jagdeesh/tracker/install/px4_msgs:/opt/ros/humble LD_LIBRARY_PATH=/home/jagdeesh/tracker/install/px4_ros2_cpp/lib:/home/jagdeesh/tracker/install/px4_msgs/lib:${LD_LIBRARY_PATH} PYTHONPATH=/home/jagdeesh/tracker/install/px4_msgs/local/lib/python3.10/dist-packages:${PYTHONPATH} /usr/bin/cmake --install /home/jagdeesh/tracker/build/example_global_navigation_cpp
[736.067s] Level 1:colcon.colcon_core.environment:create_environment_scripts_only(example_global_navigation_cpp)
[736.068s] Level 1:colcon.colcon_core.environment:checking '/home/jagdeesh/tracker/install/example_global_navigation_cpp' for CMake module files
[736.068s] DEBUG:colcon.colcon_core.event_handler.log_command:Invoked command in '/home/jagdeesh/tracker/build/example_global_navigation_cpp' returned '0': AMENT_PREFIX_PATH=/home/jagdeesh/tracker/install/px4_ros2_cpp:/home/jagdeesh/tracker/install/px4_msgs:${AMENT_PREFIX_PATH} CMAKE_PREFIX_PATH=/home/jagdeesh/tracker/install/px4_ros2_cpp:/home/jagdeesh/tracker/install/px4_msgs:/opt/ros/humble LD_LIBRARY_PATH=/home/jagdeesh/tracker/install/px4_ros2_cpp/lib:/home/jagdeesh/tracker/install/px4_msgs/lib:${LD_LIBRARY_PATH} PYTHONPATH=/home/jagdeesh/tracker/install/px4_msgs/local/lib/python3.10/dist-packages:${PYTHONPATH} /usr/bin/cmake --install /home/jagdeesh/tracker/build/example_global_navigation_cpp
[736.069s] Level 1:colcon.colcon_core.environment:checking '/home/jagdeesh/tracker/install/example_global_navigation_cpp' for CMake config files
[736.069s] Level 1:colcon.colcon_core.shell:create_environment_hook('example_global_navigation_cpp', 'cmake_prefix_path')
[736.070s] INFO:colcon.colcon_core.shell:Creating environment hook '/home/jagdeesh/tracker/install/example_global_navigation_cpp/share/example_global_navigation_cpp/hook/cmake_prefix_path.ps1'
[736.070s] INFO:colcon.colcon_core.shell:Creating environment descriptor '/home/jagdeesh/tracker/install/example_global_navigation_cpp/share/example_global_navigation_cpp/hook/cmake_prefix_path.dsv'
[736.071s] INFO:colcon.colcon_core.shell:Creating environment hook '/home/jagdeesh/tracker/install/example_global_navigation_cpp/share/example_global_navigation_cpp/hook/cmake_prefix_path.sh'
[736.071s] Level 1:colcon.colcon_core.environment:checking '/home/jagdeesh/tracker/install/example_global_navigation_cpp/lib'
[736.071s] Level 1:colcon.colcon_core.environment:checking '/home/jagdeesh/tracker/install/example_global_navigation_cpp/bin'
[736.072s] Level 1:colcon.colcon_core.environment:checking '/home/jagdeesh/tracker/install/example_global_navigation_cpp/lib/pkgconfig/example_global_navigation_cpp.pc'
[736.072s] Level 1:colcon.colcon_core.environment:checking '/home/jagdeesh/tracker/install/example_global_navigation_cpp/lib/python3.10/site-packages'
[736.072s] Level 1:colcon.colcon_core.environment:checking '/home/jagdeesh/tracker/install/example_global_navigation_cpp/bin'
[736.073s] INFO:colcon.colcon_core.shell:Creating package script '/home/jagdeesh/tracker/install/example_global_navigation_cpp/share/example_global_navigation_cpp/package.ps1'
[736.073s] INFO:colcon.colcon_core.shell:Creating package descriptor '/home/jagdeesh/tracker/install/example_global_navigation_cpp/share/example_global_navigation_cpp/package.dsv'
[736.074s] INFO:colcon.colcon_core.shell:Creating package script '/home/jagdeesh/tracker/install/example_global_navigation_cpp/share/example_global_navigation_cpp/package.sh'
[736.075s] INFO:colcon.colcon_core.shell:Creating package script '/home/jagdeesh/tracker/install/example_global_navigation_cpp/share/example_global_navigation_cpp/package.bash'
[736.075s] INFO:colcon.colcon_core.shell:Creating package script '/home/jagdeesh/tracker/install/example_global_navigation_cpp/share/example_global_navigation_cpp/package.zsh'
[736.075s] Level 1:colcon.colcon_core.environment:create_file_with_runtime_dependencies(/home/jagdeesh/tracker/install/example_global_navigation_cpp/share/colcon-core/packages/example_global_navigation_cpp)
[736.076s] Level 1:colcon.colcon_core.environment:create_environment_scripts_only(example_global_navigation_cpp)
[736.076s] Level 1:colcon.colcon_core.environment:checking '/home/jagdeesh/tracker/install/example_global_navigation_cpp' for CMake module files
[736.077s] Level 1:colcon.colcon_core.environment:checking '/home/jagdeesh/tracker/install/example_global_navigation_cpp' for CMake config files
[736.077s] Level 1:colcon.colcon_core.shell:create_environment_hook('example_global_navigation_cpp', 'cmake_prefix_path')
[736.077s] INFO:colcon.colcon_core.shell:Creating environment hook '/home/jagdeesh/tracker/install/example_global_navigation_cpp/share/example_global_navigation_cpp/hook/cmake_prefix_path.ps1'
[736.077s] INFO:colcon.colcon_core.shell:Creating environment descriptor '/home/jagdeesh/tracker/install/example_global_navigation_cpp/share/example_global_navigation_cpp/hook/cmake_prefix_path.dsv'
[736.078s] INFO:colcon.colcon_core.shell:Creating environment hook '/home/jagdeesh/tracker/install/example_global_navigation_cpp/share/example_global_navigation_cpp/hook/cmake_prefix_path.sh'
[736.078s] Level 1:colcon.colcon_core.environment:checking '/home/jagdeesh/tracker/install/example_global_navigation_cpp/lib'
[736.078s] Level 1:colcon.colcon_core.environment:checking '/home/jagdeesh/tracker/install/example_global_navigation_cpp/bin'
[736.078s] Level 1:colcon.colcon_core.environment:checking '/home/jagdeesh/tracker/install/example_global_navigation_cpp/lib/pkgconfig/example_global_navigation_cpp.pc'
[736.078s] Level 1:colcon.colcon_core.environment:checking '/home/jagdeesh/tracker/install/example_global_navigation_cpp/lib/python3.10/site-packages'
[736.079s] Level 1:colcon.colcon_core.environment:checking '/home/jagdeesh/tracker/install/example_global_navigation_cpp/bin'
[736.079s] INFO:colcon.colcon_core.shell:Creating package script '/home/jagdeesh/tracker/install/example_global_navigation_cpp/share/example_global_navigation_cpp/package.ps1'
[736.080s] INFO:colcon.colcon_core.shell:Creating package descriptor '/home/jagdeesh/tracker/install/example_global_navigation_cpp/share/example_global_navigation_cpp/package.dsv'
[736.080s] INFO:colcon.colcon_core.shell:Creating package script '/home/jagdeesh/tracker/install/example_global_navigation_cpp/share/example_global_navigation_cpp/package.sh'
[736.080s] INFO:colcon.colcon_core.shell:Creating package script '/home/jagdeesh/tracker/install/example_global_navigation_cpp/share/example_global_navigation_cpp/package.bash'
[736.081s] INFO:colcon.colcon_core.shell:Creating package script '/home/jagdeesh/tracker/install/example_global_navigation_cpp/share/example_global_navigation_cpp/package.zsh'
[736.081s] Level 1:colcon.colcon_core.environment:create_file_with_runtime_dependencies(/home/jagdeesh/tracker/install/example_global_navigation_cpp/share/colcon-core/packages/example_global_navigation_cpp)
[736.082s] INFO:colcon.colcon_ros.task.ament_cmake.build:Building ROS package in '/home/jagdeesh/tracker/src/px4-ros2-interface-lib/examples/cpp/navigation/local_navigation' with build type 'ament_cmake'
[736.082s] INFO:colcon.colcon_cmake.task.cmake.build:Building CMake package in '/home/jagdeesh/tracker/src/px4-ros2-interface-lib/examples/cpp/navigation/local_navigation'
[736.083s] INFO:colcon.colcon_core.shell:Skip shell extension 'powershell' for command environment: Not usable outside of PowerShell
[736.083s] DEBUG:colcon.colcon_core.shell:Skip shell extension 'dsv' for command environment
[736.097s] DEBUG:colcon.colcon_core.event_handler.log_command:Invoking command in '/home/jagdeesh/tracker/build/example_local_navigation_cpp': AMENT_PREFIX_PATH=/home/jagdeesh/tracker/install/px4_ros2_cpp:/home/jagdeesh/tracker/install/px4_msgs:${AMENT_PREFIX_PATH} CMAKE_PREFIX_PATH=/home/jagdeesh/tracker/install/px4_ros2_cpp:/home/jagdeesh/tracker/install/px4_msgs:/opt/ros/humble LD_LIBRARY_PATH=/home/jagdeesh/tracker/install/px4_ros2_cpp/lib:/home/jagdeesh/tracker/install/px4_msgs/lib:${LD_LIBRARY_PATH} PYTHONPATH=/home/jagdeesh/tracker/install/px4_msgs/local/lib/python3.10/dist-packages:${PYTHONPATH} /usr/bin/cmake /home/jagdeesh/tracker/src/px4-ros2-interface-lib/examples/cpp/navigation/local_navigation -DCMAKE_BUILD_TYPE=Release -DCMAKE_INSTALL_PREFIX=/home/jagdeesh/tracker/install/example_local_navigation_cpp
[736.976s] DEBUG:colcon.colcon_core.event_handler.log_command:Invoked command in '/home/jagdeesh/tracker/build/example_executor_with_multiple_modes_cpp' returned '0': AMENT_PREFIX_PATH=/home/jagdeesh/tracker/install/px4_ros2_cpp:/home/jagdeesh/tracker/install/px4_msgs:${AMENT_PREFIX_PATH} CMAKE_PREFIX_PATH=/home/jagdeesh/tracker/install/px4_ros2_cpp:/home/jagdeesh/tracker/install/px4_msgs:/opt/ros/humble LD_LIBRARY_PATH=/home/jagdeesh/tracker/install/px4_ros2_cpp/lib:/home/jagdeesh/tracker/install/px4_msgs/lib:${LD_LIBRARY_PATH} PYTHONPATH=/home/jagdeesh/tracker/install/px4_msgs/local/lib/python3.10/dist-packages:${PYTHONPATH} /usr/bin/cmake --build /home/jagdeesh/tracker/build/example_executor_with_multiple_modes_cpp -- -j12 -l12
[736.978s] DEBUG:colcon.colcon_core.event_handler.log_command:Invoking command in '/home/jagdeesh/tracker/build/example_executor_with_multiple_modes_cpp': AMENT_PREFIX_PATH=/home/jagdeesh/tracker/install/px4_ros2_cpp:/home/jagdeesh/tracker/install/px4_msgs:${AMENT_PREFIX_PATH} CMAKE_PREFIX_PATH=/home/jagdeesh/tracker/install/px4_ros2_cpp:/home/jagdeesh/tracker/install/px4_msgs:/opt/ros/humble LD_LIBRARY_PATH=/home/jagdeesh/tracker/install/px4_ros2_cpp/lib:/home/jagdeesh/tracker/install/px4_msgs/lib:${LD_LIBRARY_PATH} PYTHONPATH=/home/jagdeesh/tracker/install/px4_msgs/local/lib/python3.10/dist-packages:${PYTHONPATH} /usr/bin/cmake --install /home/jagdeesh/tracker/build/example_executor_with_multiple_modes_cpp
[736.991s] Level 1:colcon.colcon_core.environment:create_environment_scripts_only(example_executor_with_multiple_modes_cpp)
[736.992s] Level 1:colcon.colcon_core.environment:checking '/home/jagdeesh/tracker/install/example_executor_with_multiple_modes_cpp' for CMake module files
[736.992s] DEBUG:colcon.colcon_core.event_handler.log_command:Invoked command in '/home/jagdeesh/tracker/build/example_executor_with_multiple_modes_cpp' returned '0': AMENT_PREFIX_PATH=/home/jagdeesh/tracker/install/px4_ros2_cpp:/home/jagdeesh/tracker/install/px4_msgs:${AMENT_PREFIX_PATH} CMAKE_PREFIX_PATH=/home/jagdeesh/tracker/install/px4_ros2_cpp:/home/jagdeesh/tracker/install/px4_msgs:/opt/ros/humble LD_LIBRARY_PATH=/home/jagdeesh/tracker/install/px4_ros2_cpp/lib:/home/jagdeesh/tracker/install/px4_msgs/lib:${LD_LIBRARY_PATH} PYTHONPATH=/home/jagdeesh/tracker/install/px4_msgs/local/lib/python3.10/dist-packages:${PYTHONPATH} /usr/bin/cmake --install /home/jagdeesh/tracker/build/example_executor_with_multiple_modes_cpp
[736.993s] Level 1:colcon.colcon_core.environment:checking '/home/jagdeesh/tracker/install/example_executor_with_multiple_modes_cpp' for CMake config files
[736.993s] Level 1:colcon.colcon_core.shell:create_environment_hook('example_executor_with_multiple_modes_cpp', 'cmake_prefix_path')
[736.993s] INFO:colcon.colcon_core.shell:Creating environment hook '/home/jagdeesh/tracker/install/example_executor_with_multiple_modes_cpp/share/example_executor_with_multiple_modes_cpp/hook/cmake_prefix_path.ps1'
[736.994s] INFO:colcon.colcon_core.shell:Creating environment descriptor '/home/jagdeesh/tracker/install/example_executor_with_multiple_modes_cpp/share/example_executor_with_multiple_modes_cpp/hook/cmake_prefix_path.dsv'
[736.994s] INFO:colcon.colcon_core.shell:Creating environment hook '/home/jagdeesh/tracker/install/example_executor_with_multiple_modes_cpp/share/example_executor_with_multiple_modes_cpp/hook/cmake_prefix_path.sh'
[736.995s] Level 1:colcon.colcon_core.environment:checking '/home/jagdeesh/tracker/install/example_executor_with_multiple_modes_cpp/lib'
[736.995s] Level 1:colcon.colcon_core.environment:checking '/home/jagdeesh/tracker/install/example_executor_with_multiple_modes_cpp/bin'
[736.995s] Level 1:colcon.colcon_core.environment:checking '/home/jagdeesh/tracker/install/example_executor_with_multiple_modes_cpp/lib/pkgconfig/example_executor_with_multiple_modes_cpp.pc'
[736.995s] Level 1:colcon.colcon_core.environment:checking '/home/jagdeesh/tracker/install/example_executor_with_multiple_modes_cpp/lib/python3.10/site-packages'
[736.996s] Level 1:colcon.colcon_core.environment:checking '/home/jagdeesh/tracker/install/example_executor_with_multiple_modes_cpp/bin'
[736.996s] INFO:colcon.colcon_core.shell:Creating package script '/home/jagdeesh/tracker/install/example_executor_with_multiple_modes_cpp/share/example_executor_with_multiple_modes_cpp/package.ps1'
[736.997s] INFO:colcon.colcon_core.shell:Creating package descriptor '/home/jagdeesh/tracker/install/example_executor_with_multiple_modes_cpp/share/example_executor_with_multiple_modes_cpp/package.dsv'
[736.997s] INFO:colcon.colcon_core.shell:Creating package script '/home/jagdeesh/tracker/install/example_executor_with_multiple_modes_cpp/share/example_executor_with_multiple_modes_cpp/package.sh'
[736.998s] INFO:colcon.colcon_core.shell:Creating package script '/home/jagdeesh/tracker/install/example_executor_with_multiple_modes_cpp/share/example_executor_with_multiple_modes_cpp/package.bash'
[736.998s] INFO:colcon.colcon_core.shell:Creating package script '/home/jagdeesh/tracker/install/example_executor_with_multiple_modes_cpp/share/example_executor_with_multiple_modes_cpp/package.zsh'
[736.999s] Level 1:colcon.colcon_core.environment:create_file_with_runtime_dependencies(/home/jagdeesh/tracker/install/example_executor_with_multiple_modes_cpp/share/colcon-core/packages/example_executor_with_multiple_modes_cpp)
[737.000s] Level 1:colcon.colcon_core.environment:create_environment_scripts_only(example_executor_with_multiple_modes_cpp)
[737.000s] Level 1:colcon.colcon_core.environment:checking '/home/jagdeesh/tracker/install/example_executor_with_multiple_modes_cpp' for CMake module files
[737.001s] Level 1:colcon.colcon_core.environment:checking '/home/jagdeesh/tracker/install/example_executor_with_multiple_modes_cpp' for CMake config files
[737.001s] Level 1:colcon.colcon_core.shell:create_environment_hook('example_executor_with_multiple_modes_cpp', 'cmake_prefix_path')
[737.001s] INFO:colcon.colcon_core.shell:Creating environment hook '/home/jagdeesh/tracker/install/example_executor_with_multiple_modes_cpp/share/example_executor_with_multiple_modes_cpp/hook/cmake_prefix_path.ps1'
[737.002s] INFO:colcon.colcon_core.shell:Creating environment descriptor '/home/jagdeesh/tracker/install/example_executor_with_multiple_modes_cpp/share/example_executor_with_multiple_modes_cpp/hook/cmake_prefix_path.dsv'
[737.002s] INFO:colcon.colcon_core.shell:Creating environment hook '/home/jagdeesh/tracker/install/example_executor_with_multiple_modes_cpp/share/example_executor_with_multiple_modes_cpp/hook/cmake_prefix_path.sh'
[737.003s] Level 1:colcon.colcon_core.environment:checking '/home/jagdeesh/tracker/install/example_executor_with_multiple_modes_cpp/lib'
[737.003s] Level 1:colcon.colcon_core.environment:checking '/home/jagdeesh/tracker/install/example_executor_with_multiple_modes_cpp/bin'
[737.003s] Level 1:colcon.colcon_core.environment:checking '/home/jagdeesh/tracker/install/example_executor_with_multiple_modes_cpp/lib/pkgconfig/example_executor_with_multiple_modes_cpp.pc'
[737.003s] Level 1:colcon.colcon_core.environment:checking '/home/jagdeesh/tracker/install/example_executor_with_multiple_modes_cpp/lib/python3.10/site-packages'
[737.004s] Level 1:colcon.colcon_core.environment:checking '/home/jagdeesh/tracker/install/example_executor_with_multiple_modes_cpp/bin'
[737.004s] INFO:colcon.colcon_core.shell:Creating package script '/home/jagdeesh/tracker/install/example_executor_with_multiple_modes_cpp/share/example_executor_with_multiple_modes_cpp/package.ps1'
[737.005s] INFO:colcon.colcon_core.shell:Creating package descriptor '/home/jagdeesh/tracker/install/example_executor_with_multiple_modes_cpp/share/example_executor_with_multiple_modes_cpp/package.dsv'
[737.006s] INFO:colcon.colcon_core.shell:Creating package script '/home/jagdeesh/tracker/install/example_executor_with_multiple_modes_cpp/share/example_executor_with_multiple_modes_cpp/package.sh'
[737.006s] INFO:colcon.colcon_core.shell:Creating package script '/home/jagdeesh/tracker/install/example_executor_with_multiple_modes_cpp/share/example_executor_with_multiple_modes_cpp/package.bash'
[737.007s] INFO:colcon.colcon_core.shell:Creating package script '/home/jagdeesh/tracker/install/example_executor_with_multiple_modes_cpp/share/example_executor_with_multiple_modes_cpp/package.zsh'
[737.007s] Level 1:colcon.colcon_core.environment:create_file_with_runtime_dependencies(/home/jagdeesh/tracker/install/example_executor_with_multiple_modes_cpp/share/colcon-core/packages/example_executor_with_multiple_modes_cpp)
[737.008s] INFO:colcon.colcon_ros.task.ament_cmake.build:Building ROS package in '/home/jagdeesh/tracker/src/px4-ros2-interface-lib/examples/cpp/modes/fw_attitude' with build type 'ament_cmake'
[737.008s] INFO:colcon.colcon_cmake.task.cmake.build:Building CMake package in '/home/jagdeesh/tracker/src/px4-ros2-interface-lib/examples/cpp/modes/fw_attitude'
[737.008s] INFO:colcon.colcon_core.shell:Skip shell extension 'powershell' for command environment: Not usable outside of PowerShell
[737.008s] DEBUG:colcon.colcon_core.shell:Skip shell extension 'dsv' for command environment
[737.022s] DEBUG:colcon.colcon_core.event_handler.log_command:Invoking command in '/home/jagdeesh/tracker/build/example_mode_fw_attitude_cpp': AMENT_PREFIX_PATH=/home/jagdeesh/tracker/install/px4_ros2_cpp:/home/jagdeesh/tracker/install/px4_msgs:${AMENT_PREFIX_PATH} CMAKE_PREFIX_PATH=/home/jagdeesh/tracker/install/px4_ros2_cpp:/home/jagdeesh/tracker/install/px4_msgs:/opt/ros/humble LD_LIBRARY_PATH=/home/jagdeesh/tracker/install/px4_ros2_cpp/lib:/home/jagdeesh/tracker/install/px4_msgs/lib:${LD_LIBRARY_PATH} PYTHONPATH=/home/jagdeesh/tracker/install/px4_msgs/local/lib/python3.10/dist-packages:${PYTHONPATH} /usr/bin/cmake /home/jagdeesh/tracker/src/px4-ros2-interface-lib/examples/cpp/modes/fw_attitude -DCMAKE_BUILD_TYPE=Release -DCMAKE_INSTALL_PREFIX=/home/jagdeesh/tracker/install/example_mode_fw_attitude_cpp
[737.381s] DEBUG:colcon.colcon_core.event_handler.log_command:Invoked command in '/home/jagdeesh/tracker/build/example_local_navigation_cpp' returned '0': AMENT_PREFIX_PATH=/home/jagdeesh/tracker/install/px4_ros2_cpp:/home/jagdeesh/tracker/install/px4_msgs:${AMENT_PREFIX_PATH} CMAKE_PREFIX_PATH=/home/jagdeesh/tracker/install/px4_ros2_cpp:/home/jagdeesh/tracker/install/px4_msgs:/opt/ros/humble LD_LIBRARY_PATH=/home/jagdeesh/tracker/install/px4_ros2_cpp/lib:/home/jagdeesh/tracker/install/px4_msgs/lib:${LD_LIBRARY_PATH} PYTHONPATH=/home/jagdeesh/tracker/install/px4_msgs/local/lib/python3.10/dist-packages:${PYTHONPATH} /usr/bin/cmake /home/jagdeesh/tracker/src/px4-ros2-interface-lib/examples/cpp/navigation/local_navigation -DCMAKE_BUILD_TYPE=Release -DCMAKE_INSTALL_PREFIX=/home/jagdeesh/tracker/install/example_local_navigation_cpp
[737.383s] DEBUG:colcon.colcon_core.event_handler.log_command:Invoking command in '/home/jagdeesh/tracker/build/example_local_navigation_cpp': AMENT_PREFIX_PATH=/home/jagdeesh/tracker/install/px4_ros2_cpp:/home/jagdeesh/tracker/install/px4_msgs:${AMENT_PREFIX_PATH} CMAKE_PREFIX_PATH=/home/jagdeesh/tracker/install/px4_ros2_cpp:/home/jagdeesh/tracker/install/px4_msgs:/opt/ros/humble LD_LIBRARY_PATH=/home/jagdeesh/tracker/install/px4_ros2_cpp/lib:/home/jagdeesh/tracker/install/px4_msgs/lib:${LD_LIBRARY_PATH} PYTHONPATH=/home/jagdeesh/tracker/install/px4_msgs/local/lib/python3.10/dist-packages:${PYTHONPATH} /usr/bin/cmake --build /home/jagdeesh/tracker/build/example_local_navigation_cpp -- -j12 -l12
[738.317s] DEBUG:colcon.colcon_core.event_handler.log_command:Invoked command in '/home/jagdeesh/tracker/build/example_mode_fw_attitude_cpp' returned '0': AMENT_PREFIX_PATH=/home/jagdeesh/tracker/install/px4_ros2_cpp:/home/jagdeesh/tracker/install/px4_msgs:${AMENT_PREFIX_PATH} CMAKE_PREFIX_PATH=/home/jagdeesh/tracker/install/px4_ros2_cpp:/home/jagdeesh/tracker/install/px4_msgs:/opt/ros/humble LD_LIBRARY_PATH=/home/jagdeesh/tracker/install/px4_ros2_cpp/lib:/home/jagdeesh/tracker/install/px4_msgs/lib:${LD_LIBRARY_PATH} PYTHONPATH=/home/jagdeesh/tracker/install/px4_msgs/local/lib/python3.10/dist-packages:${PYTHONPATH} /usr/bin/cmake /home/jagdeesh/tracker/src/px4-ros2-interface-lib/examples/cpp/modes/fw_attitude -DCMAKE_BUILD_TYPE=Release -DCMAKE_INSTALL_PREFIX=/home/jagdeesh/tracker/install/example_mode_fw_attitude_cpp
[738.319s] DEBUG:colcon.colcon_core.event_handler.log_command:Invoking command in '/home/jagdeesh/tracker/build/example_mode_fw_attitude_cpp': AMENT_PREFIX_PATH=/home/jagdeesh/tracker/install/px4_ros2_cpp:/home/jagdeesh/tracker/install/px4_msgs:${AMENT_PREFIX_PATH} CMAKE_PREFIX_PATH=/home/jagdeesh/tracker/install/px4_ros2_cpp:/home/jagdeesh/tracker/install/px4_msgs:/opt/ros/humble LD_LIBRARY_PATH=/home/jagdeesh/tracker/install/px4_ros2_cpp/lib:/home/jagdeesh/tracker/install/px4_msgs/lib:${LD_LIBRARY_PATH} PYTHONPATH=/home/jagdeesh/tracker/install/px4_msgs/local/lib/python3.10/dist-packages:${PYTHONPATH} /usr/bin/cmake --build /home/jagdeesh/tracker/build/example_mode_fw_attitude_cpp -- -j12 -l12
[741.571s] DEBUG:colcon.colcon_core.event_handler.log_command:Invoked command in '/home/jagdeesh/tracker/build/example_local_navigation_cpp' returned '0': AMENT_PREFIX_PATH=/home/jagdeesh/tracker/install/px4_ros2_cpp:/home/jagdeesh/tracker/install/px4_msgs:${AMENT_PREFIX_PATH} CMAKE_PREFIX_PATH=/home/jagdeesh/tracker/install/px4_ros2_cpp:/home/jagdeesh/tracker/install/px4_msgs:/opt/ros/humble LD_LIBRARY_PATH=/home/jagdeesh/tracker/install/px4_ros2_cpp/lib:/home/jagdeesh/tracker/install/px4_msgs/lib:${LD_LIBRARY_PATH} PYTHONPATH=/home/jagdeesh/tracker/install/px4_msgs/local/lib/python3.10/dist-packages:${PYTHONPATH} /usr/bin/cmake --build /home/jagdeesh/tracker/build/example_local_navigation_cpp -- -j12 -l12
[741.574s] DEBUG:colcon.colcon_core.event_handler.log_command:Invoking command in '/home/jagdeesh/tracker/build/example_local_navigation_cpp': AMENT_PREFIX_PATH=/home/jagdeesh/tracker/install/px4_ros2_cpp:/home/jagdeesh/tracker/install/px4_msgs:${AMENT_PREFIX_PATH} CMAKE_PREFIX_PATH=/home/jagdeesh/tracker/install/px4_ros2_cpp:/home/jagdeesh/tracker/install/px4_msgs:/opt/ros/humble LD_LIBRARY_PATH=/home/jagdeesh/tracker/install/px4_ros2_cpp/lib:/home/jagdeesh/tracker/install/px4_msgs/lib:${LD_LIBRARY_PATH} PYTHONPATH=/home/jagdeesh/tracker/install/px4_msgs/local/lib/python3.10/dist-packages:${PYTHONPATH} /usr/bin/cmake --install /home/jagdeesh/tracker/build/example_local_navigation_cpp
[741.586s] Level 1:colcon.colcon_core.environment:create_environment_scripts_only(example_local_navigation_cpp)
[741.587s] Level 1:colcon.colcon_core.environment:checking '/home/jagdeesh/tracker/install/example_local_navigation_cpp' for CMake module files
[741.587s] DEBUG:colcon.colcon_core.event_handler.log_command:Invoked command in '/home/jagdeesh/tracker/build/example_local_navigation_cpp' returned '0': AMENT_PREFIX_PATH=/home/jagdeesh/tracker/install/px4_ros2_cpp:/home/jagdeesh/tracker/install/px4_msgs:${AMENT_PREFIX_PATH} CMAKE_PREFIX_PATH=/home/jagdeesh/tracker/install/px4_ros2_cpp:/home/jagdeesh/tracker/install/px4_msgs:/opt/ros/humble LD_LIBRARY_PATH=/home/jagdeesh/tracker/install/px4_ros2_cpp/lib:/home/jagdeesh/tracker/install/px4_msgs/lib:${LD_LIBRARY_PATH} PYTHONPATH=/home/jagdeesh/tracker/install/px4_msgs/local/lib/python3.10/dist-packages:${PYTHONPATH} /usr/bin/cmake --install /home/jagdeesh/tracker/build/example_local_navigation_cpp
[741.588s] Level 1:colcon.colcon_core.environment:checking '/home/jagdeesh/tracker/install/example_local_navigation_cpp' for CMake config files
[741.588s] Level 1:colcon.colcon_core.shell:create_environment_hook('example_local_navigation_cpp', 'cmake_prefix_path')
[741.589s] INFO:colcon.colcon_core.shell:Creating environment hook '/home/jagdeesh/tracker/install/example_local_navigation_cpp/share/example_local_navigation_cpp/hook/cmake_prefix_path.ps1'
[741.589s] INFO:colcon.colcon_core.shell:Creating environment descriptor '/home/jagdeesh/tracker/install/example_local_navigation_cpp/share/example_local_navigation_cpp/hook/cmake_prefix_path.dsv'
[741.590s] INFO:colcon.colcon_core.shell:Creating environment hook '/home/jagdeesh/tracker/install/example_local_navigation_cpp/share/example_local_navigation_cpp/hook/cmake_prefix_path.sh'
[741.590s] Level 1:colcon.colcon_core.environment:checking '/home/jagdeesh/tracker/install/example_local_navigation_cpp/lib'
[741.590s] Level 1:colcon.colcon_core.environment:checking '/home/jagdeesh/tracker/install/example_local_navigation_cpp/bin'
[741.590s] Level 1:colcon.colcon_core.environment:checking '/home/jagdeesh/tracker/install/example_local_navigation_cpp/lib/pkgconfig/example_local_navigation_cpp.pc'
[741.591s] Level 1:colcon.colcon_core.environment:checking '/home/jagdeesh/tracker/install/example_local_navigation_cpp/lib/python3.10/site-packages'
[741.591s] Level 1:colcon.colcon_core.environment:checking '/home/jagdeesh/tracker/install/example_local_navigation_cpp/bin'
[741.591s] INFO:colcon.colcon_core.shell:Creating package script '/home/jagdeesh/tracker/install/example_local_navigation_cpp/share/example_local_navigation_cpp/package.ps1'
[741.592s] INFO:colcon.colcon_core.shell:Creating package descriptor '/home/jagdeesh/tracker/install/example_local_navigation_cpp/share/example_local_navigation_cpp/package.dsv'
[741.593s] INFO:colcon.colcon_core.shell:Creating package script '/home/jagdeesh/tracker/install/example_local_navigation_cpp/share/example_local_navigation_cpp/package.sh'
[741.593s] INFO:colcon.colcon_core.shell:Creating package script '/home/jagdeesh/tracker/install/example_local_navigation_cpp/share/example_local_navigation_cpp/package.bash'
[741.594s] INFO:colcon.colcon_core.shell:Creating package script '/home/jagdeesh/tracker/install/example_local_navigation_cpp/share/example_local_navigation_cpp/package.zsh'
[741.594s] Level 1:colcon.colcon_core.environment:create_file_with_runtime_dependencies(/home/jagdeesh/tracker/install/example_local_navigation_cpp/share/colcon-core/packages/example_local_navigation_cpp)
[741.595s] Level 1:colcon.colcon_core.environment:create_environment_scripts_only(example_local_navigation_cpp)
[741.595s] Level 1:colcon.colcon_core.environment:checking '/home/jagdeesh/tracker/install/example_local_navigation_cpp' for CMake module files
[741.596s] Level 1:colcon.colcon_core.environment:checking '/home/jagdeesh/tracker/install/example_local_navigation_cpp' for CMake config files
[741.596s] Level 1:colcon.colcon_core.shell:create_environment_hook('example_local_navigation_cpp', 'cmake_prefix_path')
[741.597s] INFO:colcon.colcon_core.shell:Creating environment hook '/home/jagdeesh/tracker/install/example_local_navigation_cpp/share/example_local_navigation_cpp/hook/cmake_prefix_path.ps1'
[741.597s] INFO:colcon.colcon_core.shell:Creating environment descriptor '/home/jagdeesh/tracker/install/example_local_navigation_cpp/share/example_local_navigation_cpp/hook/cmake_prefix_path.dsv'
[741.597s] INFO:colcon.colcon_core.shell:Creating environment hook '/home/jagdeesh/tracker/install/example_local_navigation_cpp/share/example_local_navigation_cpp/hook/cmake_prefix_path.sh'
[741.598s] Level 1:colcon.colcon_core.environment:checking '/home/jagdeesh/tracker/install/example_local_navigation_cpp/lib'
[741.598s] Level 1:colcon.colcon_core.environment:checking '/home/jagdeesh/tracker/install/example_local_navigation_cpp/bin'
[741.598s] Level 1:colcon.colcon_core.environment:checking '/home/jagdeesh/tracker/install/example_local_navigation_cpp/lib/pkgconfig/example_local_navigation_cpp.pc'
[741.599s] Level 1:colcon.colcon_core.environment:checking '/home/jagdeesh/tracker/install/example_local_navigation_cpp/lib/python3.10/site-packages'
[741.599s] Level 1:colcon.colcon_core.environment:checking '/home/jagdeesh/tracker/install/example_local_navigation_cpp/bin'
[741.599s] INFO:colcon.colcon_core.shell:Creating package script '/home/jagdeesh/tracker/install/example_local_navigation_cpp/share/example_local_navigation_cpp/package.ps1'
[741.600s] INFO:colcon.colcon_core.shell:Creating package descriptor '/home/jagdeesh/tracker/install/example_local_navigation_cpp/share/example_local_navigation_cpp/package.dsv'
[741.600s] INFO:colcon.colcon_core.shell:Creating package script '/home/jagdeesh/tracker/install/example_local_navigation_cpp/share/example_local_navigation_cpp/package.sh'
[741.600s] INFO:colcon.colcon_core.shell:Creating package script '/home/jagdeesh/tracker/install/example_local_navigation_cpp/share/example_local_navigation_cpp/package.bash'
[741.601s] INFO:colcon.colcon_core.shell:Creating package script '/home/jagdeesh/tracker/install/example_local_navigation_cpp/share/example_local_navigation_cpp/package.zsh'
[741.601s] Level 1:colcon.colcon_core.environment:create_file_with_runtime_dependencies(/home/jagdeesh/tracker/install/example_local_navigation_cpp/share/colcon-core/packages/example_local_navigation_cpp)
[741.601s] INFO:colcon.colcon_ros.task.ament_cmake.build:Building ROS package in '/home/jagdeesh/tracker/src/px4-ros2-interface-lib/examples/cpp/modes/goto' with build type 'ament_cmake'
[741.602s] INFO:colcon.colcon_cmake.task.cmake.build:Building CMake package in '/home/jagdeesh/tracker/src/px4-ros2-interface-lib/examples/cpp/modes/goto'
[741.602s] INFO:colcon.colcon_core.shell:Skip shell extension 'powershell' for command environment: Not usable outside of PowerShell
[741.602s] DEBUG:colcon.colcon_core.shell:Skip shell extension 'dsv' for command environment
[741.616s] DEBUG:colcon.colcon_core.event_handler.log_command:Invoking command in '/home/jagdeesh/tracker/build/example_mode_goto_cpp': AMENT_PREFIX_PATH=/home/jagdeesh/tracker/install/px4_ros2_cpp:/home/jagdeesh/tracker/install/px4_msgs:${AMENT_PREFIX_PATH} CMAKE_PREFIX_PATH=/home/jagdeesh/tracker/install/px4_ros2_cpp:/home/jagdeesh/tracker/install/px4_msgs:/opt/ros/humble LD_LIBRARY_PATH=/home/jagdeesh/tracker/install/px4_ros2_cpp/lib:/home/jagdeesh/tracker/install/px4_msgs/lib:${LD_LIBRARY_PATH} PYTHONPATH=/home/jagdeesh/tracker/install/px4_msgs/local/lib/python3.10/dist-packages:${PYTHONPATH} /usr/bin/cmake /home/jagdeesh/tracker/src/px4-ros2-interface-lib/examples/cpp/modes/goto -DCMAKE_BUILD_TYPE=Release -DCMAKE_INSTALL_PREFIX=/home/jagdeesh/tracker/install/example_mode_goto_cpp
[742.687s] DEBUG:colcon.colcon_core.event_handler.log_command:Invoked command in '/home/jagdeesh/tracker/build/example_mode_fw_attitude_cpp' returned '0': AMENT_PREFIX_PATH=/home/jagdeesh/tracker/install/px4_ros2_cpp:/home/jagdeesh/tracker/install/px4_msgs:${AMENT_PREFIX_PATH} CMAKE_PREFIX_PATH=/home/jagdeesh/tracker/install/px4_ros2_cpp:/home/jagdeesh/tracker/install/px4_msgs:/opt/ros/humble LD_LIBRARY_PATH=/home/jagdeesh/tracker/install/px4_ros2_cpp/lib:/home/jagdeesh/tracker/install/px4_msgs/lib:${LD_LIBRARY_PATH} PYTHONPATH=/home/jagdeesh/tracker/install/px4_msgs/local/lib/python3.10/dist-packages:${PYTHONPATH} /usr/bin/cmake --build /home/jagdeesh/tracker/build/example_mode_fw_attitude_cpp -- -j12 -l12
[742.689s] DEBUG:colcon.colcon_core.event_handler.log_command:Invoking command in '/home/jagdeesh/tracker/build/example_mode_fw_attitude_cpp': AMENT_PREFIX_PATH=/home/jagdeesh/tracker/install/px4_ros2_cpp:/home/jagdeesh/tracker/install/px4_msgs:${AMENT_PREFIX_PATH} CMAKE_PREFIX_PATH=/home/jagdeesh/tracker/install/px4_ros2_cpp:/home/jagdeesh/tracker/install/px4_msgs:/opt/ros/humble LD_LIBRARY_PATH=/home/jagdeesh/tracker/install/px4_ros2_cpp/lib:/home/jagdeesh/tracker/install/px4_msgs/lib:${LD_LIBRARY_PATH} PYTHONPATH=/home/jagdeesh/tracker/install/px4_msgs/local/lib/python3.10/dist-packages:${PYTHONPATH} /usr/bin/cmake --install /home/jagdeesh/tracker/build/example_mode_fw_attitude_cpp
[742.702s] Level 1:colcon.colcon_core.environment:create_environment_scripts_only(example_mode_fw_attitude_cpp)
[742.703s] Level 1:colcon.colcon_core.environment:checking '/home/jagdeesh/tracker/install/example_mode_fw_attitude_cpp' for CMake module files
[742.703s] DEBUG:colcon.colcon_core.event_handler.log_command:Invoked command in '/home/jagdeesh/tracker/build/example_mode_fw_attitude_cpp' returned '0': AMENT_PREFIX_PATH=/home/jagdeesh/tracker/install/px4_ros2_cpp:/home/jagdeesh/tracker/install/px4_msgs:${AMENT_PREFIX_PATH} CMAKE_PREFIX_PATH=/home/jagdeesh/tracker/install/px4_ros2_cpp:/home/jagdeesh/tracker/install/px4_msgs:/opt/ros/humble LD_LIBRARY_PATH=/home/jagdeesh/tracker/install/px4_ros2_cpp/lib:/home/jagdeesh/tracker/install/px4_msgs/lib:${LD_LIBRARY_PATH} PYTHONPATH=/home/jagdeesh/tracker/install/px4_msgs/local/lib/python3.10/dist-packages:${PYTHONPATH} /usr/bin/cmake --install /home/jagdeesh/tracker/build/example_mode_fw_attitude_cpp
[742.704s] Level 1:colcon.colcon_core.environment:checking '/home/jagdeesh/tracker/install/example_mode_fw_attitude_cpp' for CMake config files
[742.704s] Level 1:colcon.colcon_core.shell:create_environment_hook('example_mode_fw_attitude_cpp', 'cmake_prefix_path')
[742.705s] INFO:colcon.colcon_core.shell:Creating environment hook '/home/jagdeesh/tracker/install/example_mode_fw_attitude_cpp/share/example_mode_fw_attitude_cpp/hook/cmake_prefix_path.ps1'
[742.705s] INFO:colcon.colcon_core.shell:Creating environment descriptor '/home/jagdeesh/tracker/install/example_mode_fw_attitude_cpp/share/example_mode_fw_attitude_cpp/hook/cmake_prefix_path.dsv'
[742.706s] INFO:colcon.colcon_core.shell:Creating environment hook '/home/jagdeesh/tracker/install/example_mode_fw_attitude_cpp/share/example_mode_fw_attitude_cpp/hook/cmake_prefix_path.sh'
[742.706s] Level 1:colcon.colcon_core.environment:checking '/home/jagdeesh/tracker/install/example_mode_fw_attitude_cpp/lib'
[742.706s] Level 1:colcon.colcon_core.environment:checking '/home/jagdeesh/tracker/install/example_mode_fw_attitude_cpp/bin'
[742.706s] Level 1:colcon.colcon_core.environment:checking '/home/jagdeesh/tracker/install/example_mode_fw_attitude_cpp/lib/pkgconfig/example_mode_fw_attitude_cpp.pc'
[742.707s] Level 1:colcon.colcon_core.environment:checking '/home/jagdeesh/tracker/install/example_mode_fw_attitude_cpp/lib/python3.10/site-packages'
[742.707s] Level 1:colcon.colcon_core.environment:checking '/home/jagdeesh/tracker/install/example_mode_fw_attitude_cpp/bin'
[742.708s] INFO:colcon.colcon_core.shell:Creating package script '/home/jagdeesh/tracker/install/example_mode_fw_attitude_cpp/share/example_mode_fw_attitude_cpp/package.ps1'
[742.708s] INFO:colcon.colcon_core.shell:Creating package descriptor '/home/jagdeesh/tracker/install/example_mode_fw_attitude_cpp/share/example_mode_fw_attitude_cpp/package.dsv'
[742.709s] INFO:colcon.colcon_core.shell:Creating package script '/home/jagdeesh/tracker/install/example_mode_fw_attitude_cpp/share/example_mode_fw_attitude_cpp/package.sh'
[742.709s] INFO:colcon.colcon_core.shell:Creating package script '/home/jagdeesh/tracker/install/example_mode_fw_attitude_cpp/share/example_mode_fw_attitude_cpp/package.bash'
[742.709s] INFO:colcon.colcon_core.shell:Creating package script '/home/jagdeesh/tracker/install/example_mode_fw_attitude_cpp/share/example_mode_fw_attitude_cpp/package.zsh'
[742.709s] Level 1:colcon.colcon_core.environment:create_file_with_runtime_dependencies(/home/jagdeesh/tracker/install/example_mode_fw_attitude_cpp/share/colcon-core/packages/example_mode_fw_attitude_cpp)
[742.710s] Level 1:colcon.colcon_core.environment:create_environment_scripts_only(example_mode_fw_attitude_cpp)
[742.710s] Level 1:colcon.colcon_core.environment:checking '/home/jagdeesh/tracker/install/example_mode_fw_attitude_cpp' for CMake module files
[742.710s] Level 1:colcon.colcon_core.environment:checking '/home/jagdeesh/tracker/install/example_mode_fw_attitude_cpp' for CMake config files
[742.711s] Level 1:colcon.colcon_core.shell:create_environment_hook('example_mode_fw_attitude_cpp', 'cmake_prefix_path')
[742.711s] INFO:colcon.colcon_core.shell:Creating environment hook '/home/jagdeesh/tracker/install/example_mode_fw_attitude_cpp/share/example_mode_fw_attitude_cpp/hook/cmake_prefix_path.ps1'
[742.711s] INFO:colcon.colcon_core.shell:Creating environment descriptor '/home/jagdeesh/tracker/install/example_mode_fw_attitude_cpp/share/example_mode_fw_attitude_cpp/hook/cmake_prefix_path.dsv'
[742.711s] INFO:colcon.colcon_core.shell:Creating environment hook '/home/jagdeesh/tracker/install/example_mode_fw_attitude_cpp/share/example_mode_fw_attitude_cpp/hook/cmake_prefix_path.sh'
[742.712s] Level 1:colcon.colcon_core.environment:checking '/home/jagdeesh/tracker/install/example_mode_fw_attitude_cpp/lib'
[742.712s] Level 1:colcon.colcon_core.environment:checking '/home/jagdeesh/tracker/install/example_mode_fw_attitude_cpp/bin'
[742.712s] Level 1:colcon.colcon_core.environment:checking '/home/jagdeesh/tracker/install/example_mode_fw_attitude_cpp/lib/pkgconfig/example_mode_fw_attitude_cpp.pc'
[742.712s] Level 1:colcon.colcon_core.environment:checking '/home/jagdeesh/tracker/install/example_mode_fw_attitude_cpp/lib/python3.10/site-packages'
[742.713s] Level 1:colcon.colcon_core.environment:checking '/home/jagdeesh/tracker/install/example_mode_fw_attitude_cpp/bin'
[742.713s] INFO:colcon.colcon_core.shell:Creating package script '/home/jagdeesh/tracker/install/example_mode_fw_attitude_cpp/share/example_mode_fw_attitude_cpp/package.ps1'
[742.713s] INFO:colcon.colcon_core.shell:Creating package descriptor '/home/jagdeesh/tracker/install/example_mode_fw_attitude_cpp/share/example_mode_fw_attitude_cpp/package.dsv'
[742.714s] INFO:colcon.colcon_core.shell:Creating package script '/home/jagdeesh/tracker/install/example_mode_fw_attitude_cpp/share/example_mode_fw_attitude_cpp/package.sh'
[742.714s] INFO:colcon.colcon_core.shell:Creating package script '/home/jagdeesh/tracker/install/example_mode_fw_attitude_cpp/share/example_mode_fw_attitude_cpp/package.bash'
[742.714s] INFO:colcon.colcon_core.shell:Creating package script '/home/jagdeesh/tracker/install/example_mode_fw_attitude_cpp/share/example_mode_fw_attitude_cpp/package.zsh'
[742.715s] Level 1:colcon.colcon_core.environment:create_file_with_runtime_dependencies(/home/jagdeesh/tracker/install/example_mode_fw_attitude_cpp/share/colcon-core/packages/example_mode_fw_attitude_cpp)
[742.715s] INFO:colcon.colcon_ros.task.ament_cmake.build:Building ROS package in '/home/jagdeesh/tracker/src/px4-ros2-interface-lib/examples/cpp/modes/goto_global' with build type 'ament_cmake'
[742.715s] INFO:colcon.colcon_cmake.task.cmake.build:Building CMake package in '/home/jagdeesh/tracker/src/px4-ros2-interface-lib/examples/cpp/modes/goto_global'
[742.716s] INFO:colcon.colcon_core.shell:Skip shell extension 'powershell' for command environment: Not usable outside of PowerShell
[742.716s] DEBUG:colcon.colcon_core.shell:Skip shell extension 'dsv' for command environment
[742.728s] DEBUG:colcon.colcon_core.event_handler.log_command:Invoking command in '/home/jagdeesh/tracker/build/example_mode_goto_global_cpp': AMENT_PREFIX_PATH=/home/jagdeesh/tracker/install/px4_ros2_cpp:/home/jagdeesh/tracker/install/px4_msgs:${AMENT_PREFIX_PATH} CMAKE_PREFIX_PATH=/home/jagdeesh/tracker/install/px4_ros2_cpp:/home/jagdeesh/tracker/install/px4_msgs:/opt/ros/humble LD_LIBRARY_PATH=/home/jagdeesh/tracker/install/px4_ros2_cpp/lib:/home/jagdeesh/tracker/install/px4_msgs/lib:${LD_LIBRARY_PATH} PYTHONPATH=/home/jagdeesh/tracker/install/px4_msgs/local/lib/python3.10/dist-packages:${PYTHONPATH} /usr/bin/cmake /home/jagdeesh/tracker/src/px4-ros2-interface-lib/examples/cpp/modes/goto_global -DCMAKE_BUILD_TYPE=Release -DCMAKE_INSTALL_PREFIX=/home/jagdeesh/tracker/install/example_mode_goto_global_cpp
[742.915s] DEBUG:colcon.colcon_core.event_handler.log_command:Invoked command in '/home/jagdeesh/tracker/build/example_mode_goto_cpp' returned '0': AMENT_PREFIX_PATH=/home/jagdeesh/tracker/install/px4_ros2_cpp:/home/jagdeesh/tracker/install/px4_msgs:${AMENT_PREFIX_PATH} CMAKE_PREFIX_PATH=/home/jagdeesh/tracker/install/px4_ros2_cpp:/home/jagdeesh/tracker/install/px4_msgs:/opt/ros/humble LD_LIBRARY_PATH=/home/jagdeesh/tracker/install/px4_ros2_cpp/lib:/home/jagdeesh/tracker/install/px4_msgs/lib:${LD_LIBRARY_PATH} PYTHONPATH=/home/jagdeesh/tracker/install/px4_msgs/local/lib/python3.10/dist-packages:${PYTHONPATH} /usr/bin/cmake /home/jagdeesh/tracker/src/px4-ros2-interface-lib/examples/cpp/modes/goto -DCMAKE_BUILD_TYPE=Release -DCMAKE_INSTALL_PREFIX=/home/jagdeesh/tracker/install/example_mode_goto_cpp
[742.917s] DEBUG:colcon.colcon_core.event_handler.log_command:Invoking command in '/home/jagdeesh/tracker/build/example_mode_goto_cpp': AMENT_PREFIX_PATH=/home/jagdeesh/tracker/install/px4_ros2_cpp:/home/jagdeesh/tracker/install/px4_msgs:${AMENT_PREFIX_PATH} CMAKE_PREFIX_PATH=/home/jagdeesh/tracker/install/px4_ros2_cpp:/home/jagdeesh/tracker/install/px4_msgs:/opt/ros/humble LD_LIBRARY_PATH=/home/jagdeesh/tracker/install/px4_ros2_cpp/lib:/home/jagdeesh/tracker/install/px4_msgs/lib:${LD_LIBRARY_PATH} PYTHONPATH=/home/jagdeesh/tracker/install/px4_msgs/local/lib/python3.10/dist-packages:${PYTHONPATH} /usr/bin/cmake --build /home/jagdeesh/tracker/build/example_mode_goto_cpp -- -j12 -l12
[744.024s] DEBUG:colcon.colcon_core.event_handler.log_command:Invoked command in '/home/jagdeesh/tracker/build/example_mode_goto_global_cpp' returned '0': AMENT_PREFIX_PATH=/home/jagdeesh/tracker/install/px4_ros2_cpp:/home/jagdeesh/tracker/install/px4_msgs:${AMENT_PREFIX_PATH} CMAKE_PREFIX_PATH=/home/jagdeesh/tracker/install/px4_ros2_cpp:/home/jagdeesh/tracker/install/px4_msgs:/opt/ros/humble LD_LIBRARY_PATH=/home/jagdeesh/tracker/install/px4_ros2_cpp/lib:/home/jagdeesh/tracker/install/px4_msgs/lib:${LD_LIBRARY_PATH} PYTHONPATH=/home/jagdeesh/tracker/install/px4_msgs/local/lib/python3.10/dist-packages:${PYTHONPATH} /usr/bin/cmake /home/jagdeesh/tracker/src/px4-ros2-interface-lib/examples/cpp/modes/goto_global -DCMAKE_BUILD_TYPE=Release -DCMAKE_INSTALL_PREFIX=/home/jagdeesh/tracker/install/example_mode_goto_global_cpp
[744.025s] DEBUG:colcon.colcon_core.event_handler.log_command:Invoking command in '/home/jagdeesh/tracker/build/example_mode_goto_global_cpp': AMENT_PREFIX_PATH=/home/jagdeesh/tracker/install/px4_ros2_cpp:/home/jagdeesh/tracker/install/px4_msgs:${AMENT_PREFIX_PATH} CMAKE_PREFIX_PATH=/home/jagdeesh/tracker/install/px4_ros2_cpp:/home/jagdeesh/tracker/install/px4_msgs:/opt/ros/humble LD_LIBRARY_PATH=/home/jagdeesh/tracker/install/px4_ros2_cpp/lib:/home/jagdeesh/tracker/install/px4_msgs/lib:${LD_LIBRARY_PATH} PYTHONPATH=/home/jagdeesh/tracker/install/px4_msgs/local/lib/python3.10/dist-packages:${PYTHONPATH} /usr/bin/cmake --build /home/jagdeesh/tracker/build/example_mode_goto_global_cpp -- -j12 -l12
[747.708s] DEBUG:colcon.colcon_core.event_handler.log_command:Invoked command in '/home/jagdeesh/tracker/build/example_mode_goto_cpp' returned '0': AMENT_PREFIX_PATH=/home/jagdeesh/tracker/install/px4_ros2_cpp:/home/jagdeesh/tracker/install/px4_msgs:${AMENT_PREFIX_PATH} CMAKE_PREFIX_PATH=/home/jagdeesh/tracker/install/px4_ros2_cpp:/home/jagdeesh/tracker/install/px4_msgs:/opt/ros/humble LD_LIBRARY_PATH=/home/jagdeesh/tracker/install/px4_ros2_cpp/lib:/home/jagdeesh/tracker/install/px4_msgs/lib:${LD_LIBRARY_PATH} PYTHONPATH=/home/jagdeesh/tracker/install/px4_msgs/local/lib/python3.10/dist-packages:${PYTHONPATH} /usr/bin/cmake --build /home/jagdeesh/tracker/build/example_mode_goto_cpp -- -j12 -l12
[747.710s] DEBUG:colcon.colcon_core.event_handler.log_command:Invoking command in '/home/jagdeesh/tracker/build/example_mode_goto_cpp': AMENT_PREFIX_PATH=/home/jagdeesh/tracker/install/px4_ros2_cpp:/home/jagdeesh/tracker/install/px4_msgs:${AMENT_PREFIX_PATH} CMAKE_PREFIX_PATH=/home/jagdeesh/tracker/install/px4_ros2_cpp:/home/jagdeesh/tracker/install/px4_msgs:/opt/ros/humble LD_LIBRARY_PATH=/home/jagdeesh/tracker/install/px4_ros2_cpp/lib:/home/jagdeesh/tracker/install/px4_msgs/lib:${LD_LIBRARY_PATH} PYTHONPATH=/home/jagdeesh/tracker/install/px4_msgs/local/lib/python3.10/dist-packages:${PYTHONPATH} /usr/bin/cmake --install /home/jagdeesh/tracker/build/example_mode_goto_cpp
[747.722s] Level 1:colcon.colcon_core.environment:create_environment_scripts_only(example_mode_goto_cpp)
[747.722s] Level 1:colcon.colcon_core.environment:checking '/home/jagdeesh/tracker/install/example_mode_goto_cpp' for CMake module files
[747.723s] DEBUG:colcon.colcon_core.event_handler.log_command:Invoked command in '/home/jagdeesh/tracker/build/example_mode_goto_cpp' returned '0': AMENT_PREFIX_PATH=/home/jagdeesh/tracker/install/px4_ros2_cpp:/home/jagdeesh/tracker/install/px4_msgs:${AMENT_PREFIX_PATH} CMAKE_PREFIX_PATH=/home/jagdeesh/tracker/install/px4_ros2_cpp:/home/jagdeesh/tracker/install/px4_msgs:/opt/ros/humble LD_LIBRARY_PATH=/home/jagdeesh/tracker/install/px4_ros2_cpp/lib:/home/jagdeesh/tracker/install/px4_msgs/lib:${LD_LIBRARY_PATH} PYTHONPATH=/home/jagdeesh/tracker/install/px4_msgs/local/lib/python3.10/dist-packages:${PYTHONPATH} /usr/bin/cmake --install /home/jagdeesh/tracker/build/example_mode_goto_cpp
[747.723s] Level 1:colcon.colcon_core.environment:checking '/home/jagdeesh/tracker/install/example_mode_goto_cpp' for CMake config files
[747.724s] Level 1:colcon.colcon_core.shell:create_environment_hook('example_mode_goto_cpp', 'cmake_prefix_path')
[747.724s] INFO:colcon.colcon_core.shell:Creating environment hook '/home/jagdeesh/tracker/install/example_mode_goto_cpp/share/example_mode_goto_cpp/hook/cmake_prefix_path.ps1'
[747.725s] INFO:colcon.colcon_core.shell:Creating environment descriptor '/home/jagdeesh/tracker/install/example_mode_goto_cpp/share/example_mode_goto_cpp/hook/cmake_prefix_path.dsv'
[747.725s] INFO:colcon.colcon_core.shell:Creating environment hook '/home/jagdeesh/tracker/install/example_mode_goto_cpp/share/example_mode_goto_cpp/hook/cmake_prefix_path.sh'
[747.726s] Level 1:colcon.colcon_core.environment:checking '/home/jagdeesh/tracker/install/example_mode_goto_cpp/lib'
[747.726s] Level 1:colcon.colcon_core.environment:checking '/home/jagdeesh/tracker/install/example_mode_goto_cpp/bin'
[747.726s] Level 1:colcon.colcon_core.environment:checking '/home/jagdeesh/tracker/install/example_mode_goto_cpp/lib/pkgconfig/example_mode_goto_cpp.pc'
[747.726s] Level 1:colcon.colcon_core.environment:checking '/home/jagdeesh/tracker/install/example_mode_goto_cpp/lib/python3.10/site-packages'
[747.727s] Level 1:colcon.colcon_core.environment:checking '/home/jagdeesh/tracker/install/example_mode_goto_cpp/bin'
[747.727s] INFO:colcon.colcon_core.shell:Creating package script '/home/jagdeesh/tracker/install/example_mode_goto_cpp/share/example_mode_goto_cpp/package.ps1'
[747.728s] INFO:colcon.colcon_core.shell:Creating package descriptor '/home/jagdeesh/tracker/install/example_mode_goto_cpp/share/example_mode_goto_cpp/package.dsv'
[747.728s] INFO:colcon.colcon_core.shell:Creating package script '/home/jagdeesh/tracker/install/example_mode_goto_cpp/share/example_mode_goto_cpp/package.sh'
[747.729s] INFO:colcon.colcon_core.shell:Creating package script '/home/jagdeesh/tracker/install/example_mode_goto_cpp/share/example_mode_goto_cpp/package.bash'
[747.729s] INFO:colcon.colcon_core.shell:Creating package script '/home/jagdeesh/tracker/install/example_mode_goto_cpp/share/example_mode_goto_cpp/package.zsh'
[747.730s] Level 1:colcon.colcon_core.environment:create_file_with_runtime_dependencies(/home/jagdeesh/tracker/install/example_mode_goto_cpp/share/colcon-core/packages/example_mode_goto_cpp)
[747.731s] Level 1:colcon.colcon_core.environment:create_environment_scripts_only(example_mode_goto_cpp)
[747.731s] Level 1:colcon.colcon_core.environment:checking '/home/jagdeesh/tracker/install/example_mode_goto_cpp' for CMake module files
[747.732s] Level 1:colcon.colcon_core.environment:checking '/home/jagdeesh/tracker/install/example_mode_goto_cpp' for CMake config files
[747.732s] Level 1:colcon.colcon_core.shell:create_environment_hook('example_mode_goto_cpp', 'cmake_prefix_path')
[747.732s] INFO:colcon.colcon_core.shell:Creating environment hook '/home/jagdeesh/tracker/install/example_mode_goto_cpp/share/example_mode_goto_cpp/hook/cmake_prefix_path.ps1'
[747.733s] INFO:colcon.colcon_core.shell:Creating environment descriptor '/home/jagdeesh/tracker/install/example_mode_goto_cpp/share/example_mode_goto_cpp/hook/cmake_prefix_path.dsv'
[747.733s] INFO:colcon.colcon_core.shell:Creating environment hook '/home/jagdeesh/tracker/install/example_mode_goto_cpp/share/example_mode_goto_cpp/hook/cmake_prefix_path.sh'
[747.734s] Level 1:colcon.colcon_core.environment:checking '/home/jagdeesh/tracker/install/example_mode_goto_cpp/lib'
[747.734s] Level 1:colcon.colcon_core.environment:checking '/home/jagdeesh/tracker/install/example_mode_goto_cpp/bin'
[747.734s] Level 1:colcon.colcon_core.environment:checking '/home/jagdeesh/tracker/install/example_mode_goto_cpp/lib/pkgconfig/example_mode_goto_cpp.pc'
[747.735s] Level 1:colcon.colcon_core.environment:checking '/home/jagdeesh/tracker/install/example_mode_goto_cpp/lib/python3.10/site-packages'
[747.735s] Level 1:colcon.colcon_core.environment:checking '/home/jagdeesh/tracker/install/example_mode_goto_cpp/bin'
[747.736s] INFO:colcon.colcon_core.shell:Creating package script '/home/jagdeesh/tracker/install/example_mode_goto_cpp/share/example_mode_goto_cpp/package.ps1'
[747.736s] INFO:colcon.colcon_core.shell:Creating package descriptor '/home/jagdeesh/tracker/install/example_mode_goto_cpp/share/example_mode_goto_cpp/package.dsv'
[747.737s] INFO:colcon.colcon_core.shell:Creating package script '/home/jagdeesh/tracker/install/example_mode_goto_cpp/share/example_mode_goto_cpp/package.sh'
[747.737s] INFO:colcon.colcon_core.shell:Creating package script '/home/jagdeesh/tracker/install/example_mode_goto_cpp/share/example_mode_goto_cpp/package.bash'
[747.738s] INFO:colcon.colcon_core.shell:Creating package script '/home/jagdeesh/tracker/install/example_mode_goto_cpp/share/example_mode_goto_cpp/package.zsh'
[747.738s] Level 1:colcon.colcon_core.environment:create_file_with_runtime_dependencies(/home/jagdeesh/tracker/install/example_mode_goto_cpp/share/colcon-core/packages/example_mode_goto_cpp)
[747.739s] INFO:colcon.colcon_ros.task.ament_cmake.build:Building ROS package in '/home/jagdeesh/tracker/src/px4-ros2-interface-lib/examples/cpp/modes/manual' with build type 'ament_cmake'
[747.739s] INFO:colcon.colcon_cmake.task.cmake.build:Building CMake package in '/home/jagdeesh/tracker/src/px4-ros2-interface-lib/examples/cpp/modes/manual'
[747.739s] INFO:colcon.colcon_core.shell:Skip shell extension 'powershell' for command environment: Not usable outside of PowerShell
[747.739s] DEBUG:colcon.colcon_core.shell:Skip shell extension 'dsv' for command environment
[747.753s] DEBUG:colcon.colcon_core.event_handler.log_command:Invoking command in '/home/jagdeesh/tracker/build/example_mode_manual_cpp': AMENT_PREFIX_PATH=/home/jagdeesh/tracker/install/px4_ros2_cpp:/home/jagdeesh/tracker/install/px4_msgs:${AMENT_PREFIX_PATH} CMAKE_PREFIX_PATH=/home/jagdeesh/tracker/install/px4_ros2_cpp:/home/jagdeesh/tracker/install/px4_msgs:/opt/ros/humble LD_LIBRARY_PATH=/home/jagdeesh/tracker/install/px4_ros2_cpp/lib:/home/jagdeesh/tracker/install/px4_msgs/lib:${LD_LIBRARY_PATH} PYTHONPATH=/home/jagdeesh/tracker/install/px4_msgs/local/lib/python3.10/dist-packages:${PYTHONPATH} /usr/bin/cmake /home/jagdeesh/tracker/src/px4-ros2-interface-lib/examples/cpp/modes/manual -DCMAKE_BUILD_TYPE=Release -DCMAKE_INSTALL_PREFIX=/home/jagdeesh/tracker/install/example_mode_manual_cpp
[748.995s] DEBUG:colcon.colcon_core.event_handler.log_command:Invoked command in '/home/jagdeesh/tracker/build/example_mode_goto_global_cpp' returned '0': AMENT_PREFIX_PATH=/home/jagdeesh/tracker/install/px4_ros2_cpp:/home/jagdeesh/tracker/install/px4_msgs:${AMENT_PREFIX_PATH} CMAKE_PREFIX_PATH=/home/jagdeesh/tracker/install/px4_ros2_cpp:/home/jagdeesh/tracker/install/px4_msgs:/opt/ros/humble LD_LIBRARY_PATH=/home/jagdeesh/tracker/install/px4_ros2_cpp/lib:/home/jagdeesh/tracker/install/px4_msgs/lib:${LD_LIBRARY_PATH} PYTHONPATH=/home/jagdeesh/tracker/install/px4_msgs/local/lib/python3.10/dist-packages:${PYTHONPATH} /usr/bin/cmake --build /home/jagdeesh/tracker/build/example_mode_goto_global_cpp -- -j12 -l12
[748.997s] DEBUG:colcon.colcon_core.event_handler.log_command:Invoking command in '/home/jagdeesh/tracker/build/example_mode_goto_global_cpp': AMENT_PREFIX_PATH=/home/jagdeesh/tracker/install/px4_ros2_cpp:/home/jagdeesh/tracker/install/px4_msgs:${AMENT_PREFIX_PATH} CMAKE_PREFIX_PATH=/home/jagdeesh/tracker/install/px4_ros2_cpp:/home/jagdeesh/tracker/install/px4_msgs:/opt/ros/humble LD_LIBRARY_PATH=/home/jagdeesh/tracker/install/px4_ros2_cpp/lib:/home/jagdeesh/tracker/install/px4_msgs/lib:${LD_LIBRARY_PATH} PYTHONPATH=/home/jagdeesh/tracker/install/px4_msgs/local/lib/python3.10/dist-packages:${PYTHONPATH} /usr/bin/cmake --install /home/jagdeesh/tracker/build/example_mode_goto_global_cpp
[749.011s] Level 1:colcon.colcon_core.environment:create_environment_scripts_only(example_mode_goto_global_cpp)
[749.012s] Level 1:colcon.colcon_core.environment:checking '/home/jagdeesh/tracker/install/example_mode_goto_global_cpp' for CMake module files
[749.012s] DEBUG:colcon.colcon_core.event_handler.log_command:Invoked command in '/home/jagdeesh/tracker/build/example_mode_goto_global_cpp' returned '0': AMENT_PREFIX_PATH=/home/jagdeesh/tracker/install/px4_ros2_cpp:/home/jagdeesh/tracker/install/px4_msgs:${AMENT_PREFIX_PATH} CMAKE_PREFIX_PATH=/home/jagdeesh/tracker/install/px4_ros2_cpp:/home/jagdeesh/tracker/install/px4_msgs:/opt/ros/humble LD_LIBRARY_PATH=/home/jagdeesh/tracker/install/px4_ros2_cpp/lib:/home/jagdeesh/tracker/install/px4_msgs/lib:${LD_LIBRARY_PATH} PYTHONPATH=/home/jagdeesh/tracker/install/px4_msgs/local/lib/python3.10/dist-packages:${PYTHONPATH} /usr/bin/cmake --install /home/jagdeesh/tracker/build/example_mode_goto_global_cpp
[749.013s] Level 1:colcon.colcon_core.environment:checking '/home/jagdeesh/tracker/install/example_mode_goto_global_cpp' for CMake config files
[749.013s] Level 1:colcon.colcon_core.shell:create_environment_hook('example_mode_goto_global_cpp', 'cmake_prefix_path')
[749.013s] INFO:colcon.colcon_core.shell:Creating environment hook '/home/jagdeesh/tracker/install/example_mode_goto_global_cpp/share/example_mode_goto_global_cpp/hook/cmake_prefix_path.ps1'
[749.014s] INFO:colcon.colcon_core.shell:Creating environment descriptor '/home/jagdeesh/tracker/install/example_mode_goto_global_cpp/share/example_mode_goto_global_cpp/hook/cmake_prefix_path.dsv'
[749.014s] INFO:colcon.colcon_core.shell:Creating environment hook '/home/jagdeesh/tracker/install/example_mode_goto_global_cpp/share/example_mode_goto_global_cpp/hook/cmake_prefix_path.sh'
[749.015s] Level 1:colcon.colcon_core.environment:checking '/home/jagdeesh/tracker/install/example_mode_goto_global_cpp/lib'
[749.015s] Level 1:colcon.colcon_core.environment:checking '/home/jagdeesh/tracker/install/example_mode_goto_global_cpp/bin'
[749.015s] Level 1:colcon.colcon_core.environment:checking '/home/jagdeesh/tracker/install/example_mode_goto_global_cpp/lib/pkgconfig/example_mode_goto_global_cpp.pc'
[749.015s] Level 1:colcon.colcon_core.environment:checking '/home/jagdeesh/tracker/install/example_mode_goto_global_cpp/lib/python3.10/site-packages'
[749.016s] Level 1:colcon.colcon_core.environment:checking '/home/jagdeesh/tracker/install/example_mode_goto_global_cpp/bin'
[749.016s] INFO:colcon.colcon_core.shell:Creating package script '/home/jagdeesh/tracker/install/example_mode_goto_global_cpp/share/example_mode_goto_global_cpp/package.ps1'
[749.016s] INFO:colcon.colcon_core.shell:Creating package descriptor '/home/jagdeesh/tracker/install/example_mode_goto_global_cpp/share/example_mode_goto_global_cpp/package.dsv'
[749.017s] INFO:colcon.colcon_core.shell:Creating package script '/home/jagdeesh/tracker/install/example_mode_goto_global_cpp/share/example_mode_goto_global_cpp/package.sh'
[749.017s] INFO:colcon.colcon_core.shell:Creating package script '/home/jagdeesh/tracker/install/example_mode_goto_global_cpp/share/example_mode_goto_global_cpp/package.bash'
[749.017s] INFO:colcon.colcon_core.shell:Creating package script '/home/jagdeesh/tracker/install/example_mode_goto_global_cpp/share/example_mode_goto_global_cpp/package.zsh'
[749.018s] Level 1:colcon.colcon_core.environment:create_file_with_runtime_dependencies(/home/jagdeesh/tracker/install/example_mode_goto_global_cpp/share/colcon-core/packages/example_mode_goto_global_cpp)
[749.018s] Level 1:colcon.colcon_core.environment:create_environment_scripts_only(example_mode_goto_global_cpp)
[749.018s] Level 1:colcon.colcon_core.environment:checking '/home/jagdeesh/tracker/install/example_mode_goto_global_cpp' for CMake module files
[749.019s] Level 1:colcon.colcon_core.environment:checking '/home/jagdeesh/tracker/install/example_mode_goto_global_cpp' for CMake config files
[749.019s] Level 1:colcon.colcon_core.shell:create_environment_hook('example_mode_goto_global_cpp', 'cmake_prefix_path')
[749.019s] INFO:colcon.colcon_core.shell:Creating environment hook '/home/jagdeesh/tracker/install/example_mode_goto_global_cpp/share/example_mode_goto_global_cpp/hook/cmake_prefix_path.ps1'
[749.019s] INFO:colcon.colcon_core.shell:Creating environment descriptor '/home/jagdeesh/tracker/install/example_mode_goto_global_cpp/share/example_mode_goto_global_cpp/hook/cmake_prefix_path.dsv'
[749.020s] INFO:colcon.colcon_core.shell:Creating environment hook '/home/jagdeesh/tracker/install/example_mode_goto_global_cpp/share/example_mode_goto_global_cpp/hook/cmake_prefix_path.sh'
[749.020s] Level 1:colcon.colcon_core.environment:checking '/home/jagdeesh/tracker/install/example_mode_goto_global_cpp/lib'
[749.020s] Level 1:colcon.colcon_core.environment:checking '/home/jagdeesh/tracker/install/example_mode_goto_global_cpp/bin'
[749.020s] Level 1:colcon.colcon_core.environment:checking '/home/jagdeesh/tracker/install/example_mode_goto_global_cpp/lib/pkgconfig/example_mode_goto_global_cpp.pc'
[749.020s] Level 1:colcon.colcon_core.environment:checking '/home/jagdeesh/tracker/install/example_mode_goto_global_cpp/lib/python3.10/site-packages'
[749.021s] Level 1:colcon.colcon_core.environment:checking '/home/jagdeesh/tracker/install/example_mode_goto_global_cpp/bin'
[749.021s] INFO:colcon.colcon_core.shell:Creating package script '/home/jagdeesh/tracker/install/example_mode_goto_global_cpp/share/example_mode_goto_global_cpp/package.ps1'
[749.021s] INFO:colcon.colcon_core.shell:Creating package descriptor '/home/jagdeesh/tracker/install/example_mode_goto_global_cpp/share/example_mode_goto_global_cpp/package.dsv'
[749.022s] INFO:colcon.colcon_core.shell:Creating package script '/home/jagdeesh/tracker/install/example_mode_goto_global_cpp/share/example_mode_goto_global_cpp/package.sh'
[749.022s] INFO:colcon.colcon_core.shell:Creating package script '/home/jagdeesh/tracker/install/example_mode_goto_global_cpp/share/example_mode_goto_global_cpp/package.bash'
[749.023s] INFO:colcon.colcon_core.shell:Creating package script '/home/jagdeesh/tracker/install/example_mode_goto_global_cpp/share/example_mode_goto_global_cpp/package.zsh'
[749.023s] Level 1:colcon.colcon_core.environment:create_file_with_runtime_dependencies(/home/jagdeesh/tracker/install/example_mode_goto_global_cpp/share/colcon-core/packages/example_mode_goto_global_cpp)
[749.023s] INFO:colcon.colcon_ros.task.ament_cmake.build:Building ROS package in '/home/jagdeesh/tracker/src/px4-ros2-interface-lib/examples/cpp/modes/mission' with build type 'ament_cmake'
[749.023s] INFO:colcon.colcon_cmake.task.cmake.build:Building CMake package in '/home/jagdeesh/tracker/src/px4-ros2-interface-lib/examples/cpp/modes/mission'
[749.023s] INFO:colcon.colcon_core.shell:Skip shell extension 'powershell' for command environment: Not usable outside of PowerShell
[749.024s] DEBUG:colcon.colcon_core.shell:Skip shell extension 'dsv' for command environment
[749.036s] DEBUG:colcon.colcon_core.event_handler.log_command:Invoking command in '/home/jagdeesh/tracker/build/example_mode_mission_cpp': AMENT_PREFIX_PATH=/home/jagdeesh/tracker/install/px4_ros2_cpp:/home/jagdeesh/tracker/install/px4_msgs:${AMENT_PREFIX_PATH} CMAKE_PREFIX_PATH=/home/jagdeesh/tracker/install/px4_ros2_cpp:/home/jagdeesh/tracker/install/px4_msgs:/opt/ros/humble LD_LIBRARY_PATH=/home/jagdeesh/tracker/install/px4_ros2_cpp/lib:/home/jagdeesh/tracker/install/px4_msgs/lib:${LD_LIBRARY_PATH} PYTHONPATH=/home/jagdeesh/tracker/install/px4_msgs/local/lib/python3.10/dist-packages:${PYTHONPATH} /usr/bin/cmake /home/jagdeesh/tracker/src/px4-ros2-interface-lib/examples/cpp/modes/mission -DCMAKE_BUILD_TYPE=Release -DCMAKE_INSTALL_PREFIX=/home/jagdeesh/tracker/install/example_mode_mission_cpp
[749.056s] DEBUG:colcon.colcon_core.event_handler.log_command:Invoked command in '/home/jagdeesh/tracker/build/example_mode_manual_cpp' returned '0': AMENT_PREFIX_PATH=/home/jagdeesh/tracker/install/px4_ros2_cpp:/home/jagdeesh/tracker/install/px4_msgs:${AMENT_PREFIX_PATH} CMAKE_PREFIX_PATH=/home/jagdeesh/tracker/install/px4_ros2_cpp:/home/jagdeesh/tracker/install/px4_msgs:/opt/ros/humble LD_LIBRARY_PATH=/home/jagdeesh/tracker/install/px4_ros2_cpp/lib:/home/jagdeesh/tracker/install/px4_msgs/lib:${LD_LIBRARY_PATH} PYTHONPATH=/home/jagdeesh/tracker/install/px4_msgs/local/lib/python3.10/dist-packages:${PYTHONPATH} /usr/bin/cmake /home/jagdeesh/tracker/src/px4-ros2-interface-lib/examples/cpp/modes/manual -DCMAKE_BUILD_TYPE=Release -DCMAKE_INSTALL_PREFIX=/home/jagdeesh/tracker/install/example_mode_manual_cpp
[749.058s] DEBUG:colcon.colcon_core.event_handler.log_command:Invoking command in '/home/jagdeesh/tracker/build/example_mode_manual_cpp': AMENT_PREFIX_PATH=/home/jagdeesh/tracker/install/px4_ros2_cpp:/home/jagdeesh/tracker/install/px4_msgs:${AMENT_PREFIX_PATH} CMAKE_PREFIX_PATH=/home/jagdeesh/tracker/install/px4_ros2_cpp:/home/jagdeesh/tracker/install/px4_msgs:/opt/ros/humble LD_LIBRARY_PATH=/home/jagdeesh/tracker/install/px4_ros2_cpp/lib:/home/jagdeesh/tracker/install/px4_msgs/lib:${LD_LIBRARY_PATH} PYTHONPATH=/home/jagdeesh/tracker/install/px4_msgs/local/lib/python3.10/dist-packages:${PYTHONPATH} /usr/bin/cmake --build /home/jagdeesh/tracker/build/example_mode_manual_cpp -- -j12 -l12
[750.368s] DEBUG:colcon.colcon_core.event_handler.log_command:Invoked command in '/home/jagdeesh/tracker/build/example_mode_mission_cpp' returned '0': AMENT_PREFIX_PATH=/home/jagdeesh/tracker/install/px4_ros2_cpp:/home/jagdeesh/tracker/install/px4_msgs:${AMENT_PREFIX_PATH} CMAKE_PREFIX_PATH=/home/jagdeesh/tracker/install/px4_ros2_cpp:/home/jagdeesh/tracker/install/px4_msgs:/opt/ros/humble LD_LIBRARY_PATH=/home/jagdeesh/tracker/install/px4_ros2_cpp/lib:/home/jagdeesh/tracker/install/px4_msgs/lib:${LD_LIBRARY_PATH} PYTHONPATH=/home/jagdeesh/tracker/install/px4_msgs/local/lib/python3.10/dist-packages:${PYTHONPATH} /usr/bin/cmake /home/jagdeesh/tracker/src/px4-ros2-interface-lib/examples/cpp/modes/mission -DCMAKE_BUILD_TYPE=Release -DCMAKE_INSTALL_PREFIX=/home/jagdeesh/tracker/install/example_mode_mission_cpp
[750.370s] DEBUG:colcon.colcon_core.event_handler.log_command:Invoking command in '/home/jagdeesh/tracker/build/example_mode_mission_cpp': AMENT_PREFIX_PATH=/home/jagdeesh/tracker/install/px4_ros2_cpp:/home/jagdeesh/tracker/install/px4_msgs:${AMENT_PREFIX_PATH} CMAKE_PREFIX_PATH=/home/jagdeesh/tracker/install/px4_ros2_cpp:/home/jagdeesh/tracker/install/px4_msgs:/opt/ros/humble LD_LIBRARY_PATH=/home/jagdeesh/tracker/install/px4_ros2_cpp/lib:/home/jagdeesh/tracker/install/px4_msgs/lib:${LD_LIBRARY_PATH} PYTHONPATH=/home/jagdeesh/tracker/install/px4_msgs/local/lib/python3.10/dist-packages:${PYTHONPATH} /usr/bin/cmake --build /home/jagdeesh/tracker/build/example_mode_mission_cpp -- -j12 -l12
[753.821s] DEBUG:colcon.colcon_core.event_handler.log_command:Invoked command in '/home/jagdeesh/tracker/build/example_mode_manual_cpp' returned '0': AMENT_PREFIX_PATH=/home/jagdeesh/tracker/install/px4_ros2_cpp:/home/jagdeesh/tracker/install/px4_msgs:${AMENT_PREFIX_PATH} CMAKE_PREFIX_PATH=/home/jagdeesh/tracker/install/px4_ros2_cpp:/home/jagdeesh/tracker/install/px4_msgs:/opt/ros/humble LD_LIBRARY_PATH=/home/jagdeesh/tracker/install/px4_ros2_cpp/lib:/home/jagdeesh/tracker/install/px4_msgs/lib:${LD_LIBRARY_PATH} PYTHONPATH=/home/jagdeesh/tracker/install/px4_msgs/local/lib/python3.10/dist-packages:${PYTHONPATH} /usr/bin/cmake --build /home/jagdeesh/tracker/build/example_mode_manual_cpp -- -j12 -l12
[753.823s] DEBUG:colcon.colcon_core.event_handler.log_command:Invoking command in '/home/jagdeesh/tracker/build/example_mode_manual_cpp': AMENT_PREFIX_PATH=/home/jagdeesh/tracker/install/px4_ros2_cpp:/home/jagdeesh/tracker/install/px4_msgs:${AMENT_PREFIX_PATH} CMAKE_PREFIX_PATH=/home/jagdeesh/tracker/install/px4_ros2_cpp:/home/jagdeesh/tracker/install/px4_msgs:/opt/ros/humble LD_LIBRARY_PATH=/home/jagdeesh/tracker/install/px4_ros2_cpp/lib:/home/jagdeesh/tracker/install/px4_msgs/lib:${LD_LIBRARY_PATH} PYTHONPATH=/home/jagdeesh/tracker/install/px4_msgs/local/lib/python3.10/dist-packages:${PYTHONPATH} /usr/bin/cmake --install /home/jagdeesh/tracker/build/example_mode_manual_cpp
[753.836s] Level 1:colcon.colcon_core.environment:create_environment_scripts_only(example_mode_manual_cpp)
[753.837s] Level 1:colcon.colcon_core.environment:checking '/home/jagdeesh/tracker/install/example_mode_manual_cpp' for CMake module files
[753.837s] DEBUG:colcon.colcon_core.event_handler.log_command:Invoked command in '/home/jagdeesh/tracker/build/example_mode_manual_cpp' returned '0': AMENT_PREFIX_PATH=/home/jagdeesh/tracker/install/px4_ros2_cpp:/home/jagdeesh/tracker/install/px4_msgs:${AMENT_PREFIX_PATH} CMAKE_PREFIX_PATH=/home/jagdeesh/tracker/install/px4_ros2_cpp:/home/jagdeesh/tracker/install/px4_msgs:/opt/ros/humble LD_LIBRARY_PATH=/home/jagdeesh/tracker/install/px4_ros2_cpp/lib:/home/jagdeesh/tracker/install/px4_msgs/lib:${LD_LIBRARY_PATH} PYTHONPATH=/home/jagdeesh/tracker/install/px4_msgs/local/lib/python3.10/dist-packages:${PYTHONPATH} /usr/bin/cmake --install /home/jagdeesh/tracker/build/example_mode_manual_cpp
[753.838s] Level 1:colcon.colcon_core.environment:checking '/home/jagdeesh/tracker/install/example_mode_manual_cpp' for CMake config files
[753.838s] Level 1:colcon.colcon_core.shell:create_environment_hook('example_mode_manual_cpp', 'cmake_prefix_path')
[753.838s] INFO:colcon.colcon_core.shell:Creating environment hook '/home/jagdeesh/tracker/install/example_mode_manual_cpp/share/example_mode_manual_cpp/hook/cmake_prefix_path.ps1'
[753.839s] INFO:colcon.colcon_core.shell:Creating environment descriptor '/home/jagdeesh/tracker/install/example_mode_manual_cpp/share/example_mode_manual_cpp/hook/cmake_prefix_path.dsv'
[753.839s] INFO:colcon.colcon_core.shell:Creating environment hook '/home/jagdeesh/tracker/install/example_mode_manual_cpp/share/example_mode_manual_cpp/hook/cmake_prefix_path.sh'
[753.840s] Level 1:colcon.colcon_core.environment:checking '/home/jagdeesh/tracker/install/example_mode_manual_cpp/lib'
[753.840s] Level 1:colcon.colcon_core.environment:checking '/home/jagdeesh/tracker/install/example_mode_manual_cpp/bin'
[753.840s] Level 1:colcon.colcon_core.environment:checking '/home/jagdeesh/tracker/install/example_mode_manual_cpp/lib/pkgconfig/example_mode_manual_cpp.pc'
[753.841s] Level 1:colcon.colcon_core.environment:checking '/home/jagdeesh/tracker/install/example_mode_manual_cpp/lib/python3.10/site-packages'
[753.841s] Level 1:colcon.colcon_core.environment:checking '/home/jagdeesh/tracker/install/example_mode_manual_cpp/bin'
[753.841s] INFO:colcon.colcon_core.shell:Creating package script '/home/jagdeesh/tracker/install/example_mode_manual_cpp/share/example_mode_manual_cpp/package.ps1'
[753.842s] INFO:colcon.colcon_core.shell:Creating package descriptor '/home/jagdeesh/tracker/install/example_mode_manual_cpp/share/example_mode_manual_cpp/package.dsv'
[753.842s] INFO:colcon.colcon_core.shell:Creating package script '/home/jagdeesh/tracker/install/example_mode_manual_cpp/share/example_mode_manual_cpp/package.sh'
[753.842s] INFO:colcon.colcon_core.shell:Creating package script '/home/jagdeesh/tracker/install/example_mode_manual_cpp/share/example_mode_manual_cpp/package.bash'
[753.842s] INFO:colcon.colcon_core.shell:Creating package script '/home/jagdeesh/tracker/install/example_mode_manual_cpp/share/example_mode_manual_cpp/package.zsh'
[753.843s] Level 1:colcon.colcon_core.environment:create_file_with_runtime_dependencies(/home/jagdeesh/tracker/install/example_mode_manual_cpp/share/colcon-core/packages/example_mode_manual_cpp)
[753.843s] Level 1:colcon.colcon_core.environment:create_environment_scripts_only(example_mode_manual_cpp)
[753.844s] Level 1:colcon.colcon_core.environment:checking '/home/jagdeesh/tracker/install/example_mode_manual_cpp' for CMake module files
[753.844s] Level 1:colcon.colcon_core.environment:checking '/home/jagdeesh/tracker/install/example_mode_manual_cpp' for CMake config files
[753.844s] Level 1:colcon.colcon_core.shell:create_environment_hook('example_mode_manual_cpp', 'cmake_prefix_path')
[753.844s] INFO:colcon.colcon_core.shell:Creating environment hook '/home/jagdeesh/tracker/install/example_mode_manual_cpp/share/example_mode_manual_cpp/hook/cmake_prefix_path.ps1'
[753.845s] INFO:colcon.colcon_core.shell:Creating environment descriptor '/home/jagdeesh/tracker/install/example_mode_manual_cpp/share/example_mode_manual_cpp/hook/cmake_prefix_path.dsv'
[753.845s] INFO:colcon.colcon_core.shell:Creating environment hook '/home/jagdeesh/tracker/install/example_mode_manual_cpp/share/example_mode_manual_cpp/hook/cmake_prefix_path.sh'
[753.845s] Level 1:colcon.colcon_core.environment:checking '/home/jagdeesh/tracker/install/example_mode_manual_cpp/lib'
[753.846s] Level 1:colcon.colcon_core.environment:checking '/home/jagdeesh/tracker/install/example_mode_manual_cpp/bin'
[753.846s] Level 1:colcon.colcon_core.environment:checking '/home/jagdeesh/tracker/install/example_mode_manual_cpp/lib/pkgconfig/example_mode_manual_cpp.pc'
[753.846s] Level 1:colcon.colcon_core.environment:checking '/home/jagdeesh/tracker/install/example_mode_manual_cpp/lib/python3.10/site-packages'
[753.846s] Level 1:colcon.colcon_core.environment:checking '/home/jagdeesh/tracker/install/example_mode_manual_cpp/bin'
[753.846s] INFO:colcon.colcon_core.shell:Creating package script '/home/jagdeesh/tracker/install/example_mode_manual_cpp/share/example_mode_manual_cpp/package.ps1'
[753.847s] INFO:colcon.colcon_core.shell:Creating package descriptor '/home/jagdeesh/tracker/install/example_mode_manual_cpp/share/example_mode_manual_cpp/package.dsv'
[753.847s] INFO:colcon.colcon_core.shell:Creating package script '/home/jagdeesh/tracker/install/example_mode_manual_cpp/share/example_mode_manual_cpp/package.sh'
[753.848s] INFO:colcon.colcon_core.shell:Creating package script '/home/jagdeesh/tracker/install/example_mode_manual_cpp/share/example_mode_manual_cpp/package.bash'
[753.848s] INFO:colcon.colcon_core.shell:Creating package script '/home/jagdeesh/tracker/install/example_mode_manual_cpp/share/example_mode_manual_cpp/package.zsh'
[753.848s] Level 1:colcon.colcon_core.environment:create_file_with_runtime_dependencies(/home/jagdeesh/tracker/install/example_mode_manual_cpp/share/colcon-core/packages/example_mode_manual_cpp)
[753.848s] INFO:colcon.colcon_ros.task.ament_cmake.build:Building ROS package in '/home/jagdeesh/tracker/src/px4-ros2-interface-lib/examples/cpp/modes/rtl_replacement' with build type 'ament_cmake'
[753.849s] INFO:colcon.colcon_cmake.task.cmake.build:Building CMake package in '/home/jagdeesh/tracker/src/px4-ros2-interface-lib/examples/cpp/modes/rtl_replacement'
[753.849s] INFO:colcon.colcon_core.shell:Skip shell extension 'powershell' for command environment: Not usable outside of PowerShell
[753.849s] DEBUG:colcon.colcon_core.shell:Skip shell extension 'dsv' for command environment
[753.861s] DEBUG:colcon.colcon_core.event_handler.log_command:Invoking command in '/home/jagdeesh/tracker/build/example_mode_rtl_replacement_cpp': AMENT_PREFIX_PATH=/home/jagdeesh/tracker/install/px4_ros2_cpp:/home/jagdeesh/tracker/install/px4_msgs:${AMENT_PREFIX_PATH} CMAKE_PREFIX_PATH=/home/jagdeesh/tracker/install/px4_ros2_cpp:/home/jagdeesh/tracker/install/px4_msgs:/opt/ros/humble LD_LIBRARY_PATH=/home/jagdeesh/tracker/install/px4_ros2_cpp/lib:/home/jagdeesh/tracker/install/px4_msgs/lib:${LD_LIBRARY_PATH} PYTHONPATH=/home/jagdeesh/tracker/install/px4_msgs/local/lib/python3.10/dist-packages:${PYTHONPATH} /usr/bin/cmake /home/jagdeesh/tracker/src/px4-ros2-interface-lib/examples/cpp/modes/rtl_replacement -DCMAKE_BUILD_TYPE=Release -DCMAKE_INSTALL_PREFIX=/home/jagdeesh/tracker/install/example_mode_rtl_replacement_cpp
[755.179s] DEBUG:colcon.colcon_core.event_handler.log_command:Invoked command in '/home/jagdeesh/tracker/build/example_mode_rtl_replacement_cpp' returned '0': AMENT_PREFIX_PATH=/home/jagdeesh/tracker/install/px4_ros2_cpp:/home/jagdeesh/tracker/install/px4_msgs:${AMENT_PREFIX_PATH} CMAKE_PREFIX_PATH=/home/jagdeesh/tracker/install/px4_ros2_cpp:/home/jagdeesh/tracker/install/px4_msgs:/opt/ros/humble LD_LIBRARY_PATH=/home/jagdeesh/tracker/install/px4_ros2_cpp/lib:/home/jagdeesh/tracker/install/px4_msgs/lib:${LD_LIBRARY_PATH} PYTHONPATH=/home/jagdeesh/tracker/install/px4_msgs/local/lib/python3.10/dist-packages:${PYTHONPATH} /usr/bin/cmake /home/jagdeesh/tracker/src/px4-ros2-interface-lib/examples/cpp/modes/rtl_replacement -DCMAKE_BUILD_TYPE=Release -DCMAKE_INSTALL_PREFIX=/home/jagdeesh/tracker/install/example_mode_rtl_replacement_cpp
[755.180s] DEBUG:colcon.colcon_core.event_handler.log_command:Invoking command in '/home/jagdeesh/tracker/build/example_mode_rtl_replacement_cpp': AMENT_PREFIX_PATH=/home/jagdeesh/tracker/install/px4_ros2_cpp:/home/jagdeesh/tracker/install/px4_msgs:${AMENT_PREFIX_PATH} CMAKE_PREFIX_PATH=/home/jagdeesh/tracker/install/px4_ros2_cpp:/home/jagdeesh/tracker/install/px4_msgs:/opt/ros/humble LD_LIBRARY_PATH=/home/jagdeesh/tracker/install/px4_ros2_cpp/lib:/home/jagdeesh/tracker/install/px4_msgs/lib:${LD_LIBRARY_PATH} PYTHONPATH=/home/jagdeesh/tracker/install/px4_msgs/local/lib/python3.10/dist-packages:${PYTHONPATH} /usr/bin/cmake --build /home/jagdeesh/tracker/build/example_mode_rtl_replacement_cpp -- -j12 -l12
[760.394s] DEBUG:colcon.colcon_core.event_handler.log_command:Invoked command in '/home/jagdeesh/tracker/build/example_mode_mission_cpp' returned '0': AMENT_PREFIX_PATH=/home/jagdeesh/tracker/install/px4_ros2_cpp:/home/jagdeesh/tracker/install/px4_msgs:${AMENT_PREFIX_PATH} CMAKE_PREFIX_PATH=/home/jagdeesh/tracker/install/px4_ros2_cpp:/home/jagdeesh/tracker/install/px4_msgs:/opt/ros/humble LD_LIBRARY_PATH=/home/jagdeesh/tracker/install/px4_ros2_cpp/lib:/home/jagdeesh/tracker/install/px4_msgs/lib:${LD_LIBRARY_PATH} PYTHONPATH=/home/jagdeesh/tracker/install/px4_msgs/local/lib/python3.10/dist-packages:${PYTHONPATH} /usr/bin/cmake --build /home/jagdeesh/tracker/build/example_mode_mission_cpp -- -j12 -l12
[760.396s] DEBUG:colcon.colcon_core.event_handler.log_command:Invoking command in '/home/jagdeesh/tracker/build/example_mode_mission_cpp': AMENT_PREFIX_PATH=/home/jagdeesh/tracker/install/px4_ros2_cpp:/home/jagdeesh/tracker/install/px4_msgs:${AMENT_PREFIX_PATH} CMAKE_PREFIX_PATH=/home/jagdeesh/tracker/install/px4_ros2_cpp:/home/jagdeesh/tracker/install/px4_msgs:/opt/ros/humble LD_LIBRARY_PATH=/home/jagdeesh/tracker/install/px4_ros2_cpp/lib:/home/jagdeesh/tracker/install/px4_msgs/lib:${LD_LIBRARY_PATH} PYTHONPATH=/home/jagdeesh/tracker/install/px4_msgs/local/lib/python3.10/dist-packages:${PYTHONPATH} /usr/bin/cmake --install /home/jagdeesh/tracker/build/example_mode_mission_cpp
[760.410s] Level 1:colcon.colcon_core.environment:create_environment_scripts_only(example_mode_mission_cpp)
[760.411s] Level 1:colcon.colcon_core.environment:checking '/home/jagdeesh/tracker/install/example_mode_mission_cpp' for CMake module files
[760.411s] DEBUG:colcon.colcon_core.event_handler.log_command:Invoked command in '/home/jagdeesh/tracker/build/example_mode_mission_cpp' returned '0': AMENT_PREFIX_PATH=/home/jagdeesh/tracker/install/px4_ros2_cpp:/home/jagdeesh/tracker/install/px4_msgs:${AMENT_PREFIX_PATH} CMAKE_PREFIX_PATH=/home/jagdeesh/tracker/install/px4_ros2_cpp:/home/jagdeesh/tracker/install/px4_msgs:/opt/ros/humble LD_LIBRARY_PATH=/home/jagdeesh/tracker/install/px4_ros2_cpp/lib:/home/jagdeesh/tracker/install/px4_msgs/lib:${LD_LIBRARY_PATH} PYTHONPATH=/home/jagdeesh/tracker/install/px4_msgs/local/lib/python3.10/dist-packages:${PYTHONPATH} /usr/bin/cmake --install /home/jagdeesh/tracker/build/example_mode_mission_cpp
[760.412s] Level 1:colcon.colcon_core.environment:checking '/home/jagdeesh/tracker/install/example_mode_mission_cpp' for CMake config files
[760.412s] Level 1:colcon.colcon_core.shell:create_environment_hook('example_mode_mission_cpp', 'cmake_prefix_path')
[760.412s] INFO:colcon.colcon_core.shell:Creating environment hook '/home/jagdeesh/tracker/install/example_mode_mission_cpp/share/example_mode_mission_cpp/hook/cmake_prefix_path.ps1'
[760.413s] INFO:colcon.colcon_core.shell:Creating environment descriptor '/home/jagdeesh/tracker/install/example_mode_mission_cpp/share/example_mode_mission_cpp/hook/cmake_prefix_path.dsv'
[760.414s] INFO:colcon.colcon_core.shell:Creating environment hook '/home/jagdeesh/tracker/install/example_mode_mission_cpp/share/example_mode_mission_cpp/hook/cmake_prefix_path.sh'
[760.414s] Level 1:colcon.colcon_core.environment:checking '/home/jagdeesh/tracker/install/example_mode_mission_cpp/lib'
[760.414s] Level 1:colcon.colcon_core.environment:checking '/home/jagdeesh/tracker/install/example_mode_mission_cpp/bin'
[760.414s] Level 1:colcon.colcon_core.environment:checking '/home/jagdeesh/tracker/install/example_mode_mission_cpp/lib/pkgconfig/example_mode_mission_cpp.pc'
[760.415s] Level 1:colcon.colcon_core.environment:checking '/home/jagdeesh/tracker/install/example_mode_mission_cpp/lib/python3.10/site-packages'
[760.415s] Level 1:colcon.colcon_core.environment:checking '/home/jagdeesh/tracker/install/example_mode_mission_cpp/bin'
[760.416s] INFO:colcon.colcon_core.shell:Creating package script '/home/jagdeesh/tracker/install/example_mode_mission_cpp/share/example_mode_mission_cpp/package.ps1'
[760.416s] INFO:colcon.colcon_core.shell:Creating package descriptor '/home/jagdeesh/tracker/install/example_mode_mission_cpp/share/example_mode_mission_cpp/package.dsv'
[760.417s] INFO:colcon.colcon_core.shell:Creating package script '/home/jagdeesh/tracker/install/example_mode_mission_cpp/share/example_mode_mission_cpp/package.sh'
[760.417s] INFO:colcon.colcon_core.shell:Creating package script '/home/jagdeesh/tracker/install/example_mode_mission_cpp/share/example_mode_mission_cpp/package.bash'
[760.418s] INFO:colcon.colcon_core.shell:Creating package script '/home/jagdeesh/tracker/install/example_mode_mission_cpp/share/example_mode_mission_cpp/package.zsh'
[760.418s] Level 1:colcon.colcon_core.environment:create_file_with_runtime_dependencies(/home/jagdeesh/tracker/install/example_mode_mission_cpp/share/colcon-core/packages/example_mode_mission_cpp)
[760.419s] Level 1:colcon.colcon_core.environment:create_environment_scripts_only(example_mode_mission_cpp)
[760.419s] Level 1:colcon.colcon_core.environment:checking '/home/jagdeesh/tracker/install/example_mode_mission_cpp' for CMake module files
[760.420s] Level 1:colcon.colcon_core.environment:checking '/home/jagdeesh/tracker/install/example_mode_mission_cpp' for CMake config files
[760.420s] Level 1:colcon.colcon_core.shell:create_environment_hook('example_mode_mission_cpp', 'cmake_prefix_path')
[760.420s] INFO:colcon.colcon_core.shell:Creating environment hook '/home/jagdeesh/tracker/install/example_mode_mission_cpp/share/example_mode_mission_cpp/hook/cmake_prefix_path.ps1'
[760.420s] INFO:colcon.colcon_core.shell:Creating environment descriptor '/home/jagdeesh/tracker/install/example_mode_mission_cpp/share/example_mode_mission_cpp/hook/cmake_prefix_path.dsv'
[760.421s] INFO:colcon.colcon_core.shell:Creating environment hook '/home/jagdeesh/tracker/install/example_mode_mission_cpp/share/example_mode_mission_cpp/hook/cmake_prefix_path.sh'
[760.421s] Level 1:colcon.colcon_core.environment:checking '/home/jagdeesh/tracker/install/example_mode_mission_cpp/lib'
[760.421s] Level 1:colcon.colcon_core.environment:checking '/home/jagdeesh/tracker/install/example_mode_mission_cpp/bin'
[760.421s] Level 1:colcon.colcon_core.environment:checking '/home/jagdeesh/tracker/install/example_mode_mission_cpp/lib/pkgconfig/example_mode_mission_cpp.pc'
[760.422s] Level 1:colcon.colcon_core.environment:checking '/home/jagdeesh/tracker/install/example_mode_mission_cpp/lib/python3.10/site-packages'
[760.422s] Level 1:colcon.colcon_core.environment:checking '/home/jagdeesh/tracker/install/example_mode_mission_cpp/bin'
[760.422s] INFO:colcon.colcon_core.shell:Creating package script '/home/jagdeesh/tracker/install/example_mode_mission_cpp/share/example_mode_mission_cpp/package.ps1'
[760.423s] INFO:colcon.colcon_core.shell:Creating package descriptor '/home/jagdeesh/tracker/install/example_mode_mission_cpp/share/example_mode_mission_cpp/package.dsv'
[760.423s] INFO:colcon.colcon_core.shell:Creating package script '/home/jagdeesh/tracker/install/example_mode_mission_cpp/share/example_mode_mission_cpp/package.sh'
[760.423s] INFO:colcon.colcon_core.shell:Creating package script '/home/jagdeesh/tracker/install/example_mode_mission_cpp/share/example_mode_mission_cpp/package.bash'
[760.424s] INFO:colcon.colcon_core.shell:Creating package script '/home/jagdeesh/tracker/install/example_mode_mission_cpp/share/example_mode_mission_cpp/package.zsh'
[760.424s] Level 1:colcon.colcon_core.environment:create_file_with_runtime_dependencies(/home/jagdeesh/tracker/install/example_mode_mission_cpp/share/colcon-core/packages/example_mode_mission_cpp)
[760.424s] INFO:colcon.colcon_ros.task.ament_cmake.build:Building ROS package in '/home/jagdeesh/tracker/src/px4-ros2-interface-lib/examples/cpp/modes/vtol' with build type 'ament_cmake'
[760.424s] INFO:colcon.colcon_cmake.task.cmake.build:Building CMake package in '/home/jagdeesh/tracker/src/px4-ros2-interface-lib/examples/cpp/modes/vtol'
[760.425s] INFO:colcon.colcon_core.shell:Skip shell extension 'powershell' for command environment: Not usable outside of PowerShell
[760.425s] DEBUG:colcon.colcon_core.shell:Skip shell extension 'dsv' for command environment
[760.437s] DEBUG:colcon.colcon_core.event_handler.log_command:Invoking command in '/home/jagdeesh/tracker/build/example_mode_vtol_cpp': AMENT_PREFIX_PATH=/home/jagdeesh/tracker/install/px4_ros2_cpp:/home/jagdeesh/tracker/install/px4_msgs:${AMENT_PREFIX_PATH} CMAKE_PREFIX_PATH=/home/jagdeesh/tracker/install/px4_ros2_cpp:/home/jagdeesh/tracker/install/px4_msgs:/opt/ros/humble LD_LIBRARY_PATH=/home/jagdeesh/tracker/install/px4_ros2_cpp/lib:/home/jagdeesh/tracker/install/px4_msgs/lib:${LD_LIBRARY_PATH} PYTHONPATH=/home/jagdeesh/tracker/install/px4_msgs/local/lib/python3.10/dist-packages:${PYTHONPATH} /usr/bin/cmake /home/jagdeesh/tracker/src/px4-ros2-interface-lib/examples/cpp/modes/vtol -DCMAKE_BUILD_TYPE=Release -DCMAKE_INSTALL_PREFIX=/home/jagdeesh/tracker/install/example_mode_vtol_cpp
[761.739s] DEBUG:colcon.colcon_core.event_handler.log_command:Invoked command in '/home/jagdeesh/tracker/build/example_mode_vtol_cpp' returned '0': AMENT_PREFIX_PATH=/home/jagdeesh/tracker/install/px4_ros2_cpp:/home/jagdeesh/tracker/install/px4_msgs:${AMENT_PREFIX_PATH} CMAKE_PREFIX_PATH=/home/jagdeesh/tracker/install/px4_ros2_cpp:/home/jagdeesh/tracker/install/px4_msgs:/opt/ros/humble LD_LIBRARY_PATH=/home/jagdeesh/tracker/install/px4_ros2_cpp/lib:/home/jagdeesh/tracker/install/px4_msgs/lib:${LD_LIBRARY_PATH} PYTHONPATH=/home/jagdeesh/tracker/install/px4_msgs/local/lib/python3.10/dist-packages:${PYTHONPATH} /usr/bin/cmake /home/jagdeesh/tracker/src/px4-ros2-interface-lib/examples/cpp/modes/vtol -DCMAKE_BUILD_TYPE=Release -DCMAKE_INSTALL_PREFIX=/home/jagdeesh/tracker/install/example_mode_vtol_cpp
[761.741s] DEBUG:colcon.colcon_core.event_handler.log_command:Invoking command in '/home/jagdeesh/tracker/build/example_mode_vtol_cpp': AMENT_PREFIX_PATH=/home/jagdeesh/tracker/install/px4_ros2_cpp:/home/jagdeesh/tracker/install/px4_msgs:${AMENT_PREFIX_PATH} CMAKE_PREFIX_PATH=/home/jagdeesh/tracker/install/px4_ros2_cpp:/home/jagdeesh/tracker/install/px4_msgs:/opt/ros/humble LD_LIBRARY_PATH=/home/jagdeesh/tracker/install/px4_ros2_cpp/lib:/home/jagdeesh/tracker/install/px4_msgs/lib:${LD_LIBRARY_PATH} PYTHONPATH=/home/jagdeesh/tracker/install/px4_msgs/local/lib/python3.10/dist-packages:${PYTHONPATH} /usr/bin/cmake --build /home/jagdeesh/tracker/build/example_mode_vtol_cpp -- -j12 -l12
[766.825s] DEBUG:colcon.colcon_core.event_handler.log_command:Invoked command in '/home/jagdeesh/tracker/build/example_mode_vtol_cpp' returned '0': AMENT_PREFIX_PATH=/home/jagdeesh/tracker/install/px4_ros2_cpp:/home/jagdeesh/tracker/install/px4_msgs:${AMENT_PREFIX_PATH} CMAKE_PREFIX_PATH=/home/jagdeesh/tracker/install/px4_ros2_cpp:/home/jagdeesh/tracker/install/px4_msgs:/opt/ros/humble LD_LIBRARY_PATH=/home/jagdeesh/tracker/install/px4_ros2_cpp/lib:/home/jagdeesh/tracker/install/px4_msgs/lib:${LD_LIBRARY_PATH} PYTHONPATH=/home/jagdeesh/tracker/install/px4_msgs/local/lib/python3.10/dist-packages:${PYTHONPATH} /usr/bin/cmake --build /home/jagdeesh/tracker/build/example_mode_vtol_cpp -- -j12 -l12
[766.827s] DEBUG:colcon.colcon_core.event_handler.log_command:Invoking command in '/home/jagdeesh/tracker/build/example_mode_vtol_cpp': AMENT_PREFIX_PATH=/home/jagdeesh/tracker/install/px4_ros2_cpp:/home/jagdeesh/tracker/install/px4_msgs:${AMENT_PREFIX_PATH} CMAKE_PREFIX_PATH=/home/jagdeesh/tracker/install/px4_ros2_cpp:/home/jagdeesh/tracker/install/px4_msgs:/opt/ros/humble LD_LIBRARY_PATH=/home/jagdeesh/tracker/install/px4_ros2_cpp/lib:/home/jagdeesh/tracker/install/px4_msgs/lib:${LD_LIBRARY_PATH} PYTHONPATH=/home/jagdeesh/tracker/install/px4_msgs/local/lib/python3.10/dist-packages:${PYTHONPATH} /usr/bin/cmake --install /home/jagdeesh/tracker/build/example_mode_vtol_cpp
[766.841s] Level 1:colcon.colcon_core.environment:create_environment_scripts_only(example_mode_vtol_cpp)
[766.841s] Level 1:colcon.colcon_core.environment:checking '/home/jagdeesh/tracker/install/example_mode_vtol_cpp' for CMake module files
[766.842s] DEBUG:colcon.colcon_core.event_handler.log_command:Invoked command in '/home/jagdeesh/tracker/build/example_mode_vtol_cpp' returned '0': AMENT_PREFIX_PATH=/home/jagdeesh/tracker/install/px4_ros2_cpp:/home/jagdeesh/tracker/install/px4_msgs:${AMENT_PREFIX_PATH} CMAKE_PREFIX_PATH=/home/jagdeesh/tracker/install/px4_ros2_cpp:/home/jagdeesh/tracker/install/px4_msgs:/opt/ros/humble LD_LIBRARY_PATH=/home/jagdeesh/tracker/install/px4_ros2_cpp/lib:/home/jagdeesh/tracker/install/px4_msgs/lib:${LD_LIBRARY_PATH} PYTHONPATH=/home/jagdeesh/tracker/install/px4_msgs/local/lib/python3.10/dist-packages:${PYTHONPATH} /usr/bin/cmake --install /home/jagdeesh/tracker/build/example_mode_vtol_cpp
[766.842s] Level 1:colcon.colcon_core.environment:checking '/home/jagdeesh/tracker/install/example_mode_vtol_cpp' for CMake config files
[766.843s] Level 1:colcon.colcon_core.shell:create_environment_hook('example_mode_vtol_cpp', 'cmake_prefix_path')
[766.843s] INFO:colcon.colcon_core.shell:Creating environment hook '/home/jagdeesh/tracker/install/example_mode_vtol_cpp/share/example_mode_vtol_cpp/hook/cmake_prefix_path.ps1'
[766.844s] INFO:colcon.colcon_core.shell:Creating environment descriptor '/home/jagdeesh/tracker/install/example_mode_vtol_cpp/share/example_mode_vtol_cpp/hook/cmake_prefix_path.dsv'
[766.844s] INFO:colcon.colcon_core.shell:Creating environment hook '/home/jagdeesh/tracker/install/example_mode_vtol_cpp/share/example_mode_vtol_cpp/hook/cmake_prefix_path.sh'
[766.845s] Level 1:colcon.colcon_core.environment:checking '/home/jagdeesh/tracker/install/example_mode_vtol_cpp/lib'
[766.845s] Level 1:colcon.colcon_core.environment:checking '/home/jagdeesh/tracker/install/example_mode_vtol_cpp/bin'
[766.845s] Level 1:colcon.colcon_core.environment:checking '/home/jagdeesh/tracker/install/example_mode_vtol_cpp/lib/pkgconfig/example_mode_vtol_cpp.pc'
[766.846s] Level 1:colcon.colcon_core.environment:checking '/home/jagdeesh/tracker/install/example_mode_vtol_cpp/lib/python3.10/site-packages'
[766.846s] Level 1:colcon.colcon_core.environment:checking '/home/jagdeesh/tracker/install/example_mode_vtol_cpp/bin'
[766.847s] INFO:colcon.colcon_core.shell:Creating package script '/home/jagdeesh/tracker/install/example_mode_vtol_cpp/share/example_mode_vtol_cpp/package.ps1'
[766.847s] INFO:colcon.colcon_core.shell:Creating package descriptor '/home/jagdeesh/tracker/install/example_mode_vtol_cpp/share/example_mode_vtol_cpp/package.dsv'
[766.848s] INFO:colcon.colcon_core.shell:Creating package script '/home/jagdeesh/tracker/install/example_mode_vtol_cpp/share/example_mode_vtol_cpp/package.sh'
[766.848s] INFO:colcon.colcon_core.shell:Creating package script '/home/jagdeesh/tracker/install/example_mode_vtol_cpp/share/example_mode_vtol_cpp/package.bash'
[766.849s] INFO:colcon.colcon_core.shell:Creating package script '/home/jagdeesh/tracker/install/example_mode_vtol_cpp/share/example_mode_vtol_cpp/package.zsh'
[766.849s] Level 1:colcon.colcon_core.environment:create_file_with_runtime_dependencies(/home/jagdeesh/tracker/install/example_mode_vtol_cpp/share/colcon-core/packages/example_mode_vtol_cpp)
[766.850s] Level 1:colcon.colcon_core.environment:create_environment_scripts_only(example_mode_vtol_cpp)
[766.850s] Level 1:colcon.colcon_core.environment:checking '/home/jagdeesh/tracker/install/example_mode_vtol_cpp' for CMake module files
[766.851s] Level 1:colcon.colcon_core.environment:checking '/home/jagdeesh/tracker/install/example_mode_vtol_cpp' for CMake config files
[766.851s] Level 1:colcon.colcon_core.shell:create_environment_hook('example_mode_vtol_cpp', 'cmake_prefix_path')
[766.851s] INFO:colcon.colcon_core.shell:Creating environment hook '/home/jagdeesh/tracker/install/example_mode_vtol_cpp/share/example_mode_vtol_cpp/hook/cmake_prefix_path.ps1'
[766.852s] INFO:colcon.colcon_core.shell:Creating environment descriptor '/home/jagdeesh/tracker/install/example_mode_vtol_cpp/share/example_mode_vtol_cpp/hook/cmake_prefix_path.dsv'
[766.853s] INFO:colcon.colcon_core.shell:Creating environment hook '/home/jagdeesh/tracker/install/example_mode_vtol_cpp/share/example_mode_vtol_cpp/hook/cmake_prefix_path.sh'
[766.853s] Level 1:colcon.colcon_core.environment:checking '/home/jagdeesh/tracker/install/example_mode_vtol_cpp/lib'
[766.853s] Level 1:colcon.colcon_core.environment:checking '/home/jagdeesh/tracker/install/example_mode_vtol_cpp/bin'
[766.853s] Level 1:colcon.colcon_core.environment:checking '/home/jagdeesh/tracker/install/example_mode_vtol_cpp/lib/pkgconfig/example_mode_vtol_cpp.pc'
[766.854s] Level 1:colcon.colcon_core.environment:checking '/home/jagdeesh/tracker/install/example_mode_vtol_cpp/lib/python3.10/site-packages'
[766.854s] Level 1:colcon.colcon_core.environment:checking '/home/jagdeesh/tracker/install/example_mode_vtol_cpp/bin'
[766.855s] INFO:colcon.colcon_core.shell:Creating package script '/home/jagdeesh/tracker/install/example_mode_vtol_cpp/share/example_mode_vtol_cpp/package.ps1'
[766.855s] INFO:colcon.colcon_core.shell:Creating package descriptor '/home/jagdeesh/tracker/install/example_mode_vtol_cpp/share/example_mode_vtol_cpp/package.dsv'
[766.856s] INFO:colcon.colcon_core.shell:Creating package script '/home/jagdeesh/tracker/install/example_mode_vtol_cpp/share/example_mode_vtol_cpp/package.sh'
[766.857s] INFO:colcon.colcon_core.shell:Creating package script '/home/jagdeesh/tracker/install/example_mode_vtol_cpp/share/example_mode_vtol_cpp/package.bash'
[766.857s] INFO:colcon.colcon_core.shell:Creating package script '/home/jagdeesh/tracker/install/example_mode_vtol_cpp/share/example_mode_vtol_cpp/package.zsh'
[766.857s] Level 1:colcon.colcon_core.environment:create_file_with_runtime_dependencies(/home/jagdeesh/tracker/install/example_mode_vtol_cpp/share/colcon-core/packages/example_mode_vtol_cpp)
[766.858s] INFO:colcon.colcon_ros.task.ament_cmake.build:Building ROS package in '/home/jagdeesh/tracker/src/px4-ros2-interface-lib/examples/cpp/modes/mode_with_executor' with build type 'ament_cmake'
[766.858s] INFO:colcon.colcon_cmake.task.cmake.build:Building CMake package in '/home/jagdeesh/tracker/src/px4-ros2-interface-lib/examples/cpp/modes/mode_with_executor'
[766.858s] INFO:colcon.colcon_core.shell:Skip shell extension 'powershell' for command environment: Not usable outside of PowerShell
[766.858s] DEBUG:colcon.colcon_core.shell:Skip shell extension 'dsv' for command environment
[766.871s] DEBUG:colcon.colcon_core.event_handler.log_command:Invoking command in '/home/jagdeesh/tracker/build/example_mode_with_executor_cpp': AMENT_PREFIX_PATH=/home/jagdeesh/tracker/install/px4_ros2_cpp:/home/jagdeesh/tracker/install/px4_msgs:${AMENT_PREFIX_PATH} CMAKE_PREFIX_PATH=/home/jagdeesh/tracker/install/px4_ros2_cpp:/home/jagdeesh/tracker/install/px4_msgs:/opt/ros/humble LD_LIBRARY_PATH=/home/jagdeesh/tracker/install/px4_ros2_cpp/lib:/home/jagdeesh/tracker/install/px4_msgs/lib:${LD_LIBRARY_PATH} PYTHONPATH=/home/jagdeesh/tracker/install/px4_msgs/local/lib/python3.10/dist-packages:${PYTHONPATH} /usr/bin/cmake /home/jagdeesh/tracker/src/px4-ros2-interface-lib/examples/cpp/modes/mode_with_executor -DCMAKE_BUILD_TYPE=Release -DCMAKE_INSTALL_PREFIX=/home/jagdeesh/tracker/install/example_mode_with_executor_cpp
[766.955s] DEBUG:colcon.colcon_core.event_handler.log_command:Invoked command in '/home/jagdeesh/tracker/build/example_mode_rtl_replacement_cpp' returned '0': AMENT_PREFIX_PATH=/home/jagdeesh/tracker/install/px4_ros2_cpp:/home/jagdeesh/tracker/install/px4_msgs:${AMENT_PREFIX_PATH} CMAKE_PREFIX_PATH=/home/jagdeesh/tracker/install/px4_ros2_cpp:/home/jagdeesh/tracker/install/px4_msgs:/opt/ros/humble LD_LIBRARY_PATH=/home/jagdeesh/tracker/install/px4_ros2_cpp/lib:/home/jagdeesh/tracker/install/px4_msgs/lib:${LD_LIBRARY_PATH} PYTHONPATH=/home/jagdeesh/tracker/install/px4_msgs/local/lib/python3.10/dist-packages:${PYTHONPATH} /usr/bin/cmake --build /home/jagdeesh/tracker/build/example_mode_rtl_replacement_cpp -- -j12 -l12
[766.957s] DEBUG:colcon.colcon_core.event_handler.log_command:Invoking command in '/home/jagdeesh/tracker/build/example_mode_rtl_replacement_cpp': AMENT_PREFIX_PATH=/home/jagdeesh/tracker/install/px4_ros2_cpp:/home/jagdeesh/tracker/install/px4_msgs:${AMENT_PREFIX_PATH} CMAKE_PREFIX_PATH=/home/jagdeesh/tracker/install/px4_ros2_cpp:/home/jagdeesh/tracker/install/px4_msgs:/opt/ros/humble LD_LIBRARY_PATH=/home/jagdeesh/tracker/install/px4_ros2_cpp/lib:/home/jagdeesh/tracker/install/px4_msgs/lib:${LD_LIBRARY_PATH} PYTHONPATH=/home/jagdeesh/tracker/install/px4_msgs/local/lib/python3.10/dist-packages:${PYTHONPATH} /usr/bin/cmake --install /home/jagdeesh/tracker/build/example_mode_rtl_replacement_cpp
[766.969s] Level 1:colcon.colcon_core.environment:create_environment_scripts_only(example_mode_rtl_replacement_cpp)
[766.969s] Level 1:colcon.colcon_core.environment:checking '/home/jagdeesh/tracker/install/example_mode_rtl_replacement_cpp' for CMake module files
[766.970s] DEBUG:colcon.colcon_core.event_handler.log_command:Invoked command in '/home/jagdeesh/tracker/build/example_mode_rtl_replacement_cpp' returned '0': AMENT_PREFIX_PATH=/home/jagdeesh/tracker/install/px4_ros2_cpp:/home/jagdeesh/tracker/install/px4_msgs:${AMENT_PREFIX_PATH} CMAKE_PREFIX_PATH=/home/jagdeesh/tracker/install/px4_ros2_cpp:/home/jagdeesh/tracker/install/px4_msgs:/opt/ros/humble LD_LIBRARY_PATH=/home/jagdeesh/tracker/install/px4_ros2_cpp/lib:/home/jagdeesh/tracker/install/px4_msgs/lib:${LD_LIBRARY_PATH} PYTHONPATH=/home/jagdeesh/tracker/install/px4_msgs/local/lib/python3.10/dist-packages:${PYTHONPATH} /usr/bin/cmake --install /home/jagdeesh/tracker/build/example_mode_rtl_replacement_cpp
[766.970s] Level 1:colcon.colcon_core.environment:checking '/home/jagdeesh/tracker/install/example_mode_rtl_replacement_cpp' for CMake config files
[766.970s] Level 1:colcon.colcon_core.shell:create_environment_hook('example_mode_rtl_replacement_cpp', 'cmake_prefix_path')
[766.971s] INFO:colcon.colcon_core.shell:Creating environment hook '/home/jagdeesh/tracker/install/example_mode_rtl_replacement_cpp/share/example_mode_rtl_replacement_cpp/hook/cmake_prefix_path.ps1'
[766.971s] INFO:colcon.colcon_core.shell:Creating environment descriptor '/home/jagdeesh/tracker/install/example_mode_rtl_replacement_cpp/share/example_mode_rtl_replacement_cpp/hook/cmake_prefix_path.dsv'
[766.971s] INFO:colcon.colcon_core.shell:Creating environment hook '/home/jagdeesh/tracker/install/example_mode_rtl_replacement_cpp/share/example_mode_rtl_replacement_cpp/hook/cmake_prefix_path.sh'
[766.972s] Level 1:colcon.colcon_core.environment:checking '/home/jagdeesh/tracker/install/example_mode_rtl_replacement_cpp/lib'
[766.972s] Level 1:colcon.colcon_core.environment:checking '/home/jagdeesh/tracker/install/example_mode_rtl_replacement_cpp/bin'
[766.972s] Level 1:colcon.colcon_core.environment:checking '/home/jagdeesh/tracker/install/example_mode_rtl_replacement_cpp/lib/pkgconfig/example_mode_rtl_replacement_cpp.pc'
[766.972s] Level 1:colcon.colcon_core.environment:checking '/home/jagdeesh/tracker/install/example_mode_rtl_replacement_cpp/lib/python3.10/site-packages'
[766.973s] Level 1:colcon.colcon_core.environment:checking '/home/jagdeesh/tracker/install/example_mode_rtl_replacement_cpp/bin'
[766.973s] INFO:colcon.colcon_core.shell:Creating package script '/home/jagdeesh/tracker/install/example_mode_rtl_replacement_cpp/share/example_mode_rtl_replacement_cpp/package.ps1'
[766.973s] INFO:colcon.colcon_core.shell:Creating package descriptor '/home/jagdeesh/tracker/install/example_mode_rtl_replacement_cpp/share/example_mode_rtl_replacement_cpp/package.dsv'
[766.974s] INFO:colcon.colcon_core.shell:Creating package script '/home/jagdeesh/tracker/install/example_mode_rtl_replacement_cpp/share/example_mode_rtl_replacement_cpp/package.sh'
[766.974s] INFO:colcon.colcon_core.shell:Creating package script '/home/jagdeesh/tracker/install/example_mode_rtl_replacement_cpp/share/example_mode_rtl_replacement_cpp/package.bash'
[766.974s] INFO:colcon.colcon_core.shell:Creating package script '/home/jagdeesh/tracker/install/example_mode_rtl_replacement_cpp/share/example_mode_rtl_replacement_cpp/package.zsh'
[766.974s] Level 1:colcon.colcon_core.environment:create_file_with_runtime_dependencies(/home/jagdeesh/tracker/install/example_mode_rtl_replacement_cpp/share/colcon-core/packages/example_mode_rtl_replacement_cpp)
[766.975s] Level 1:colcon.colcon_core.environment:create_environment_scripts_only(example_mode_rtl_replacement_cpp)
[766.975s] Level 1:colcon.colcon_core.environment:checking '/home/jagdeesh/tracker/install/example_mode_rtl_replacement_cpp' for CMake module files
[766.976s] Level 1:colcon.colcon_core.environment:checking '/home/jagdeesh/tracker/install/example_mode_rtl_replacement_cpp' for CMake config files
[766.976s] Level 1:colcon.colcon_core.shell:create_environment_hook('example_mode_rtl_replacement_cpp', 'cmake_prefix_path')
[766.976s] INFO:colcon.colcon_core.shell:Creating environment hook '/home/jagdeesh/tracker/install/example_mode_rtl_replacement_cpp/share/example_mode_rtl_replacement_cpp/hook/cmake_prefix_path.ps1'
[766.976s] INFO:colcon.colcon_core.shell:Creating environment descriptor '/home/jagdeesh/tracker/install/example_mode_rtl_replacement_cpp/share/example_mode_rtl_replacement_cpp/hook/cmake_prefix_path.dsv'
[766.977s] INFO:colcon.colcon_core.shell:Creating environment hook '/home/jagdeesh/tracker/install/example_mode_rtl_replacement_cpp/share/example_mode_rtl_replacement_cpp/hook/cmake_prefix_path.sh'
[766.977s] Level 1:colcon.colcon_core.environment:checking '/home/jagdeesh/tracker/install/example_mode_rtl_replacement_cpp/lib'
[766.977s] Level 1:colcon.colcon_core.environment:checking '/home/jagdeesh/tracker/install/example_mode_rtl_replacement_cpp/bin'
[766.977s] Level 1:colcon.colcon_core.environment:checking '/home/jagdeesh/tracker/install/example_mode_rtl_replacement_cpp/lib/pkgconfig/example_mode_rtl_replacement_cpp.pc'
[766.978s] Level 1:colcon.colcon_core.environment:checking '/home/jagdeesh/tracker/install/example_mode_rtl_replacement_cpp/lib/python3.10/site-packages'
[766.978s] Level 1:colcon.colcon_core.environment:checking '/home/jagdeesh/tracker/install/example_mode_rtl_replacement_cpp/bin'
[766.978s] INFO:colcon.colcon_core.shell:Creating package script '/home/jagdeesh/tracker/install/example_mode_rtl_replacement_cpp/share/example_mode_rtl_replacement_cpp/package.ps1'
[766.979s] INFO:colcon.colcon_core.shell:Creating package descriptor '/home/jagdeesh/tracker/install/example_mode_rtl_replacement_cpp/share/example_mode_rtl_replacement_cpp/package.dsv'
[766.979s] INFO:colcon.colcon_core.shell:Creating package script '/home/jagdeesh/tracker/install/example_mode_rtl_replacement_cpp/share/example_mode_rtl_replacement_cpp/package.sh'
[766.980s] INFO:colcon.colcon_core.shell:Creating package script '/home/jagdeesh/tracker/install/example_mode_rtl_replacement_cpp/share/example_mode_rtl_replacement_cpp/package.bash'
[766.980s] INFO:colcon.colcon_core.shell:Creating package script '/home/jagdeesh/tracker/install/example_mode_rtl_replacement_cpp/share/example_mode_rtl_replacement_cpp/package.zsh'
[766.980s] Level 1:colcon.colcon_core.environment:create_file_with_runtime_dependencies(/home/jagdeesh/tracker/install/example_mode_rtl_replacement_cpp/share/colcon-core/packages/example_mode_rtl_replacement_cpp)
[766.981s] INFO:colcon.colcon_ros.task.ament_cmake.build:Building ROS package in '/home/jagdeesh/tracker/src/px4-ros2-interface-lib/examples/cpp/modes/rover_velocity' with build type 'ament_cmake'
[766.981s] INFO:colcon.colcon_cmake.task.cmake.build:Building CMake package in '/home/jagdeesh/tracker/src/px4-ros2-interface-lib/examples/cpp/modes/rover_velocity'
[766.981s] INFO:colcon.colcon_core.shell:Skip shell extension 'powershell' for command environment: Not usable outside of PowerShell
[766.981s] DEBUG:colcon.colcon_core.shell:Skip shell extension 'dsv' for command environment
[766.995s] DEBUG:colcon.colcon_core.event_handler.log_command:Invoking command in '/home/jagdeesh/tracker/build/example_rover_velocity_mode_cpp': AMENT_PREFIX_PATH=/home/jagdeesh/tracker/install/px4_ros2_cpp:/home/jagdeesh/tracker/install/px4_msgs:${AMENT_PREFIX_PATH} CMAKE_PREFIX_PATH=/home/jagdeesh/tracker/install/px4_ros2_cpp:/home/jagdeesh/tracker/install/px4_msgs:/opt/ros/humble LD_LIBRARY_PATH=/home/jagdeesh/tracker/install/px4_ros2_cpp/lib:/home/jagdeesh/tracker/install/px4_msgs/lib:${LD_LIBRARY_PATH} PYTHONPATH=/home/jagdeesh/tracker/install/px4_msgs/local/lib/python3.10/dist-packages:${PYTHONPATH} /usr/bin/cmake /home/jagdeesh/tracker/src/px4-ros2-interface-lib/examples/cpp/modes/rover_velocity -DCMAKE_BUILD_TYPE=Release -DCMAKE_INSTALL_PREFIX=/home/jagdeesh/tracker/install/example_rover_velocity_mode_cpp
[768.169s] DEBUG:colcon.colcon_core.event_handler.log_command:Invoked command in '/home/jagdeesh/tracker/build/example_mode_with_executor_cpp' returned '0': AMENT_PREFIX_PATH=/home/jagdeesh/tracker/install/px4_ros2_cpp:/home/jagdeesh/tracker/install/px4_msgs:${AMENT_PREFIX_PATH} CMAKE_PREFIX_PATH=/home/jagdeesh/tracker/install/px4_ros2_cpp:/home/jagdeesh/tracker/install/px4_msgs:/opt/ros/humble LD_LIBRARY_PATH=/home/jagdeesh/tracker/install/px4_ros2_cpp/lib:/home/jagdeesh/tracker/install/px4_msgs/lib:${LD_LIBRARY_PATH} PYTHONPATH=/home/jagdeesh/tracker/install/px4_msgs/local/lib/python3.10/dist-packages:${PYTHONPATH} /usr/bin/cmake /home/jagdeesh/tracker/src/px4-ros2-interface-lib/examples/cpp/modes/mode_with_executor -DCMAKE_BUILD_TYPE=Release -DCMAKE_INSTALL_PREFIX=/home/jagdeesh/tracker/install/example_mode_with_executor_cpp
[768.169s] DEBUG:colcon.colcon_core.event_handler.log_command:Invoking command in '/home/jagdeesh/tracker/build/example_mode_with_executor_cpp': AMENT_PREFIX_PATH=/home/jagdeesh/tracker/install/px4_ros2_cpp:/home/jagdeesh/tracker/install/px4_msgs:${AMENT_PREFIX_PATH} CMAKE_PREFIX_PATH=/home/jagdeesh/tracker/install/px4_ros2_cpp:/home/jagdeesh/tracker/install/px4_msgs:/opt/ros/humble LD_LIBRARY_PATH=/home/jagdeesh/tracker/install/px4_ros2_cpp/lib:/home/jagdeesh/tracker/install/px4_msgs/lib:${LD_LIBRARY_PATH} PYTHONPATH=/home/jagdeesh/tracker/install/px4_msgs/local/lib/python3.10/dist-packages:${PYTHONPATH} /usr/bin/cmake --build /home/jagdeesh/tracker/build/example_mode_with_executor_cpp -- -j12 -l12
[768.284s] DEBUG:colcon.colcon_core.event_handler.log_command:Invoked command in '/home/jagdeesh/tracker/build/example_rover_velocity_mode_cpp' returned '0': AMENT_PREFIX_PATH=/home/jagdeesh/tracker/install/px4_ros2_cpp:/home/jagdeesh/tracker/install/px4_msgs:${AMENT_PREFIX_PATH} CMAKE_PREFIX_PATH=/home/jagdeesh/tracker/install/px4_ros2_cpp:/home/jagdeesh/tracker/install/px4_msgs:/opt/ros/humble LD_LIBRARY_PATH=/home/jagdeesh/tracker/install/px4_ros2_cpp/lib:/home/jagdeesh/tracker/install/px4_msgs/lib:${LD_LIBRARY_PATH} PYTHONPATH=/home/jagdeesh/tracker/install/px4_msgs/local/lib/python3.10/dist-packages:${PYTHONPATH} /usr/bin/cmake /home/jagdeesh/tracker/src/px4-ros2-interface-lib/examples/cpp/modes/rover_velocity -DCMAKE_BUILD_TYPE=Release -DCMAKE_INSTALL_PREFIX=/home/jagdeesh/tracker/install/example_rover_velocity_mode_cpp
[768.285s] DEBUG:colcon.colcon_core.event_handler.log_command:Invoking command in '/home/jagdeesh/tracker/build/example_rover_velocity_mode_cpp': AMENT_PREFIX_PATH=/home/jagdeesh/tracker/install/px4_ros2_cpp:/home/jagdeesh/tracker/install/px4_msgs:${AMENT_PREFIX_PATH} CMAKE_PREFIX_PATH=/home/jagdeesh/tracker/install/px4_ros2_cpp:/home/jagdeesh/tracker/install/px4_msgs:/opt/ros/humble LD_LIBRARY_PATH=/home/jagdeesh/tracker/install/px4_ros2_cpp/lib:/home/jagdeesh/tracker/install/px4_msgs/lib:${LD_LIBRARY_PATH} PYTHONPATH=/home/jagdeesh/tracker/install/px4_msgs/local/lib/python3.10/dist-packages:${PYTHONPATH} /usr/bin/cmake --build /home/jagdeesh/tracker/build/example_rover_velocity_mode_cpp -- -j12 -l12
[772.743s] DEBUG:colcon.colcon_core.event_handler.log_command:Invoked command in '/home/jagdeesh/tracker/build/example_rover_velocity_mode_cpp' returned '0': AMENT_PREFIX_PATH=/home/jagdeesh/tracker/install/px4_ros2_cpp:/home/jagdeesh/tracker/install/px4_msgs:${AMENT_PREFIX_PATH} CMAKE_PREFIX_PATH=/home/jagdeesh/tracker/install/px4_ros2_cpp:/home/jagdeesh/tracker/install/px4_msgs:/opt/ros/humble LD_LIBRARY_PATH=/home/jagdeesh/tracker/install/px4_ros2_cpp/lib:/home/jagdeesh/tracker/install/px4_msgs/lib:${LD_LIBRARY_PATH} PYTHONPATH=/home/jagdeesh/tracker/install/px4_msgs/local/lib/python3.10/dist-packages:${PYTHONPATH} /usr/bin/cmake --build /home/jagdeesh/tracker/build/example_rover_velocity_mode_cpp -- -j12 -l12
[772.745s] DEBUG:colcon.colcon_core.event_handler.log_command:Invoking command in '/home/jagdeesh/tracker/build/example_rover_velocity_mode_cpp': AMENT_PREFIX_PATH=/home/jagdeesh/tracker/install/px4_ros2_cpp:/home/jagdeesh/tracker/install/px4_msgs:${AMENT_PREFIX_PATH} CMAKE_PREFIX_PATH=/home/jagdeesh/tracker/install/px4_ros2_cpp:/home/jagdeesh/tracker/install/px4_msgs:/opt/ros/humble LD_LIBRARY_PATH=/home/jagdeesh/tracker/install/px4_ros2_cpp/lib:/home/jagdeesh/tracker/install/px4_msgs/lib:${LD_LIBRARY_PATH} PYTHONPATH=/home/jagdeesh/tracker/install/px4_msgs/local/lib/python3.10/dist-packages:${PYTHONPATH} /usr/bin/cmake --install /home/jagdeesh/tracker/build/example_rover_velocity_mode_cpp
[772.761s] Level 1:colcon.colcon_core.environment:create_environment_scripts_only(example_rover_velocity_mode_cpp)
[772.762s] Level 1:colcon.colcon_core.environment:checking '/home/jagdeesh/tracker/install/example_rover_velocity_mode_cpp' for CMake module files
[772.762s] DEBUG:colcon.colcon_core.event_handler.log_command:Invoked command in '/home/jagdeesh/tracker/build/example_rover_velocity_mode_cpp' returned '0': AMENT_PREFIX_PATH=/home/jagdeesh/tracker/install/px4_ros2_cpp:/home/jagdeesh/tracker/install/px4_msgs:${AMENT_PREFIX_PATH} CMAKE_PREFIX_PATH=/home/jagdeesh/tracker/install/px4_ros2_cpp:/home/jagdeesh/tracker/install/px4_msgs:/opt/ros/humble LD_LIBRARY_PATH=/home/jagdeesh/tracker/install/px4_ros2_cpp/lib:/home/jagdeesh/tracker/install/px4_msgs/lib:${LD_LIBRARY_PATH} PYTHONPATH=/home/jagdeesh/tracker/install/px4_msgs/local/lib/python3.10/dist-packages:${PYTHONPATH} /usr/bin/cmake --install /home/jagdeesh/tracker/build/example_rover_velocity_mode_cpp
[772.763s] Level 1:colcon.colcon_core.environment:checking '/home/jagdeesh/tracker/install/example_rover_velocity_mode_cpp' for CMake config files
[772.763s] Level 1:colcon.colcon_core.shell:create_environment_hook('example_rover_velocity_mode_cpp', 'cmake_prefix_path')
[772.764s] INFO:colcon.colcon_core.shell:Creating environment hook '/home/jagdeesh/tracker/install/example_rover_velocity_mode_cpp/share/example_rover_velocity_mode_cpp/hook/cmake_prefix_path.ps1'
[772.764s] INFO:colcon.colcon_core.shell:Creating environment descriptor '/home/jagdeesh/tracker/install/example_rover_velocity_mode_cpp/share/example_rover_velocity_mode_cpp/hook/cmake_prefix_path.dsv'
[772.765s] INFO:colcon.colcon_core.shell:Creating environment hook '/home/jagdeesh/tracker/install/example_rover_velocity_mode_cpp/share/example_rover_velocity_mode_cpp/hook/cmake_prefix_path.sh'
[772.765s] Level 1:colcon.colcon_core.environment:checking '/home/jagdeesh/tracker/install/example_rover_velocity_mode_cpp/lib'
[772.766s] Level 1:colcon.colcon_core.environment:checking '/home/jagdeesh/tracker/install/example_rover_velocity_mode_cpp/bin'
[772.766s] Level 1:colcon.colcon_core.environment:checking '/home/jagdeesh/tracker/install/example_rover_velocity_mode_cpp/lib/pkgconfig/example_rover_velocity_mode_cpp.pc'
[772.766s] Level 1:colcon.colcon_core.environment:checking '/home/jagdeesh/tracker/install/example_rover_velocity_mode_cpp/lib/python3.10/site-packages'
[772.766s] Level 1:colcon.colcon_core.environment:checking '/home/jagdeesh/tracker/install/example_rover_velocity_mode_cpp/bin'
[772.767s] INFO:colcon.colcon_core.shell:Creating package script '/home/jagdeesh/tracker/install/example_rover_velocity_mode_cpp/share/example_rover_velocity_mode_cpp/package.ps1'
[772.767s] INFO:colcon.colcon_core.shell:Creating package descriptor '/home/jagdeesh/tracker/install/example_rover_velocity_mode_cpp/share/example_rover_velocity_mode_cpp/package.dsv'
[772.768s] INFO:colcon.colcon_core.shell:Creating package script '/home/jagdeesh/tracker/install/example_rover_velocity_mode_cpp/share/example_rover_velocity_mode_cpp/package.sh'
[772.768s] INFO:colcon.colcon_core.shell:Creating package script '/home/jagdeesh/tracker/install/example_rover_velocity_mode_cpp/share/example_rover_velocity_mode_cpp/package.bash'
[772.768s] INFO:colcon.colcon_core.shell:Creating package script '/home/jagdeesh/tracker/install/example_rover_velocity_mode_cpp/share/example_rover_velocity_mode_cpp/package.zsh'
[772.769s] Level 1:colcon.colcon_core.environment:create_file_with_runtime_dependencies(/home/jagdeesh/tracker/install/example_rover_velocity_mode_cpp/share/colcon-core/packages/example_rover_velocity_mode_cpp)
[772.769s] Level 1:colcon.colcon_core.environment:create_environment_scripts_only(example_rover_velocity_mode_cpp)
[772.769s] Level 1:colcon.colcon_core.environment:checking '/home/jagdeesh/tracker/install/example_rover_velocity_mode_cpp' for CMake module files
[772.770s] Level 1:colcon.colcon_core.environment:checking '/home/jagdeesh/tracker/install/example_rover_velocity_mode_cpp' for CMake config files
[772.770s] Level 1:colcon.colcon_core.shell:create_environment_hook('example_rover_velocity_mode_cpp', 'cmake_prefix_path')
[772.770s] INFO:colcon.colcon_core.shell:Creating environment hook '/home/jagdeesh/tracker/install/example_rover_velocity_mode_cpp/share/example_rover_velocity_mode_cpp/hook/cmake_prefix_path.ps1'
[772.770s] INFO:colcon.colcon_core.shell:Creating environment descriptor '/home/jagdeesh/tracker/install/example_rover_velocity_mode_cpp/share/example_rover_velocity_mode_cpp/hook/cmake_prefix_path.dsv'
[772.771s] INFO:colcon.colcon_core.shell:Creating environment hook '/home/jagdeesh/tracker/install/example_rover_velocity_mode_cpp/share/example_rover_velocity_mode_cpp/hook/cmake_prefix_path.sh'
[772.771s] Level 1:colcon.colcon_core.environment:checking '/home/jagdeesh/tracker/install/example_rover_velocity_mode_cpp/lib'
[772.771s] Level 1:colcon.colcon_core.environment:checking '/home/jagdeesh/tracker/install/example_rover_velocity_mode_cpp/bin'
[772.771s] Level 1:colcon.colcon_core.environment:checking '/home/jagdeesh/tracker/install/example_rover_velocity_mode_cpp/lib/pkgconfig/example_rover_velocity_mode_cpp.pc'
[772.771s] Level 1:colcon.colcon_core.environment:checking '/home/jagdeesh/tracker/install/example_rover_velocity_mode_cpp/lib/python3.10/site-packages'
[772.772s] Level 1:colcon.colcon_core.environment:checking '/home/jagdeesh/tracker/install/example_rover_velocity_mode_cpp/bin'
[772.772s] INFO:colcon.colcon_core.shell:Creating package script '/home/jagdeesh/tracker/install/example_rover_velocity_mode_cpp/share/example_rover_velocity_mode_cpp/package.ps1'
[772.772s] INFO:colcon.colcon_core.shell:Creating package descriptor '/home/jagdeesh/tracker/install/example_rover_velocity_mode_cpp/share/example_rover_velocity_mode_cpp/package.dsv'
[772.773s] INFO:colcon.colcon_core.shell:Creating package script '/home/jagdeesh/tracker/install/example_rover_velocity_mode_cpp/share/example_rover_velocity_mode_cpp/package.sh'
[772.773s] INFO:colcon.colcon_core.shell:Creating package script '/home/jagdeesh/tracker/install/example_rover_velocity_mode_cpp/share/example_rover_velocity_mode_cpp/package.bash'
[772.773s] INFO:colcon.colcon_core.shell:Creating package script '/home/jagdeesh/tracker/install/example_rover_velocity_mode_cpp/share/example_rover_velocity_mode_cpp/package.zsh'
[772.774s] Level 1:colcon.colcon_core.environment:create_file_with_runtime_dependencies(/home/jagdeesh/tracker/install/example_rover_velocity_mode_cpp/share/colcon-core/packages/example_rover_velocity_mode_cpp)
[772.774s] INFO:colcon.colcon_ros.task.ament_cmake.build:Building ROS package in '/home/jagdeesh/tracker/fixed_src/precision_land' with build type 'ament_cmake'
[772.774s] INFO:colcon.colcon_cmake.task.cmake.build:Building CMake package in '/home/jagdeesh/tracker/fixed_src/precision_land'
[772.775s] INFO:colcon.colcon_core.shell:Skip shell extension 'powershell' for command environment: Not usable outside of PowerShell
[772.775s] DEBUG:colcon.colcon_core.shell:Skip shell extension 'dsv' for command environment
[772.788s] DEBUG:colcon.colcon_core.event_handler.log_command:Invoking command in '/home/jagdeesh/tracker/build/precision_land': AMENT_PREFIX_PATH=/home/jagdeesh/tracker/install/px4_ros2_cpp:/home/jagdeesh/tracker/install/px4_msgs:${AMENT_PREFIX_PATH} CMAKE_PREFIX_PATH=/home/jagdeesh/tracker/install/px4_ros2_cpp:/home/jagdeesh/tracker/install/px4_msgs:/opt/ros/humble LD_LIBRARY_PATH=/home/jagdeesh/tracker/install/px4_ros2_cpp/lib:/home/jagdeesh/tracker/install/px4_msgs/lib:${LD_LIBRARY_PATH} PYTHONPATH=/home/jagdeesh/tracker/install/px4_msgs/local/lib/python3.10/dist-packages:${PYTHONPATH} /usr/bin/cmake /home/jagdeesh/tracker/fixed_src/precision_land -DCMAKE_BUILD_TYPE=Release -DCMAKE_INSTALL_PREFIX=/home/jagdeesh/tracker/install/precision_land
[772.944s] DEBUG:colcon.colcon_core.event_handler.log_command:Invoked command in '/home/jagdeesh/tracker/build/example_mode_with_executor_cpp' returned '0': AMENT_PREFIX_PATH=/home/jagdeesh/tracker/install/px4_ros2_cpp:/home/jagdeesh/tracker/install/px4_msgs:${AMENT_PREFIX_PATH} CMAKE_PREFIX_PATH=/home/jagdeesh/tracker/install/px4_ros2_cpp:/home/jagdeesh/tracker/install/px4_msgs:/opt/ros/humble LD_LIBRARY_PATH=/home/jagdeesh/tracker/install/px4_ros2_cpp/lib:/home/jagdeesh/tracker/install/px4_msgs/lib:${LD_LIBRARY_PATH} PYTHONPATH=/home/jagdeesh/tracker/install/px4_msgs/local/lib/python3.10/dist-packages:${PYTHONPATH} /usr/bin/cmake --build /home/jagdeesh/tracker/build/example_mode_with_executor_cpp -- -j12 -l12
[772.947s] DEBUG:colcon.colcon_core.event_handler.log_command:Invoking command in '/home/jagdeesh/tracker/build/example_mode_with_executor_cpp': AMENT_PREFIX_PATH=/home/jagdeesh/tracker/install/px4_ros2_cpp:/home/jagdeesh/tracker/install/px4_msgs:${AMENT_PREFIX_PATH} CMAKE_PREFIX_PATH=/home/jagdeesh/tracker/install/px4_ros2_cpp:/home/jagdeesh/tracker/install/px4_msgs:/opt/ros/humble LD_LIBRARY_PATH=/home/jagdeesh/tracker/install/px4_ros2_cpp/lib:/home/jagdeesh/tracker/install/px4_msgs/lib:${LD_LIBRARY_PATH} PYTHONPATH=/home/jagdeesh/tracker/install/px4_msgs/local/lib/python3.10/dist-packages:${PYTHONPATH} /usr/bin/cmake --install /home/jagdeesh/tracker/build/example_mode_with_executor_cpp
[772.961s] Level 1:colcon.colcon_core.environment:create_environment_scripts_only(example_mode_with_executor_cpp)
[772.961s] Level 1:colcon.colcon_core.environment:checking '/home/jagdeesh/tracker/install/example_mode_with_executor_cpp' for CMake module files
[772.962s] DEBUG:colcon.colcon_core.event_handler.log_command:Invoked command in '/home/jagdeesh/tracker/build/example_mode_with_executor_cpp' returned '0': AMENT_PREFIX_PATH=/home/jagdeesh/tracker/install/px4_ros2_cpp:/home/jagdeesh/tracker/install/px4_msgs:${AMENT_PREFIX_PATH} CMAKE_PREFIX_PATH=/home/jagdeesh/tracker/install/px4_ros2_cpp:/home/jagdeesh/tracker/install/px4_msgs:/opt/ros/humble LD_LIBRARY_PATH=/home/jagdeesh/tracker/install/px4_ros2_cpp/lib:/home/jagdeesh/tracker/install/px4_msgs/lib:${LD_LIBRARY_PATH} PYTHONPATH=/home/jagdeesh/tracker/install/px4_msgs/local/lib/python3.10/dist-packages:${PYTHONPATH} /usr/bin/cmake --install /home/jagdeesh/tracker/build/example_mode_with_executor_cpp
[772.962s] Level 1:colcon.colcon_core.environment:checking '/home/jagdeesh/tracker/install/example_mode_with_executor_cpp' for CMake config files
[772.963s] Level 1:colcon.colcon_core.shell:create_environment_hook('example_mode_with_executor_cpp', 'cmake_prefix_path')
[772.963s] INFO:colcon.colcon_core.shell:Creating environment hook '/home/jagdeesh/tracker/install/example_mode_with_executor_cpp/share/example_mode_with_executor_cpp/hook/cmake_prefix_path.ps1'
[772.964s] INFO:colcon.colcon_core.shell:Creating environment descriptor '/home/jagdeesh/tracker/install/example_mode_with_executor_cpp/share/example_mode_with_executor_cpp/hook/cmake_prefix_path.dsv'
[772.964s] INFO:colcon.colcon_core.shell:Creating environment hook '/home/jagdeesh/tracker/install/example_mode_with_executor_cpp/share/example_mode_with_executor_cpp/hook/cmake_prefix_path.sh'
[772.965s] Level 1:colcon.colcon_core.environment:checking '/home/jagdeesh/tracker/install/example_mode_with_executor_cpp/lib'
[772.965s] Level 1:colcon.colcon_core.environment:checking '/home/jagdeesh/tracker/install/example_mode_with_executor_cpp/bin'
[772.965s] Level 1:colcon.colcon_core.environment:checking '/home/jagdeesh/tracker/install/example_mode_with_executor_cpp/lib/pkgconfig/example_mode_with_executor_cpp.pc'
[772.966s] Level 1:colcon.colcon_core.environment:checking '/home/jagdeesh/tracker/install/example_mode_with_executor_cpp/lib/python3.10/site-packages'
[772.966s] Level 1:colcon.colcon_core.environment:checking '/home/jagdeesh/tracker/install/example_mode_with_executor_cpp/bin'
[772.967s] INFO:colcon.colcon_core.shell:Creating package script '/home/jagdeesh/tracker/install/example_mode_with_executor_cpp/share/example_mode_with_executor_cpp/package.ps1'
[772.967s] INFO:colcon.colcon_core.shell:Creating package descriptor '/home/jagdeesh/tracker/install/example_mode_with_executor_cpp/share/example_mode_with_executor_cpp/package.dsv'
[772.968s] INFO:colcon.colcon_core.shell:Creating package script '/home/jagdeesh/tracker/install/example_mode_with_executor_cpp/share/example_mode_with_executor_cpp/package.sh'
[772.968s] INFO:colcon.colcon_core.shell:Creating package script '/home/jagdeesh/tracker/install/example_mode_with_executor_cpp/share/example_mode_with_executor_cpp/package.bash'
[772.969s] INFO:colcon.colcon_core.shell:Creating package script '/home/jagdeesh/tracker/install/example_mode_with_executor_cpp/share/example_mode_with_executor_cpp/package.zsh'
[772.969s] Level 1:colcon.colcon_core.environment:create_file_with_runtime_dependencies(/home/jagdeesh/tracker/install/example_mode_with_executor_cpp/share/colcon-core/packages/example_mode_with_executor_cpp)
[772.970s] Level 1:colcon.colcon_core.environment:create_environment_scripts_only(example_mode_with_executor_cpp)
[772.971s] Level 1:colcon.colcon_core.environment:checking '/home/jagdeesh/tracker/install/example_mode_with_executor_cpp' for CMake module files
[772.971s] Level 1:colcon.colcon_core.environment:checking '/home/jagdeesh/tracker/install/example_mode_with_executor_cpp' for CMake config files
[772.971s] Level 1:colcon.colcon_core.shell:create_environment_hook('example_mode_with_executor_cpp', 'cmake_prefix_path')
[772.972s] INFO:colcon.colcon_core.shell:Creating environment hook '/home/jagdeesh/tracker/install/example_mode_with_executor_cpp/share/example_mode_with_executor_cpp/hook/cmake_prefix_path.ps1'
[772.972s] INFO:colcon.colcon_core.shell:Creating environment descriptor '/home/jagdeesh/tracker/install/example_mode_with_executor_cpp/share/example_mode_with_executor_cpp/hook/cmake_prefix_path.dsv'
[772.973s] INFO:colcon.colcon_core.shell:Creating environment hook '/home/jagdeesh/tracker/install/example_mode_with_executor_cpp/share/example_mode_with_executor_cpp/hook/cmake_prefix_path.sh'
[772.973s] Level 1:colcon.colcon_core.environment:checking '/home/jagdeesh/tracker/install/example_mode_with_executor_cpp/lib'
[772.974s] Level 1:colcon.colcon_core.environment:checking '/home/jagdeesh/tracker/install/example_mode_with_executor_cpp/bin'
[772.974s] Level 1:colcon.colcon_core.environment:checking '/home/jagdeesh/tracker/install/example_mode_with_executor_cpp/lib/pkgconfig/example_mode_with_executor_cpp.pc'
[772.974s] Level 1:colcon.colcon_core.environment:checking '/home/jagdeesh/tracker/install/example_mode_with_executor_cpp/lib/python3.10/site-packages'
[772.974s] Level 1:colcon.colcon_core.environment:checking '/home/jagdeesh/tracker/install/example_mode_with_executor_cpp/bin'
[772.975s] INFO:colcon.colcon_core.shell:Creating package script '/home/jagdeesh/tracker/install/example_mode_with_executor_cpp/share/example_mode_with_executor_cpp/package.ps1'
[772.976s] INFO:colcon.colcon_core.shell:Creating package descriptor '/home/jagdeesh/tracker/install/example_mode_with_executor_cpp/share/example_mode_with_executor_cpp/package.dsv'
[772.976s] INFO:colcon.colcon_core.shell:Creating package script '/home/jagdeesh/tracker/install/example_mode_with_executor_cpp/share/example_mode_with_executor_cpp/package.sh'
[772.977s] INFO:colcon.colcon_core.shell:Creating package script '/home/jagdeesh/tracker/install/example_mode_with_executor_cpp/share/example_mode_with_executor_cpp/package.bash'
[772.977s] INFO:colcon.colcon_core.shell:Creating package script '/home/jagdeesh/tracker/install/example_mode_with_executor_cpp/share/example_mode_with_executor_cpp/package.zsh'
[772.978s] Level 1:colcon.colcon_core.environment:create_file_with_runtime_dependencies(/home/jagdeesh/tracker/install/example_mode_with_executor_cpp/share/colcon-core/packages/example_mode_with_executor_cpp)
[774.027s] DEBUG:colcon.colcon_core.event_handler.log_command:Invoked command in '/home/jagdeesh/tracker/build/precision_land' returned '0': AMENT_PREFIX_PATH=/home/jagdeesh/tracker/install/px4_ros2_cpp:/home/jagdeesh/tracker/install/px4_msgs:${AMENT_PREFIX_PATH} CMAKE_PREFIX_PATH=/home/jagdeesh/tracker/install/px4_ros2_cpp:/home/jagdeesh/tracker/install/px4_msgs:/opt/ros/humble LD_LIBRARY_PATH=/home/jagdeesh/tracker/install/px4_ros2_cpp/lib:/home/jagdeesh/tracker/install/px4_msgs/lib:${LD_LIBRARY_PATH} PYTHONPATH=/home/jagdeesh/tracker/install/px4_msgs/local/lib/python3.10/dist-packages:${PYTHONPATH} /usr/bin/cmake /home/jagdeesh/tracker/fixed_src/precision_land -DCMAKE_BUILD_TYPE=Release -DCMAKE_INSTALL_PREFIX=/home/jagdeesh/tracker/install/precision_land
[774.027s] DEBUG:colcon.colcon_core.event_handler.log_command:Invoking command in '/home/jagdeesh/tracker/build/precision_land': AMENT_PREFIX_PATH=/home/jagdeesh/tracker/install/px4_ros2_cpp:/home/jagdeesh/tracker/install/px4_msgs:${AMENT_PREFIX_PATH} CMAKE_PREFIX_PATH=/home/jagdeesh/tracker/install/px4_ros2_cpp:/home/jagdeesh/tracker/install/px4_msgs:/opt/ros/humble LD_LIBRARY_PATH=/home/jagdeesh/tracker/install/px4_ros2_cpp/lib:/home/jagdeesh/tracker/install/px4_msgs/lib:${LD_LIBRARY_PATH} PYTHONPATH=/home/jagdeesh/tracker/install/px4_msgs/local/lib/python3.10/dist-packages:${PYTHONPATH} /usr/bin/cmake --build /home/jagdeesh/tracker/build/precision_land -- -j12 -l12
[802.218s] DEBUG:colcon.colcon_core.event_handler.log_command:Invoked command in '/home/jagdeesh/tracker/build/precision_land' returned '0': AMENT_PREFIX_PATH=/home/jagdeesh/tracker/install/px4_ros2_cpp:/home/jagdeesh/tracker/install/px4_msgs:${AMENT_PREFIX_PATH} CMAKE_PREFIX_PATH=/home/jagdeesh/tracker/install/px4_ros2_cpp:/home/jagdeesh/tracker/install/px4_msgs:/opt/ros/humble LD_LIBRARY_PATH=/home/jagdeesh/tracker/install/px4_ros2_cpp/lib:/home/jagdeesh/tracker/install/px4_msgs/lib:${LD_LIBRARY_PATH} PYTHONPATH=/home/jagdeesh/tracker/install/px4_msgs/local/lib/python3.10/dist-packages:${PYTHONPATH} /usr/bin/cmake --build /home/jagdeesh/tracker/build/precision_land -- -j12 -l12
[802.219s] DEBUG:colcon.colcon_core.event_handler.log_command:Invoking command in '/home/jagdeesh/tracker/build/precision_land': AMENT_PREFIX_PATH=/home/jagdeesh/tracker/install/px4_ros2_cpp:/home/jagdeesh/tracker/install/px4_msgs:${AMENT_PREFIX_PATH} CMAKE_PREFIX_PATH=/home/jagdeesh/tracker/install/px4_ros2_cpp:/home/jagdeesh/tracker/install/px4_msgs:/opt/ros/humble LD_LIBRARY_PATH=/home/jagdeesh/tracker/install/px4_ros2_cpp/lib:/home/jagdeesh/tracker/install/px4_msgs/lib:${LD_LIBRARY_PATH} PYTHONPATH=/home/jagdeesh/tracker/install/px4_msgs/local/lib/python3.10/dist-packages:${PYTHONPATH} /usr/bin/cmake --install /home/jagdeesh/tracker/build/precision_land
[802.237s] Level 1:colcon.colcon_core.environment:create_environment_scripts_only(precision_land)
[802.237s] DEBUG:colcon.colcon_core.event_handler.log_command:Invoked command in '/home/jagdeesh/tracker/build/precision_land' returned '0': AMENT_PREFIX_PATH=/home/jagdeesh/tracker/install/px4_ros2_cpp:/home/jagdeesh/tracker/install/px4_msgs:${AMENT_PREFIX_PATH} CMAKE_PREFIX_PATH=/home/jagdeesh/tracker/install/px4_ros2_cpp:/home/jagdeesh/tracker/install/px4_msgs:/opt/ros/humble LD_LIBRARY_PATH=/home/jagdeesh/tracker/install/px4_ros2_cpp/lib:/home/jagdeesh/tracker/install/px4_msgs/lib:${LD_LIBRARY_PATH} PYTHONPATH=/home/jagdeesh/tracker/install/px4_msgs/local/lib/python3.10/dist-packages:${PYTHONPATH} /usr/bin/cmake --install /home/jagdeesh/tracker/build/precision_land
[802.238s] Level 1:colcon.colcon_core.environment:checking '/home/jagdeesh/tracker/install/precision_land' for CMake module files
[802.238s] Level 1:colcon.colcon_core.environment:checking '/home/jagdeesh/tracker/install/precision_land' for CMake config files
[802.238s] Level 1:colcon.colcon_core.shell:create_environment_hook('precision_land', 'cmake_prefix_path')
[802.239s] INFO:colcon.colcon_core.shell:Creating environment hook '/home/jagdeesh/tracker/install/precision_land/share/precision_land/hook/cmake_prefix_path.ps1'
[802.239s] INFO:colcon.colcon_core.shell:Creating environment descriptor '/home/jagdeesh/tracker/install/precision_land/share/precision_land/hook/cmake_prefix_path.dsv'
[802.239s] INFO:colcon.colcon_core.shell:Creating environment hook '/home/jagdeesh/tracker/install/precision_land/share/precision_land/hook/cmake_prefix_path.sh'
[802.240s] Level 1:colcon.colcon_core.environment:checking '/home/jagdeesh/tracker/install/precision_land/lib'
[802.240s] Level 1:colcon.colcon_core.environment:checking '/home/jagdeesh/tracker/install/precision_land/bin'
[802.240s] Level 1:colcon.colcon_core.environment:checking '/home/jagdeesh/tracker/install/precision_land/lib/pkgconfig/precision_land.pc'
[802.240s] Level 1:colcon.colcon_core.environment:checking '/home/jagdeesh/tracker/install/precision_land/lib/python3.10/site-packages'
[802.240s] Level 1:colcon.colcon_core.environment:checking '/home/jagdeesh/tracker/install/precision_land/bin'
[802.240s] INFO:colcon.colcon_core.shell:Creating package script '/home/jagdeesh/tracker/install/precision_land/share/precision_land/package.ps1'
[802.241s] INFO:colcon.colcon_core.shell:Creating package descriptor '/home/jagdeesh/tracker/install/precision_land/share/precision_land/package.dsv'
[802.241s] INFO:colcon.colcon_core.shell:Creating package script '/home/jagdeesh/tracker/install/precision_land/share/precision_land/package.sh'
[802.242s] INFO:colcon.colcon_core.shell:Creating package script '/home/jagdeesh/tracker/install/precision_land/share/precision_land/package.bash'
[802.242s] INFO:colcon.colcon_core.shell:Creating package script '/home/jagdeesh/tracker/install/precision_land/share/precision_land/package.zsh'
[802.242s] Level 1:colcon.colcon_core.environment:create_file_with_runtime_dependencies(/home/jagdeesh/tracker/install/precision_land/share/colcon-core/packages/precision_land)
[802.244s] Level 1:colcon.colcon_core.environment:create_environment_scripts_only(precision_land)
[802.245s] Level 1:colcon.colcon_core.environment:checking '/home/jagdeesh/tracker/install/precision_land' for CMake module files
[802.246s] Level 1:colcon.colcon_core.environment:checking '/home/jagdeesh/tracker/install/precision_land' for CMake config files
[802.246s] Level 1:colcon.colcon_core.shell:create_environment_hook('precision_land', 'cmake_prefix_path')
[802.247s] INFO:colcon.colcon_core.shell:Creating environment hook '/home/jagdeesh/tracker/install/precision_land/share/precision_land/hook/cmake_prefix_path.ps1'
[802.248s] INFO:colcon.colcon_core.shell:Creating environment descriptor '/home/jagdeesh/tracker/install/precision_land/share/precision_land/hook/cmake_prefix_path.dsv'
[802.249s] INFO:colcon.colcon_core.shell:Creating environment hook '/home/jagdeesh/tracker/install/precision_land/share/precision_land/hook/cmake_prefix_path.sh'
[802.250s] Level 1:colcon.colcon_core.environment:checking '/home/jagdeesh/tracker/install/precision_land/lib'
[802.250s] Level 1:colcon.colcon_core.environment:checking '/home/jagdeesh/tracker/install/precision_land/bin'
[802.250s] Level 1:colcon.colcon_core.environment:checking '/home/jagdeesh/tracker/install/precision_land/lib/pkgconfig/precision_land.pc'
[802.250s] Level 1:colcon.colcon_core.environment:checking '/home/jagdeesh/tracker/install/precision_land/lib/python3.10/site-packages'
[802.251s] Level 1:colcon.colcon_core.environment:checking '/home/jagdeesh/tracker/install/precision_land/bin'
[802.251s] INFO:colcon.colcon_core.shell:Creating package script '/home/jagdeesh/tracker/install/precision_land/share/precision_land/package.ps1'
[802.252s] INFO:colcon.colcon_core.shell:Creating package descriptor '/home/jagdeesh/tracker/install/precision_land/share/precision_land/package.dsv'
[802.253s] INFO:colcon.colcon_core.shell:Creating package script '/home/jagdeesh/tracker/install/precision_land/share/precision_land/package.sh'
[802.254s] INFO:colcon.colcon_core.shell:Creating package script '/home/jagdeesh/tracker/install/precision_land/share/precision_land/package.bash'
[802.254s] INFO:colcon.colcon_core.shell:Creating package script '/home/jagdeesh/tracker/install/precision_land/share/precision_land/package.zsh'
[802.255s] Level 1:colcon.colcon_core.environment:create_file_with_runtime_dependencies(/home/jagdeesh/tracker/install/precision_land/share/colcon-core/packages/precision_land)
[802.256s] DEBUG:colcon.colcon_parallel_executor.executor.parallel:closing loop
[802.257s] DEBUG:colcon.colcon_parallel_executor.executor.parallel:loop closed
[802.258s] DEBUG:colcon.colcon_parallel_executor.executor.parallel:run_until_complete finished with '0'
[802.259s] DEBUG:colcon.colcon_core.event_reactor:joining thread
[802.291s] INFO:colcon.colcon_core.plugin_system:Skipping extension 'colcon_notification.desktop_notification.terminal_notifier': Not used on non-Darwin systems
[802.291s] INFO:colcon.colcon_core.plugin_system:Skipping extension 'colcon_notification.desktop_notification.win32': Not used on non-Windows systems
[802.291s] INFO:colcon.colcon_notification.desktop_notification:Sending desktop notification using 'notify2'
[802.354s] DEBUG:colcon.colcon_core.event_reactor:joined thread
[802.356s] INFO:colcon.colcon_core.shell:Creating prefix script '/home/jagdeesh/tracker/install/local_setup.ps1'
[802.358s] INFO:colcon.colcon_core.shell:Creating prefix util module '/home/jagdeesh/tracker/install/_local_setup_util_ps1.py'
[802.360s] INFO:colcon.colcon_core.shell:Creating prefix chain script '/home/jagdeesh/tracker/install/setup.ps1'
[802.363s] INFO:colcon.colcon_core.shell:Creating prefix script '/home/jagdeesh/tracker/install/local_setup.sh'
[802.364s] INFO:colcon.colcon_core.shell:Creating prefix util module '/home/jagdeesh/tracker/install/_local_setup_util_sh.py'
[802.365s] INFO:colcon.colcon_core.shell:Creating prefix chain script '/home/jagdeesh/tracker/install/setup.sh'
[802.368s] INFO:colcon.colcon_core.shell:Creating prefix script '/home/jagdeesh/tracker/install/local_setup.bash'
[802.369s] INFO:colcon.colcon_core.shell:Creating prefix chain script '/home/jagdeesh/tracker/install/setup.bash'
[802.372s] INFO:colcon.colcon_core.shell:Creating prefix script '/home/jagdeesh/tracker/install/local_setup.zsh'
[802.372s] INFO:colcon.colcon_core.shell:Creating prefix chain script '/home/jagdeesh/tracker/install/setup.zsh'
