[0.017s] Invoking command in '/home/jagdeesh/tracker/build/ros_ign_interfaces': AMENT_PREFIX_PATH=/home/jagdeesh/tracker/install/ros_gz_interfaces:${AMENT_PREFIX_PATH} CMAKE_PREFIX_PATH=/home/jagdeesh/tracker/install/ros_gz_interfaces:/opt/ros/humble LD_LIBRARY_PATH=/home/jagdeesh/tracker/install/ros_gz_interfaces/lib:${LD_LIBRARY_PATH} PYTHONPATH=/home/jagdeesh/tracker/install/ros_gz_interfaces/local/lib/python3.10/dist-packages:${PYTHONPATH} /usr/bin/cmake /home/jagdeesh/tracker/src/ros_gz/ros_ign_interfaces -DCMAKE_BUILD_TYPE=Release -DCMAKE_INSTALL_PREFIX=/home/jagdeesh/tracker/install/ros_ign_interfaces
[0.112s] -- The C compiler identification is GNU 11.4.0
[0.211s] -- The CXX compiler identification is GNU 11.4.0
[0.223s] -- Detecting C compiler ABI info
[0.327s] -- Detecting C compiler ABI info - done
[0.343s] -- Check for working C compiler: /usr/bin/cc - skipped
[0.343s] -- Detecting C compile features
[0.344s] -- Detecting C compile features - done
[0.350s] -- Detecting CXX compiler ABI info
[0.523s] -- Detecting CXX compiler ABI info - done
[0.541s] -- Check for working CXX compiler: /usr/bin/c++ - skipped
[0.542s] -- Detecting CXX compile features
[0.543s] -- Detecting CXX compile features - done
[0.547s] -- Found ament_cmake: 1.3.14 (/opt/ros/humble/share/ament_cmake/cmake)
[0.861s] -- Found Python3: /usr/bin/python3 (found version "3.10.12") found components: Interpreter 
[1.039s] -- Found builtin_interfaces: 1.2.2 (/opt/ros/humble/share/builtin_interfaces/cmake)
[1.103s] -- Found rosidl_generator_c: 3.1.8 (/opt/ros/humble/share/rosidl_generator_c/cmake)
[1.112s] -- Found rosidl_adapter: 3.1.8 (/opt/ros/humble/share/rosidl_adapter/cmake)
[1.127s] -- Found rosidl_generator_cpp: 3.1.8 (/opt/ros/humble/share/rosidl_generator_cpp/cmake)
[1.150s] -- Using all available rosidl_typesupport_c: rosidl_typesupport_fastrtps_c;rosidl_typesupport_introspection_c
[1.179s] -- Using all available rosidl_typesupport_cpp: rosidl_typesupport_fastrtps_cpp;rosidl_typesupport_introspection_cpp
[1.202s] -- Found std_msgs: 4.9.1 (/opt/ros/humble/share/std_msgs/cmake)
[1.221s] -- Found geometry_msgs: 4.9.1 (/opt/ros/humble/share/geometry_msgs/cmake)
[1.242s] -- Found ros_gz_interfaces: 0.244.20 (/home/jagdeesh/tracker/install/ros_gz_interfaces/share/ros_gz_interfaces/cmake)
[1.294s] -- Found rosidl_default_generators: 1.2.1 (/opt/ros/humble/share/rosidl_default_generators/cmake)
[2.292s] -- Found ament_cmake_cppcheck: 0.12.15 (/opt/ros/humble/share/ament_cmake_cppcheck/cmake)
[2.300s] -- Found ament_cmake_cpplint: 0.12.15 (/opt/ros/humble/share/ament_cmake_cpplint/cmake)
[2.308s] -- Found ament_cmake_uncrustify: 0.12.15 (/opt/ros/humble/share/ament_cmake_uncrustify/cmake)
[2.322s] -- Found ament_cmake_ros: 0.10.0 (/opt/ros/humble/share/ament_cmake_ros/cmake)
[3.666s] -- Using all available rosidl_typesupport_c: rosidl_typesupport_fastrtps_c;rosidl_typesupport_introspection_c
[4.237s] -- Using all available rosidl_typesupport_cpp: rosidl_typesupport_fastrtps_cpp;rosidl_typesupport_introspection_cpp
[4.335s] -- Found PythonInterp: /usr/bin/python3 (found suitable version "3.10.12", minimum required is "3.6") 
[4.355s] -- Found python_cmake_module: 0.10.0 (/opt/ros/humble/share/python_cmake_module/cmake)
[4.459s] -- Found PythonLibs: /usr/lib/x86_64-linux-gnu/libpython3.10.so (found suitable version "3.10.12", minimum required is "3.5") 
[4.459s] -- Using PYTHON_EXECUTABLE: /usr/bin/python3
[4.459s] -- Using PYTHON_INCLUDE_DIRS: /usr/include/python3.10
[4.460s] -- Using PYTHON_LIBRARIES: /usr/lib/x86_64-linux-gnu/libpython3.10.so
[4.525s] -- Found PythonExtra: .so  
[4.805s] -- Found ament_cmake_flake8: 0.12.15 (/opt/ros/humble/share/ament_cmake_flake8/cmake)
[4.810s] -- Found ament_cmake_pep257: 0.12.15 (/opt/ros/humble/share/ament_cmake_pep257/cmake)
[5.321s] -- Configuring done
[5.744s] -- Generating done
[5.847s] -- Build files have been written to: /home/jagdeesh/tracker/build/ros_ign_interfaces
[5.893s] Invoked command in '/home/jagdeesh/tracker/build/ros_ign_interfaces' returned '0': AMENT_PREFIX_PATH=/home/jagdeesh/tracker/install/ros_gz_interfaces:${AMENT_PREFIX_PATH} CMAKE_PREFIX_PATH=/home/jagdeesh/tracker/install/ros_gz_interfaces:/opt/ros/humble LD_LIBRARY_PATH=/home/jagdeesh/tracker/install/ros_gz_interfaces/lib:${LD_LIBRARY_PATH} PYTHONPATH=/home/jagdeesh/tracker/install/ros_gz_interfaces/local/lib/python3.10/dist-packages:${PYTHONPATH} /usr/bin/cmake /home/jagdeesh/tracker/src/ros_gz/ros_ign_interfaces -DCMAKE_BUILD_TYPE=Release -DCMAKE_INSTALL_PREFIX=/home/jagdeesh/tracker/install/ros_ign_interfaces
[5.900s] Invoking command in '/home/jagdeesh/tracker/build/ros_ign_interfaces': AMENT_PREFIX_PATH=/home/jagdeesh/tracker/install/ros_gz_interfaces:${AMENT_PREFIX_PATH} CMAKE_PREFIX_PATH=/home/jagdeesh/tracker/install/ros_gz_interfaces:/opt/ros/humble LD_LIBRARY_PATH=/home/jagdeesh/tracker/install/ros_gz_interfaces/lib:${LD_LIBRARY_PATH} PYTHONPATH=/home/jagdeesh/tracker/install/ros_gz_interfaces/local/lib/python3.10/dist-packages:${PYTHONPATH} /usr/bin/cmake --build /home/jagdeesh/tracker/build/ros_ign_interfaces -- -j12 -l12
[5.958s] gmake[1]: Entering directory '/home/jagdeesh/tracker/build/ros_ign_interfaces'
[6.014s] gmake[2]: Entering directory '/home/jagdeesh/tracker/build/ros_ign_interfaces'
[6.030s] gmake[3]: Entering directory '/home/jagdeesh/tracker/build/ros_ign_interfaces'
[6.030s] gmake[3]: Entering directory '/home/jagdeesh/tracker/build/ros_ign_interfaces'
[6.030s] gmake[3]: Entering directory '/home/jagdeesh/tracker/build/ros_ign_interfaces'
[6.071s] gmake[3]: Leaving directory '/home/jagdeesh/tracker/build/ros_ign_interfaces'
[6.076s] [  0%] [34m[1mGenerating C code for ROS interfaces[0m
[6.090s] gmake[3]: Leaving directory '/home/jagdeesh/tracker/build/ros_ign_interfaces'
[6.090s] gmake[3]: Entering directory '/home/jagdeesh/tracker/build/ros_ign_interfaces'
[6.097s] gmake[3]: Entering directory '/home/jagdeesh/tracker/build/ros_ign_interfaces'
[6.122s] [  1%] [34m[1mGenerating Rust code for ROS interfaces[0m
[6.135s] [  1%] [34m[1mGenerating C++ code for ROS interfaces[0m
[11.959s] gmake[3]: Leaving directory '/home/jagdeesh/tracker/build/ros_ign_interfaces'
[11.978s] [  1%] Built target ros_ign_interfaces__rs
[14.256s] gmake[3]: Leaving directory '/home/jagdeesh/tracker/build/ros_ign_interfaces'
[14.261s] gmake[3]: Entering directory '/home/jagdeesh/tracker/build/ros_ign_interfaces'
[14.280s] [  2%] [32mBuilding C object CMakeFiles/ros_ign_interfaces__rosidl_generator_c.dir/rosidl_generator_c/ros_ign_interfaces/msg/detail/contact__functions.c.o[0m
[14.553s] [  3%] [32mBuilding C object CMakeFiles/ros_ign_interfaces__rosidl_generator_c.dir/rosidl_generator_c/ros_ign_interfaces/msg/detail/video_record__functions.c.o[0m
[14.582s] gmake[3]: Leaving directory '/home/jagdeesh/tracker/build/ros_ign_interfaces'
[14.604s] [  3%] Built target ros_ign_interfaces__cpp
[14.812s] [  3%] [32mBuilding C object CMakeFiles/ros_ign_interfaces__rosidl_generator_c.dir/rosidl_generator_c/ros_ign_interfaces/msg/detail/world_reset__functions.c.o[0m
[15.029s] [  4%] [32mBuilding C object CMakeFiles/ros_ign_interfaces__rosidl_generator_c.dir/rosidl_generator_c/ros_ign_interfaces/msg/detail/world_control__functions.c.o[0m
[15.268s] [  4%] [32mBuilding C object CMakeFiles/ros_ign_interfaces__rosidl_generator_c.dir/rosidl_generator_c/ros_ign_interfaces/msg/detail/track_visual__functions.c.o[0m
[15.544s] [  5%] [32mBuilding C object CMakeFiles/ros_ign_interfaces__rosidl_generator_c.dir/rosidl_generator_c/ros_ign_interfaces/msg/detail/string_vec__functions.c.o[0m
[15.798s] [  6%] [32mBuilding C object CMakeFiles/ros_ign_interfaces__rosidl_generator_c.dir/rosidl_generator_c/ros_ign_interfaces/srv/detail/control_world__functions.c.o[0m
[16.175s] [  7%] [32mBuilding C object CMakeFiles/ros_ign_interfaces__rosidl_generator_c.dir/rosidl_generator_c/ros_ign_interfaces/srv/detail/delete_entity__functions.c.o[0m
[16.456s] [  7%] [32mBuilding C object CMakeFiles/ros_ign_interfaces__rosidl_generator_c.dir/rosidl_generator_c/ros_ign_interfaces/srv/detail/set_entity_pose__functions.c.o[0m
[16.829s] [  8%] [32mBuilding C object CMakeFiles/ros_ign_interfaces__rosidl_generator_c.dir/rosidl_generator_c/ros_ign_interfaces/srv/detail/spawn_entity__functions.c.o[0m
[17.094s] [  9%] [32mBuilding C object CMakeFiles/ros_ign_interfaces__rosidl_generator_c.dir/rosidl_generator_c/ros_ign_interfaces/msg/detail/light__functions.c.o[0m
[17.285s] [  9%] [32mBuilding C object CMakeFiles/ros_ign_interfaces__rosidl_generator_c.dir/rosidl_generator_c/ros_ign_interfaces/msg/detail/joint_wrench__functions.c.o[0m
[17.495s] [ 10%] [32mBuilding C object CMakeFiles/ros_ign_interfaces__rosidl_generator_c.dir/rosidl_generator_c/ros_ign_interfaces/msg/detail/gui_camera__functions.c.o[0m
[17.695s] [ 11%] [32mBuilding C object CMakeFiles/ros_ign_interfaces__rosidl_generator_c.dir/rosidl_generator_c/ros_ign_interfaces/msg/detail/entity_factory__functions.c.o[0m
[17.887s] [ 11%] [32mBuilding C object CMakeFiles/ros_ign_interfaces__rosidl_generator_c.dir/rosidl_generator_c/ros_ign_interfaces/msg/detail/entity__functions.c.o[0m
[18.080s] [ 12%] [32mBuilding C object CMakeFiles/ros_ign_interfaces__rosidl_generator_c.dir/rosidl_generator_c/ros_ign_interfaces/msg/detail/contacts__functions.c.o[0m
[18.253s] [ 13%] [32m[1mLinking C shared library libros_ign_interfaces__rosidl_generator_c.so[0m
[18.314s] gmake[3]: Leaving directory '/home/jagdeesh/tracker/build/ros_ign_interfaces'
[18.327s] [ 13%] Built target ros_ign_interfaces__rosidl_generator_c
[18.332s] gmake[3]: Entering directory '/home/jagdeesh/tracker/build/ros_ign_interfaces'
[18.343s] [ 14%] [34m[1mGenerating C++ type support dispatch for ROS interfaces[0m
[20.545s] gmake[3]: Leaving directory '/home/jagdeesh/tracker/build/ros_ign_interfaces'
[20.549s] gmake[3]: Entering directory '/home/jagdeesh/tracker/build/ros_ign_interfaces'
[20.559s] [ 14%] [32mBuilding CXX object CMakeFiles/ros_ign_interfaces__rosidl_typesupport_cpp.dir/rosidl_typesupport_cpp/ros_ign_interfaces/msg/contact__type_support.cpp.o[0m
[20.873s] [ 15%] [32mBuilding CXX object CMakeFiles/ros_ign_interfaces__rosidl_typesupport_cpp.dir/rosidl_typesupport_cpp/ros_ign_interfaces/msg/joint_wrench__type_support.cpp.o[0m
[21.164s] [ 15%] [32mBuilding CXX object CMakeFiles/ros_ign_interfaces__rosidl_typesupport_cpp.dir/rosidl_typesupport_cpp/ros_ign_interfaces/msg/light__type_support.cpp.o[0m
[21.430s] [ 16%] [32mBuilding CXX object CMakeFiles/ros_ign_interfaces__rosidl_typesupport_cpp.dir/rosidl_typesupport_cpp/ros_ign_interfaces/msg/string_vec__type_support.cpp.o[0m
[21.678s] [ 17%] [32mBuilding CXX object CMakeFiles/ros_ign_interfaces__rosidl_typesupport_cpp.dir/rosidl_typesupport_cpp/ros_ign_interfaces/msg/track_visual__type_support.cpp.o[0m
[21.923s] [ 17%] [32mBuilding CXX object CMakeFiles/ros_ign_interfaces__rosidl_typesupport_cpp.dir/rosidl_typesupport_cpp/ros_ign_interfaces/msg/video_record__type_support.cpp.o[0m
[22.216s] [ 18%] [32mBuilding CXX object CMakeFiles/ros_ign_interfaces__rosidl_typesupport_cpp.dir/rosidl_typesupport_cpp/ros_ign_interfaces/msg/world_control__type_support.cpp.o[0m
[22.466s] [ 19%] [32mBuilding CXX object CMakeFiles/ros_ign_interfaces__rosidl_typesupport_cpp.dir/rosidl_typesupport_cpp/ros_ign_interfaces/msg/world_reset__type_support.cpp.o[0m
[22.715s] [ 19%] [32mBuilding CXX object CMakeFiles/ros_ign_interfaces__rosidl_typesupport_cpp.dir/rosidl_typesupport_cpp/ros_ign_interfaces/srv/control_world__type_support.cpp.o[0m
[22.958s] [ 20%] [32mBuilding CXX object CMakeFiles/ros_ign_interfaces__rosidl_typesupport_cpp.dir/rosidl_typesupport_cpp/ros_ign_interfaces/srv/delete_entity__type_support.cpp.o[0m
[23.202s] [ 21%] [32mBuilding CXX object CMakeFiles/ros_ign_interfaces__rosidl_typesupport_cpp.dir/rosidl_typesupport_cpp/ros_ign_interfaces/srv/set_entity_pose__type_support.cpp.o[0m
[23.450s] [ 21%] [32mBuilding CXX object CMakeFiles/ros_ign_interfaces__rosidl_typesupport_cpp.dir/rosidl_typesupport_cpp/ros_ign_interfaces/srv/spawn_entity__type_support.cpp.o[0m
[23.703s] [ 22%] [32mBuilding CXX object CMakeFiles/ros_ign_interfaces__rosidl_typesupport_cpp.dir/rosidl_typesupport_cpp/ros_ign_interfaces/msg/gui_camera__type_support.cpp.o[0m
[23.988s] [ 22%] [32mBuilding CXX object CMakeFiles/ros_ign_interfaces__rosidl_typesupport_cpp.dir/rosidl_typesupport_cpp/ros_ign_interfaces/msg/entity_factory__type_support.cpp.o[0m
[24.260s] [ 23%] [32mBuilding CXX object CMakeFiles/ros_ign_interfaces__rosidl_typesupport_cpp.dir/rosidl_typesupport_cpp/ros_ign_interfaces/msg/entity__type_support.cpp.o[0m
[24.561s] [ 24%] [32mBuilding CXX object CMakeFiles/ros_ign_interfaces__rosidl_typesupport_cpp.dir/rosidl_typesupport_cpp/ros_ign_interfaces/msg/contacts__type_support.cpp.o[0m
[24.817s] [ 25%] [32m[1mLinking CXX shared library libros_ign_interfaces__rosidl_typesupport_cpp.so[0m
[24.854s] gmake[3]: Leaving directory '/home/jagdeesh/tracker/build/ros_ign_interfaces'
[24.864s] [ 25%] Built target ros_ign_interfaces__rosidl_typesupport_cpp
[24.868s] gmake[3]: Entering directory '/home/jagdeesh/tracker/build/ros_ign_interfaces'
[24.877s] [ 26%] [34m[1mGenerating C type support dispatch for ROS interfaces[0m
[26.323s] gmake[3]: Leaving directory '/home/jagdeesh/tracker/build/ros_ign_interfaces'
[26.326s] gmake[3]: Entering directory '/home/jagdeesh/tracker/build/ros_ign_interfaces'
[26.334s] [ 26%] [32mBuilding CXX object CMakeFiles/ros_ign_interfaces__rosidl_typesupport_c.dir/rosidl_typesupport_c/ros_ign_interfaces/msg/contact__type_support.cpp.o[0m
[26.367s] [ 27%] [32mBuilding CXX object CMakeFiles/ros_ign_interfaces__rosidl_typesupport_c.dir/rosidl_typesupport_c/ros_ign_interfaces/msg/light__type_support.cpp.o[0m
[26.403s] [ 28%] [32mBuilding CXX object CMakeFiles/ros_ign_interfaces__rosidl_typesupport_c.dir/rosidl_typesupport_c/ros_ign_interfaces/msg/string_vec__type_support.cpp.o[0m
[26.439s] [ 28%] [32mBuilding CXX object CMakeFiles/ros_ign_interfaces__rosidl_typesupport_c.dir/rosidl_typesupport_c/ros_ign_interfaces/msg/track_visual__type_support.cpp.o[0m
[26.473s] [ 29%] [32mBuilding CXX object CMakeFiles/ros_ign_interfaces__rosidl_typesupport_c.dir/rosidl_typesupport_c/ros_ign_interfaces/msg/video_record__type_support.cpp.o[0m
[26.511s] [ 30%] [32mBuilding CXX object CMakeFiles/ros_ign_interfaces__rosidl_typesupport_c.dir/rosidl_typesupport_c/ros_ign_interfaces/msg/world_control__type_support.cpp.o[0m
[26.546s] [ 30%] [32mBuilding CXX object CMakeFiles/ros_ign_interfaces__rosidl_typesupport_c.dir/rosidl_typesupport_c/ros_ign_interfaces/msg/world_reset__type_support.cpp.o[0m
[26.580s] [ 31%] [32mBuilding CXX object CMakeFiles/ros_ign_interfaces__rosidl_typesupport_c.dir/rosidl_typesupport_c/ros_ign_interfaces/srv/control_world__type_support.cpp.o[0m
[26.618s] [ 32%] [32mBuilding CXX object CMakeFiles/ros_ign_interfaces__rosidl_typesupport_c.dir/rosidl_typesupport_c/ros_ign_interfaces/srv/delete_entity__type_support.cpp.o[0m
[26.655s] [ 32%] [32mBuilding CXX object CMakeFiles/ros_ign_interfaces__rosidl_typesupport_c.dir/rosidl_typesupport_c/ros_ign_interfaces/srv/set_entity_pose__type_support.cpp.o[0m
[26.693s] [ 33%] [32mBuilding CXX object CMakeFiles/ros_ign_interfaces__rosidl_typesupport_c.dir/rosidl_typesupport_c/ros_ign_interfaces/srv/spawn_entity__type_support.cpp.o[0m
[26.733s] [ 33%] [32mBuilding CXX object CMakeFiles/ros_ign_interfaces__rosidl_typesupport_c.dir/rosidl_typesupport_c/ros_ign_interfaces/msg/joint_wrench__type_support.cpp.o[0m
[26.767s] [ 34%] [32mBuilding CXX object CMakeFiles/ros_ign_interfaces__rosidl_typesupport_c.dir/rosidl_typesupport_c/ros_ign_interfaces/msg/gui_camera__type_support.cpp.o[0m
[26.803s] [ 35%] [32mBuilding CXX object CMakeFiles/ros_ign_interfaces__rosidl_typesupport_c.dir/rosidl_typesupport_c/ros_ign_interfaces/msg/entity_factory__type_support.cpp.o[0m
[26.838s] [ 35%] [32mBuilding CXX object CMakeFiles/ros_ign_interfaces__rosidl_typesupport_c.dir/rosidl_typesupport_c/ros_ign_interfaces/msg/entity__type_support.cpp.o[0m
[26.876s] [ 36%] [32mBuilding CXX object CMakeFiles/ros_ign_interfaces__rosidl_typesupport_c.dir/rosidl_typesupport_c/ros_ign_interfaces/msg/contacts__type_support.cpp.o[0m
[26.911s] [ 37%] [32m[1mLinking CXX shared library libros_ign_interfaces__rosidl_typesupport_c.so[0m
[26.957s] gmake[3]: Leaving directory '/home/jagdeesh/tracker/build/ros_ign_interfaces'
[26.964s] [ 37%] Built target ros_ign_interfaces__rosidl_typesupport_c
[26.969s] gmake[3]: Entering directory '/home/jagdeesh/tracker/build/ros_ign_interfaces'
[26.976s] [ 38%] [34m[1mGenerating C introspection for ROS interfaces[0m
[28.755s] gmake[3]: Leaving directory '/home/jagdeesh/tracker/build/ros_ign_interfaces'
[28.758s] gmake[3]: Entering directory '/home/jagdeesh/tracker/build/ros_ign_interfaces'
[28.767s] [ 38%] [32mBuilding C object CMakeFiles/ros_ign_interfaces__rosidl_typesupport_introspection_c.dir/rosidl_typesupport_introspection_c/ros_ign_interfaces/msg/detail/contact__type_support.c.o[0m
[28.838s] [ 39%] [32mBuilding C object CMakeFiles/ros_ign_interfaces__rosidl_typesupport_introspection_c.dir/rosidl_typesupport_introspection_c/ros_ign_interfaces/msg/detail/string_vec__type_support.c.o[0m
[28.884s] [ 39%] [32mBuilding C object CMakeFiles/ros_ign_interfaces__rosidl_typesupport_introspection_c.dir/rosidl_typesupport_introspection_c/ros_ign_interfaces/msg/detail/track_visual__type_support.c.o[0m
[28.925s] [ 40%] [32mBuilding C object CMakeFiles/ros_ign_interfaces__rosidl_typesupport_introspection_c.dir/rosidl_typesupport_introspection_c/ros_ign_interfaces/msg/detail/video_record__type_support.c.o[0m
[28.965s] [ 41%] [32mBuilding C object CMakeFiles/ros_ign_interfaces__rosidl_typesupport_introspection_c.dir/rosidl_typesupport_introspection_c/ros_ign_interfaces/msg/detail/world_control__type_support.c.o[0m
[29.010s] [ 41%] [32mBuilding C object CMakeFiles/ros_ign_interfaces__rosidl_typesupport_introspection_c.dir/rosidl_typesupport_introspection_c/ros_ign_interfaces/msg/detail/world_reset__type_support.c.o[0m
[29.047s] [ 42%] [32mBuilding C object CMakeFiles/ros_ign_interfaces__rosidl_typesupport_introspection_c.dir/rosidl_typesupport_introspection_c/ros_ign_interfaces/srv/detail/control_world__type_support.c.o[0m
[29.093s] [ 43%] [32mBuilding C object CMakeFiles/ros_ign_interfaces__rosidl_typesupport_introspection_c.dir/rosidl_typesupport_introspection_c/ros_ign_interfaces/srv/detail/delete_entity__type_support.c.o[0m
[29.138s] [ 43%] [32mBuilding C object CMakeFiles/ros_ign_interfaces__rosidl_typesupport_introspection_c.dir/rosidl_typesupport_introspection_c/ros_ign_interfaces/srv/detail/set_entity_pose__type_support.c.o[0m
[29.189s] [ 44%] [32mBuilding C object CMakeFiles/ros_ign_interfaces__rosidl_typesupport_introspection_c.dir/rosidl_typesupport_introspection_c/ros_ign_interfaces/srv/detail/spawn_entity__type_support.c.o[0m
[29.241s] [ 45%] [32mBuilding C object CMakeFiles/ros_ign_interfaces__rosidl_typesupport_introspection_c.dir/rosidl_typesupport_introspection_c/ros_ign_interfaces/msg/detail/light__type_support.c.o[0m
[29.283s] [ 45%] [32mBuilding C object CMakeFiles/ros_ign_interfaces__rosidl_typesupport_introspection_c.dir/rosidl_typesupport_introspection_c/ros_ign_interfaces/msg/detail/joint_wrench__type_support.c.o[0m
[29.328s] [ 46%] [32mBuilding C object CMakeFiles/ros_ign_interfaces__rosidl_typesupport_introspection_c.dir/rosidl_typesupport_introspection_c/ros_ign_interfaces/msg/detail/gui_camera__type_support.c.o[0m
[29.371s] [ 47%] [32mBuilding C object CMakeFiles/ros_ign_interfaces__rosidl_typesupport_introspection_c.dir/rosidl_typesupport_introspection_c/ros_ign_interfaces/msg/detail/entity_factory__type_support.c.o[0m
[29.411s] [ 47%] [32mBuilding C object CMakeFiles/ros_ign_interfaces__rosidl_typesupport_introspection_c.dir/rosidl_typesupport_introspection_c/ros_ign_interfaces/msg/detail/entity__type_support.c.o[0m
[29.456s] [ 48%] [32mBuilding C object CMakeFiles/ros_ign_interfaces__rosidl_typesupport_introspection_c.dir/rosidl_typesupport_introspection_c/ros_ign_interfaces/msg/detail/contacts__type_support.c.o[0m
[29.509s] [ 49%] [32m[1mLinking C shared library libros_ign_interfaces__rosidl_typesupport_introspection_c.so[0m
[29.545s] gmake[3]: Leaving directory '/home/jagdeesh/tracker/build/ros_ign_interfaces'
[29.556s] [ 49%] Built target ros_ign_interfaces__rosidl_typesupport_introspection_c
[29.560s] gmake[3]: Entering directory '/home/jagdeesh/tracker/build/ros_ign_interfaces'
[29.569s] [ 50%] [34m[1mGenerating C type support for eProsima Fast-RTPS[0m
[31.467s] gmake[3]: Leaving directory '/home/jagdeesh/tracker/build/ros_ign_interfaces'
[31.470s] gmake[3]: Entering directory '/home/jagdeesh/tracker/build/ros_ign_interfaces'
[31.479s] [ 51%] [32mBuilding CXX object CMakeFiles/ros_ign_interfaces__rosidl_typesupport_fastrtps_c.dir/rosidl_typesupport_fastrtps_c/ros_ign_interfaces/msg/detail/contact__type_support_c.cpp.o[0m
[31.479s] [ 51%] [32mBuilding CXX object CMakeFiles/ros_ign_interfaces__rosidl_typesupport_fastrtps_c.dir/rosidl_typesupport_fastrtps_c/ros_ign_interfaces/msg/detail/entity__type_support_c.cpp.o[0m
[31.479s] [ 51%] [32mBuilding CXX object CMakeFiles/ros_ign_interfaces__rosidl_typesupport_fastrtps_c.dir/rosidl_typesupport_fastrtps_c/ros_ign_interfaces/msg/detail/contacts__type_support_c.cpp.o[0m
[31.956s] [ 51%] [32mBuilding CXX object CMakeFiles/ros_ign_interfaces__rosidl_typesupport_fastrtps_c.dir/rosidl_typesupport_fastrtps_c/ros_ign_interfaces/msg/detail/track_visual__type_support_c.cpp.o[0m
[32.015s] [ 52%] [32mBuilding CXX object CMakeFiles/ros_ign_interfaces__rosidl_typesupport_fastrtps_c.dir/rosidl_typesupport_fastrtps_c/ros_ign_interfaces/msg/detail/video_record__type_support_c.cpp.o[0m
[32.036s] [ 53%] [32mBuilding CXX object CMakeFiles/ros_ign_interfaces__rosidl_typesupport_fastrtps_c.dir/rosidl_typesupport_fastrtps_c/ros_ign_interfaces/msg/detail/world_control__type_support_c.cpp.o[0m
[32.567s] [ 54%] [32mBuilding CXX object CMakeFiles/ros_ign_interfaces__rosidl_typesupport_fastrtps_c.dir/rosidl_typesupport_fastrtps_c/ros_ign_interfaces/msg/detail/string_vec__type_support_c.cpp.o[0m
[32.569s] [ 54%] [32mBuilding CXX object CMakeFiles/ros_ign_interfaces__rosidl_typesupport_fastrtps_c.dir/rosidl_typesupport_fastrtps_c/ros_ign_interfaces/msg/detail/world_reset__type_support_c.cpp.o[0m
[32.714s] [ 55%] [32mBuilding CXX object CMakeFiles/ros_ign_interfaces__rosidl_typesupport_fastrtps_c.dir/rosidl_typesupport_fastrtps_c/ros_ign_interfaces/srv/detail/control_world__type_support_c.cpp.o[0m
[32.723s] [ 56%] [32mBuilding CXX object CMakeFiles/ros_ign_interfaces__rosidl_typesupport_fastrtps_c.dir/rosidl_typesupport_fastrtps_c/ros_ign_interfaces/srv/detail/delete_entity__type_support_c.cpp.o[0m
[33.264s] [ 56%] [32mBuilding CXX object CMakeFiles/ros_ign_interfaces__rosidl_typesupport_fastrtps_c.dir/rosidl_typesupport_fastrtps_c/ros_ign_interfaces/srv/detail/set_entity_pose__type_support_c.cpp.o[0m
[33.264s] [ 57%] [32mBuilding CXX object CMakeFiles/ros_ign_interfaces__rosidl_typesupport_fastrtps_c.dir/rosidl_typesupport_fastrtps_c/ros_ign_interfaces/msg/detail/light__type_support_c.cpp.o[0m
[33.371s] [ 58%] [32mBuilding CXX object CMakeFiles/ros_ign_interfaces__rosidl_typesupport_fastrtps_c.dir/rosidl_typesupport_fastrtps_c/ros_ign_interfaces/srv/detail/spawn_entity__type_support_c.cpp.o[0m
[33.525s] [ 58%] [32mBuilding CXX object CMakeFiles/ros_ign_interfaces__rosidl_typesupport_fastrtps_c.dir/rosidl_typesupport_fastrtps_c/ros_ign_interfaces/msg/detail/joint_wrench__type_support_c.cpp.o[0m
[33.531s] [ 59%] [32mBuilding CXX object CMakeFiles/ros_ign_interfaces__rosidl_typesupport_fastrtps_c.dir/rosidl_typesupport_fastrtps_c/ros_ign_interfaces/msg/detail/gui_camera__type_support_c.cpp.o[0m
[34.179s] [ 60%] [32mBuilding CXX object CMakeFiles/ros_ign_interfaces__rosidl_typesupport_fastrtps_c.dir/rosidl_typesupport_fastrtps_c/ros_ign_interfaces/msg/detail/entity_factory__type_support_c.cpp.o[0m
[35.153s] [ 61%] [32m[1mLinking CXX shared library libros_ign_interfaces__rosidl_typesupport_fastrtps_c.so[0m
[35.334s] gmake[3]: Leaving directory '/home/jagdeesh/tracker/build/ros_ign_interfaces'
[35.355s] [ 61%] Built target ros_ign_interfaces__rosidl_typesupport_fastrtps_c
[35.366s] gmake[3]: Entering directory '/home/jagdeesh/tracker/build/ros_ign_interfaces'
[35.367s] gmake[3]: Entering directory '/home/jagdeesh/tracker/build/ros_ign_interfaces'
[35.375s] gmake[3]: Entering directory '/home/jagdeesh/tracker/build/ros_ign_interfaces'
[35.384s] [ 62%] [34m[1mGenerating C++ introspection for ROS interfaces[0m
[35.393s] gmake[3]: Leaving directory '/home/jagdeesh/tracker/build/ros_ign_interfaces'
[35.399s] gmake[3]: Entering directory '/home/jagdeesh/tracker/build/ros_ign_interfaces'
[35.412s] [ 63%] [34m[1mGenerating C++ type support for eProsima Fast-RTPS[0m
[35.426s] gmake[3]: Leaving directory '/home/jagdeesh/tracker/build/ros_ign_interfaces'
[35.446s] [ 63%] Built target ament_cmake_python_copy_ros_ign_interfaces
[35.453s] gmake[3]: Entering directory '/home/jagdeesh/tracker/build/ros_ign_interfaces'
[35.496s] gmake[3]: Leaving directory '/home/jagdeesh/tracker/build/ros_ign_interfaces'
[35.499s] gmake[3]: Entering directory '/home/jagdeesh/tracker/build/ros_ign_interfaces'
[36.810s] running egg_info
[36.811s] creating ros_ign_interfaces.egg-info
[36.812s] writing ros_ign_interfaces.egg-info/PKG-INFO
[36.814s] writing dependency_links to ros_ign_interfaces.egg-info/dependency_links.txt
[36.818s] writing top-level names to ros_ign_interfaces.egg-info/top_level.txt
[36.818s] writing manifest file 'ros_ign_interfaces.egg-info/SOURCES.txt'
[36.826s] reading manifest file 'ros_ign_interfaces.egg-info/SOURCES.txt'
[36.830s] writing manifest file 'ros_ign_interfaces.egg-info/SOURCES.txt'
[36.922s] gmake[3]: Leaving directory '/home/jagdeesh/tracker/build/ros_ign_interfaces'
[36.967s] [ 63%] Built target ament_cmake_python_build_ros_ign_interfaces_egg
[40.886s] gmake[3]: Leaving directory '/home/jagdeesh/tracker/build/ros_ign_interfaces'
[40.902s] gmake[3]: Entering directory '/home/jagdeesh/tracker/build/ros_ign_interfaces'
[40.945s] [ 63%] [32mBuilding CXX object CMakeFiles/ros_ign_interfaces__rosidl_typesupport_introspection_cpp.dir/rosidl_typesupport_introspection_cpp/ros_ign_interfaces/msg/detail/contact__type_support.cpp.o[0m
[40.952s] [ 64%] [32mBuilding CXX object CMakeFiles/ros_ign_interfaces__rosidl_typesupport_introspection_cpp.dir/rosidl_typesupport_introspection_cpp/ros_ign_interfaces/msg/detail/entity__type_support.cpp.o[0m
[40.963s] [ 65%] [32mBuilding CXX object CMakeFiles/ros_ign_interfaces__rosidl_typesupport_introspection_cpp.dir/rosidl_typesupport_introspection_cpp/ros_ign_interfaces/msg/detail/contacts__type_support.cpp.o[0m
[43.863s] [ 65%] [32mBuilding CXX object CMakeFiles/ros_ign_interfaces__rosidl_typesupport_introspection_cpp.dir/rosidl_typesupport_introspection_cpp/ros_ign_interfaces/srv/detail/control_world__type_support.cpp.o[0m
[43.898s] gmake[3]: Leaving directory '/home/jagdeesh/tracker/build/ros_ign_interfaces'
[43.912s] gmake[3]: Entering directory '/home/jagdeesh/tracker/build/ros_ign_interfaces'
[43.948s] [ 65%] [32mBuilding CXX object CMakeFiles/ros_ign_interfaces__rosidl_typesupport_fastrtps_cpp.dir/rosidl_typesupport_fastrtps_cpp/ros_ign_interfaces/msg/detail/dds_fastrtps/contact__type_support.cpp.o[0m
[45.171s] [ 66%] [32mBuilding CXX object CMakeFiles/ros_ign_interfaces__rosidl_typesupport_introspection_cpp.dir/rosidl_typesupport_introspection_cpp/ros_ign_interfaces/srv/detail/delete_entity__type_support.cpp.o[0m
[46.526s] [ 67%] [32mBuilding CXX object CMakeFiles/ros_ign_interfaces__rosidl_typesupport_introspection_cpp.dir/rosidl_typesupport_introspection_cpp/ros_ign_interfaces/msg/detail/world_reset__type_support.cpp.o[0m
[46.806s] [ 68%] [32mBuilding CXX object CMakeFiles/ros_ign_interfaces__rosidl_typesupport_fastrtps_cpp.dir/rosidl_typesupport_fastrtps_cpp/ros_ign_interfaces/msg/detail/dds_fastrtps/entity__type_support.cpp.o[0m
[47.862s] [ 69%] [32mBuilding CXX object CMakeFiles/ros_ign_interfaces__rosidl_typesupport_introspection_cpp.dir/rosidl_typesupport_introspection_cpp/ros_ign_interfaces/srv/detail/set_entity_pose__type_support.cpp.o[0m
[48.038s] [ 69%] [32mBuilding CXX object CMakeFiles/ros_ign_interfaces__rosidl_typesupport_fastrtps_cpp.dir/rosidl_typesupport_fastrtps_cpp/ros_ign_interfaces/msg/detail/dds_fastrtps/entity_factory__type_support.cpp.o[0m
[49.480s] [ 70%] [32mBuilding CXX object CMakeFiles/ros_ign_interfaces__rosidl_typesupport_fastrtps_cpp.dir/rosidl_typesupport_fastrtps_cpp/ros_ign_interfaces/msg/detail/dds_fastrtps/contacts__type_support.cpp.o[0m
[49.770s] [ 70%] [32mBuilding CXX object CMakeFiles/ros_ign_interfaces__rosidl_typesupport_introspection_cpp.dir/rosidl_typesupport_introspection_cpp/ros_ign_interfaces/srv/detail/spawn_entity__type_support.cpp.o[0m
[51.023s] [ 71%] [32mBuilding CXX object CMakeFiles/ros_ign_interfaces__rosidl_typesupport_fastrtps_cpp.dir/rosidl_typesupport_fastrtps_cpp/ros_ign_interfaces/msg/detail/dds_fastrtps/joint_wrench__type_support.cpp.o[0m
[51.621s] [ 72%] [32mBuilding CXX object CMakeFiles/ros_ign_interfaces__rosidl_typesupport_introspection_cpp.dir/rosidl_typesupport_introspection_cpp/ros_ign_interfaces/msg/detail/world_control__type_support.cpp.o[0m
[52.528s] [ 73%] [32mBuilding CXX object CMakeFiles/ros_ign_interfaces__rosidl_typesupport_fastrtps_cpp.dir/rosidl_typesupport_fastrtps_cpp/ros_ign_interfaces/msg/detail/dds_fastrtps/string_vec__type_support.cpp.o[0m
[52.992s] [ 73%] [32mBuilding CXX object CMakeFiles/ros_ign_interfaces__rosidl_typesupport_introspection_cpp.dir/rosidl_typesupport_introspection_cpp/ros_ign_interfaces/msg/detail/video_record__type_support.cpp.o[0m
[54.599s] [ 74%] [32mBuilding CXX object CMakeFiles/ros_ign_interfaces__rosidl_typesupport_introspection_cpp.dir/rosidl_typesupport_introspection_cpp/ros_ign_interfaces/msg/detail/track_visual__type_support.cpp.o[0m
[54.847s] [ 75%] [32mBuilding CXX object CMakeFiles/ros_ign_interfaces__rosidl_typesupport_fastrtps_cpp.dir/rosidl_typesupport_fastrtps_cpp/ros_ign_interfaces/msg/detail/dds_fastrtps/world_control__type_support.cpp.o[0m
[55.847s] [ 76%] [32mBuilding CXX object CMakeFiles/ros_ign_interfaces__rosidl_typesupport_introspection_cpp.dir/rosidl_typesupport_introspection_cpp/ros_ign_interfaces/msg/detail/string_vec__type_support.cpp.o[0m
[56.250s] [ 76%] [32mBuilding CXX object CMakeFiles/ros_ign_interfaces__rosidl_typesupport_fastrtps_cpp.dir/rosidl_typesupport_fastrtps_cpp/ros_ign_interfaces/srv/detail/dds_fastrtps/control_world__type_support.cpp.o[0m
[57.368s] [ 76%] [32mBuilding CXX object CMakeFiles/ros_ign_interfaces__rosidl_typesupport_introspection_cpp.dir/rosidl_typesupport_introspection_cpp/ros_ign_interfaces/msg/detail/light__type_support.cpp.o[0m
[57.592s] [ 77%] [32mBuilding CXX object CMakeFiles/ros_ign_interfaces__rosidl_typesupport_fastrtps_cpp.dir/rosidl_typesupport_fastrtps_cpp/ros_ign_interfaces/srv/detail/dds_fastrtps/set_entity_pose__type_support.cpp.o[0m
[58.438s] [ 78%] [32mBuilding CXX object CMakeFiles/ros_ign_interfaces__rosidl_typesupport_introspection_cpp.dir/rosidl_typesupport_introspection_cpp/ros_ign_interfaces/msg/detail/joint_wrench__type_support.cpp.o[0m
[58.438s] [ 78%] [32mBuilding CXX object CMakeFiles/ros_ign_interfaces__rosidl_typesupport_fastrtps_cpp.dir/rosidl_typesupport_fastrtps_cpp/ros_ign_interfaces/srv/detail/dds_fastrtps/spawn_entity__type_support.cpp.o[0m
[59.421s] [ 79%] [32mBuilding CXX object CMakeFiles/ros_ign_interfaces__rosidl_typesupport_fastrtps_cpp.dir/rosidl_typesupport_fastrtps_cpp/ros_ign_interfaces/srv/detail/dds_fastrtps/delete_entity__type_support.cpp.o[0m
[59.482s] [ 80%] [32mBuilding CXX object CMakeFiles/ros_ign_interfaces__rosidl_typesupport_introspection_cpp.dir/rosidl_typesupport_introspection_cpp/ros_ign_interfaces/msg/detail/gui_camera__type_support.cpp.o[0m
[60.536s] [ 81%] [32mBuilding CXX object CMakeFiles/ros_ign_interfaces__rosidl_typesupport_fastrtps_cpp.dir/rosidl_typesupport_fastrtps_cpp/ros_ign_interfaces/msg/detail/dds_fastrtps/world_reset__type_support.cpp.o[0m
[60.562s] [ 81%] [32mBuilding CXX object CMakeFiles/ros_ign_interfaces__rosidl_typesupport_introspection_cpp.dir/rosidl_typesupport_introspection_cpp/ros_ign_interfaces/msg/detail/entity_factory__type_support.cpp.o[0m
[61.394s] [ 82%] [32m[1mLinking CXX shared library libros_ign_interfaces__rosidl_typesupport_introspection_cpp.so[0m
[61.533s] gmake[3]: Leaving directory '/home/jagdeesh/tracker/build/ros_ign_interfaces'
[61.550s] [ 82%] Built target ros_ign_interfaces__rosidl_typesupport_introspection_cpp
[61.559s] [ 82%] [32mBuilding CXX object CMakeFiles/ros_ign_interfaces__rosidl_typesupport_fastrtps_cpp.dir/rosidl_typesupport_fastrtps_cpp/ros_ign_interfaces/msg/detail/dds_fastrtps/video_record__type_support.cpp.o[0m
[62.541s] [ 83%] [32mBuilding CXX object CMakeFiles/ros_ign_interfaces__rosidl_typesupport_fastrtps_cpp.dir/rosidl_typesupport_fastrtps_cpp/ros_ign_interfaces/msg/detail/dds_fastrtps/track_visual__type_support.cpp.o[0m
[63.268s] [ 83%] [32mBuilding CXX object CMakeFiles/ros_ign_interfaces__rosidl_typesupport_fastrtps_cpp.dir/rosidl_typesupport_fastrtps_cpp/ros_ign_interfaces/msg/detail/dds_fastrtps/light__type_support.cpp.o[0m
[64.247s] [ 84%] [32mBuilding CXX object CMakeFiles/ros_ign_interfaces__rosidl_typesupport_fastrtps_cpp.dir/rosidl_typesupport_fastrtps_cpp/ros_ign_interfaces/msg/detail/dds_fastrtps/gui_camera__type_support.cpp.o[0m
[64.991s] [ 85%] [32m[1mLinking CXX shared library libros_ign_interfaces__rosidl_typesupport_fastrtps_cpp.so[0m
[65.098s] gmake[3]: Leaving directory '/home/jagdeesh/tracker/build/ros_ign_interfaces'
[65.110s] [ 85%] Built target ros_ign_interfaces__rosidl_typesupport_fastrtps_cpp
[65.113s] gmake[3]: Entering directory '/home/jagdeesh/tracker/build/ros_ign_interfaces'
[65.125s] gmake[3]: Leaving directory '/home/jagdeesh/tracker/build/ros_ign_interfaces'
[65.139s] [ 85%] Built target ros_ign_interfaces
[65.143s] gmake[3]: Entering directory '/home/jagdeesh/tracker/build/ros_ign_interfaces'
[65.156s] gmake[3]: Leaving directory '/home/jagdeesh/tracker/build/ros_ign_interfaces'
[65.159s] gmake[3]: Entering directory '/home/jagdeesh/tracker/build/ros_ign_interfaces'
[65.170s] [ 86%] [34m[1mGenerating Python code for ROS interfaces[0m
[68.923s] gmake[3]: Leaving directory '/home/jagdeesh/tracker/build/ros_ign_interfaces'
[68.931s] [ 86%] Built target ros_ign_interfaces__py
[68.934s] gmake[3]: Entering directory '/home/jagdeesh/tracker/build/ros_ign_interfaces'
[68.951s] gmake[3]: Leaving directory '/home/jagdeesh/tracker/build/ros_ign_interfaces'
[68.951s] gmake[3]: Entering directory '/home/jagdeesh/tracker/build/ros_ign_interfaces'
[68.958s] [ 86%] [32mBuilding C object CMakeFiles/ros_ign_interfaces__rosidl_generator_py.dir/rosidl_generator_py/ros_ign_interfaces/msg/_contact_s.c.o[0m
[69.198s] [ 87%] [32mBuilding C object CMakeFiles/ros_ign_interfaces__rosidl_generator_py.dir/rosidl_generator_py/ros_ign_interfaces/msg/_world_reset_s.c.o[0m
[69.331s] [ 87%] [32mBuilding C object CMakeFiles/ros_ign_interfaces__rosidl_generator_py.dir/rosidl_generator_py/ros_ign_interfaces/srv/_control_world_s.c.o[0m
[69.490s] [ 88%] [32mBuilding C object CMakeFiles/ros_ign_interfaces__rosidl_generator_py.dir/rosidl_generator_py/ros_ign_interfaces/srv/_delete_entity_s.c.o[0m
[69.632s] [ 89%] [32mBuilding C object CMakeFiles/ros_ign_interfaces__rosidl_generator_py.dir/rosidl_generator_py/ros_ign_interfaces/srv/_set_entity_pose_s.c.o[0m
[69.787s] [ 89%] [32mBuilding C object CMakeFiles/ros_ign_interfaces__rosidl_generator_py.dir/rosidl_generator_py/ros_ign_interfaces/srv/_spawn_entity_s.c.o[0m
[69.923s] [ 90%] [32mBuilding C object CMakeFiles/ros_ign_interfaces__rosidl_generator_py.dir/rosidl_generator_py/ros_ign_interfaces/msg/_world_control_s.c.o[0m
[70.067s] [ 90%] [32mBuilding C object CMakeFiles/ros_ign_interfaces__rosidl_generator_py.dir/rosidl_generator_py/ros_ign_interfaces/msg/_video_record_s.c.o[0m
[70.204s] [ 91%] [32mBuilding C object CMakeFiles/ros_ign_interfaces__rosidl_generator_py.dir/rosidl_generator_py/ros_ign_interfaces/msg/_track_visual_s.c.o[0m
[70.352s] [ 92%] [32mBuilding C object CMakeFiles/ros_ign_interfaces__rosidl_generator_py.dir/rosidl_generator_py/ros_ign_interfaces/msg/_string_vec_s.c.o[0m
[70.500s] [ 92%] [32mBuilding C object CMakeFiles/ros_ign_interfaces__rosidl_generator_py.dir/rosidl_generator_py/ros_ign_interfaces/msg/_light_s.c.o[0m
[70.691s] [ 93%] [32mBuilding C object CMakeFiles/ros_ign_interfaces__rosidl_generator_py.dir/rosidl_generator_py/ros_ign_interfaces/msg/_joint_wrench_s.c.o[0m
[70.839s] [ 94%] [32mBuilding C object CMakeFiles/ros_ign_interfaces__rosidl_generator_py.dir/rosidl_generator_py/ros_ign_interfaces/msg/_gui_camera_s.c.o[0m
[70.982s] [ 94%] [32mBuilding C object CMakeFiles/ros_ign_interfaces__rosidl_generator_py.dir/rosidl_generator_py/ros_ign_interfaces/msg/_entity_factory_s.c.o[0m
[71.127s] [ 95%] [32mBuilding C object CMakeFiles/ros_ign_interfaces__rosidl_generator_py.dir/rosidl_generator_py/ros_ign_interfaces/msg/_entity_s.c.o[0m
[71.265s] [ 96%] [32mBuilding C object CMakeFiles/ros_ign_interfaces__rosidl_generator_py.dir/rosidl_generator_py/ros_ign_interfaces/msg/_contacts_s.c.o[0m
[71.409s] [ 97%] [32m[1mLinking C shared library rosidl_generator_py/ros_ign_interfaces/libros_ign_interfaces__rosidl_generator_py.so[0m
[71.459s] gmake[3]: Leaving directory '/home/jagdeesh/tracker/build/ros_ign_interfaces'
[71.466s] [ 97%] Built target ros_ign_interfaces__rosidl_generator_py
[71.469s] gmake[3]: Entering directory '/home/jagdeesh/tracker/build/ros_ign_interfaces'
[71.480s] gmake[3]: Leaving directory '/home/jagdeesh/tracker/build/ros_ign_interfaces'
[71.482s] gmake[3]: Entering directory '/home/jagdeesh/tracker/build/ros_ign_interfaces'
[71.491s] [ 97%] [32mBuilding C object CMakeFiles/ros_ign_interfaces__rosidl_typesupport_fastrtps_c__pyext.dir/rosidl_generator_py/ros_ign_interfaces/_ros_ign_interfaces_s.ep.rosidl_typesupport_fastrtps_c.c.o[0m
[71.813s] [ 98%] [32m[1mLinking C shared library rosidl_generator_py/ros_ign_interfaces/ros_ign_interfaces_s__rosidl_typesupport_fastrtps_c.cpython-310-x86_64-linux-gnu.so[0m
[71.860s] gmake[3]: Leaving directory '/home/jagdeesh/tracker/build/ros_ign_interfaces'
[71.868s] [ 98%] Built target ros_ign_interfaces__rosidl_typesupport_fastrtps_c__pyext
[71.870s] gmake[3]: Entering directory '/home/jagdeesh/tracker/build/ros_ign_interfaces'
[71.879s] gmake[3]: Leaving directory '/home/jagdeesh/tracker/build/ros_ign_interfaces'
[71.881s] gmake[3]: Entering directory '/home/jagdeesh/tracker/build/ros_ign_interfaces'
[71.890s] [ 98%] [32mBuilding C object CMakeFiles/ros_ign_interfaces__rosidl_typesupport_c__pyext.dir/rosidl_generator_py/ros_ign_interfaces/_ros_ign_interfaces_s.ep.rosidl_typesupport_c.c.o[0m
[72.214s] [ 99%] [32m[1mLinking C shared library rosidl_generator_py/ros_ign_interfaces/ros_ign_interfaces_s__rosidl_typesupport_c.cpython-310-x86_64-linux-gnu.so[0m
[72.261s] gmake[3]: Leaving directory '/home/jagdeesh/tracker/build/ros_ign_interfaces'
[72.268s] [ 99%] Built target ros_ign_interfaces__rosidl_typesupport_c__pyext
[72.271s] gmake[3]: Entering directory '/home/jagdeesh/tracker/build/ros_ign_interfaces'
[72.279s] gmake[3]: Leaving directory '/home/jagdeesh/tracker/build/ros_ign_interfaces'
[72.281s] gmake[3]: Entering directory '/home/jagdeesh/tracker/build/ros_ign_interfaces'
[72.290s] [ 99%] [32mBuilding C object CMakeFiles/ros_ign_interfaces__rosidl_typesupport_introspection_c__pyext.dir/rosidl_generator_py/ros_ign_interfaces/_ros_ign_interfaces_s.ep.rosidl_typesupport_introspection_c.c.o[0m
[72.703s] [100%] [32m[1mLinking C shared library rosidl_generator_py/ros_ign_interfaces/ros_ign_interfaces_s__rosidl_typesupport_introspection_c.cpython-310-x86_64-linux-gnu.so[0m
[72.753s] gmake[3]: Leaving directory '/home/jagdeesh/tracker/build/ros_ign_interfaces'
[72.762s] [100%] Built target ros_ign_interfaces__rosidl_typesupport_introspection_c__pyext
[72.763s] gmake[2]: Leaving directory '/home/jagdeesh/tracker/build/ros_ign_interfaces'
[72.772s] gmake[1]: Leaving directory '/home/jagdeesh/tracker/build/ros_ign_interfaces'
[72.774s] Invoked command in '/home/jagdeesh/tracker/build/ros_ign_interfaces' returned '0': AMENT_PREFIX_PATH=/home/jagdeesh/tracker/install/ros_gz_interfaces:${AMENT_PREFIX_PATH} CMAKE_PREFIX_PATH=/home/jagdeesh/tracker/install/ros_gz_interfaces:/opt/ros/humble LD_LIBRARY_PATH=/home/jagdeesh/tracker/install/ros_gz_interfaces/lib:${LD_LIBRARY_PATH} PYTHONPATH=/home/jagdeesh/tracker/install/ros_gz_interfaces/local/lib/python3.10/dist-packages:${PYTHONPATH} /usr/bin/cmake --build /home/jagdeesh/tracker/build/ros_ign_interfaces -- -j12 -l12
[72.777s] Invoking command in '/home/jagdeesh/tracker/build/ros_ign_interfaces': AMENT_PREFIX_PATH=/home/jagdeesh/tracker/install/ros_gz_interfaces:${AMENT_PREFIX_PATH} CMAKE_PREFIX_PATH=/home/jagdeesh/tracker/install/ros_gz_interfaces:/opt/ros/humble LD_LIBRARY_PATH=/home/jagdeesh/tracker/install/ros_gz_interfaces/lib:${LD_LIBRARY_PATH} PYTHONPATH=/home/jagdeesh/tracker/install/ros_gz_interfaces/local/lib/python3.10/dist-packages:${PYTHONPATH} /usr/bin/cmake --install /home/jagdeesh/tracker/build/ros_ign_interfaces
[72.785s] -- Install configuration: "Release"
[72.785s] -- Installing: /home/jagdeesh/tracker/install/ros_ign_interfaces/share/ament_index/resource_index/rosidl_interfaces/ros_ign_interfaces
[72.785s] -- Installing: /home/jagdeesh/tracker/install/ros_ign_interfaces/include/ros_ign_interfaces/ros_ign_interfaces
[72.785s] -- Installing: /home/jagdeesh/tracker/install/ros_ign_interfaces/include/ros_ign_interfaces/ros_ign_interfaces/srv
[72.785s] -- Installing: /home/jagdeesh/tracker/install/ros_ign_interfaces/include/ros_ign_interfaces/ros_ign_interfaces/srv/control_world.h
[72.786s] -- Installing: /home/jagdeesh/tracker/install/ros_ign_interfaces/include/ros_ign_interfaces/ros_ign_interfaces/srv/detail
[72.786s] -- Installing: /home/jagdeesh/tracker/install/ros_ign_interfaces/include/ros_ign_interfaces/ros_ign_interfaces/srv/detail/delete_entity__type_support.h
[72.786s] -- Installing: /home/jagdeesh/tracker/install/ros_ign_interfaces/include/ros_ign_interfaces/ros_ign_interfaces/srv/detail/control_world__functions.h
[72.786s] -- Installing: /home/jagdeesh/tracker/install/ros_ign_interfaces/include/ros_ign_interfaces/ros_ign_interfaces/srv/detail/spawn_entity__functions.h
[72.786s] -- Installing: /home/jagdeesh/tracker/install/ros_ign_interfaces/include/ros_ign_interfaces/ros_ign_interfaces/srv/detail/delete_entity__functions.h
[72.786s] -- Installing: /home/jagdeesh/tracker/install/ros_ign_interfaces/include/ros_ign_interfaces/ros_ign_interfaces/srv/detail/set_entity_pose__type_support.h
[72.786s] -- Installing: /home/jagdeesh/tracker/install/ros_ign_interfaces/include/ros_ign_interfaces/ros_ign_interfaces/srv/detail/spawn_entity__type_support.h
[72.786s] -- Installing: /home/jagdeesh/tracker/install/ros_ign_interfaces/include/ros_ign_interfaces/ros_ign_interfaces/srv/detail/control_world__type_support.h
[72.786s] -- Installing: /home/jagdeesh/tracker/install/ros_ign_interfaces/include/ros_ign_interfaces/ros_ign_interfaces/srv/detail/set_entity_pose__struct.h
[72.787s] -- Installing: /home/jagdeesh/tracker/install/ros_ign_interfaces/include/ros_ign_interfaces/ros_ign_interfaces/srv/detail/control_world__struct.h
[72.787s] -- Installing: /home/jagdeesh/tracker/install/ros_ign_interfaces/include/ros_ign_interfaces/ros_ign_interfaces/srv/detail/control_world__functions.c
[72.787s] -- Installing: /home/jagdeesh/tracker/install/ros_ign_interfaces/include/ros_ign_interfaces/ros_ign_interfaces/srv/detail/set_entity_pose__functions.c
[72.787s] -- Installing: /home/jagdeesh/tracker/install/ros_ign_interfaces/include/ros_ign_interfaces/ros_ign_interfaces/srv/detail/delete_entity__struct.h
[72.787s] -- Installing: /home/jagdeesh/tracker/install/ros_ign_interfaces/include/ros_ign_interfaces/ros_ign_interfaces/srv/detail/spawn_entity__functions.c
[72.787s] -- Installing: /home/jagdeesh/tracker/install/ros_ign_interfaces/include/ros_ign_interfaces/ros_ign_interfaces/srv/detail/delete_entity__functions.c
[72.787s] -- Installing: /home/jagdeesh/tracker/install/ros_ign_interfaces/include/ros_ign_interfaces/ros_ign_interfaces/srv/detail/spawn_entity__struct.h
[72.787s] -- Installing: /home/jagdeesh/tracker/install/ros_ign_interfaces/include/ros_ign_interfaces/ros_ign_interfaces/srv/detail/set_entity_pose__functions.h
[72.787s] -- Installing: /home/jagdeesh/tracker/install/ros_ign_interfaces/include/ros_ign_interfaces/ros_ign_interfaces/srv/set_entity_pose.h
[72.787s] -- Installing: /home/jagdeesh/tracker/install/ros_ign_interfaces/include/ros_ign_interfaces/ros_ign_interfaces/srv/spawn_entity.h
[72.788s] -- Installing: /home/jagdeesh/tracker/install/ros_ign_interfaces/include/ros_ign_interfaces/ros_ign_interfaces/srv/delete_entity.h
[72.788s] -- Installing: /home/jagdeesh/tracker/install/ros_ign_interfaces/include/ros_ign_interfaces/ros_ign_interfaces/msg
[72.788s] -- Installing: /home/jagdeesh/tracker/install/ros_ign_interfaces/include/ros_ign_interfaces/ros_ign_interfaces/msg/joint_wrench.h
[72.788s] -- Installing: /home/jagdeesh/tracker/install/ros_ign_interfaces/include/ros_ign_interfaces/ros_ign_interfaces/msg/string_vec.h
[72.788s] -- Installing: /home/jagdeesh/tracker/install/ros_ign_interfaces/include/ros_ign_interfaces/ros_ign_interfaces/msg/contact.h
[72.788s] -- Installing: /home/jagdeesh/tracker/install/ros_ign_interfaces/include/ros_ign_interfaces/ros_ign_interfaces/msg/rosidl_generator_c__visibility_control.h
[72.788s] -- Installing: /home/jagdeesh/tracker/install/ros_ign_interfaces/include/ros_ign_interfaces/ros_ign_interfaces/msg/detail
[72.788s] -- Installing: /home/jagdeesh/tracker/install/ros_ign_interfaces/include/ros_ign_interfaces/ros_ign_interfaces/msg/detail/contact__struct.h
[72.788s] -- Installing: /home/jagdeesh/tracker/install/ros_ign_interfaces/include/ros_ign_interfaces/ros_ign_interfaces/msg/detail/gui_camera__struct.h
[72.789s] -- Installing: /home/jagdeesh/tracker/install/ros_ign_interfaces/include/ros_ign_interfaces/ros_ign_interfaces/msg/detail/entity_factory__functions.h
[72.789s] -- Installing: /home/jagdeesh/tracker/install/ros_ign_interfaces/include/ros_ign_interfaces/ros_ign_interfaces/msg/detail/light__functions.h
[72.789s] -- Installing: /home/jagdeesh/tracker/install/ros_ign_interfaces/include/ros_ign_interfaces/ros_ign_interfaces/msg/detail/string_vec__functions.h
[72.789s] -- Installing: /home/jagdeesh/tracker/install/ros_ign_interfaces/include/ros_ign_interfaces/ros_ign_interfaces/msg/detail/joint_wrench__type_support.h
[72.789s] -- Installing: /home/jagdeesh/tracker/install/ros_ign_interfaces/include/ros_ign_interfaces/ros_ign_interfaces/msg/detail/contact__functions.h
[72.789s] -- Installing: /home/jagdeesh/tracker/install/ros_ign_interfaces/include/ros_ign_interfaces/ros_ign_interfaces/msg/detail/track_visual__type_support.h
[72.789s] -- Installing: /home/jagdeesh/tracker/install/ros_ign_interfaces/include/ros_ign_interfaces/ros_ign_interfaces/msg/detail/entity__type_support.h
[72.789s] -- Installing: /home/jagdeesh/tracker/install/ros_ign_interfaces/include/ros_ign_interfaces/ros_ign_interfaces/msg/detail/contact__type_support.h
[72.789s] -- Installing: /home/jagdeesh/tracker/install/ros_ign_interfaces/include/ros_ign_interfaces/ros_ign_interfaces/msg/detail/light__struct.h
[72.789s] -- Installing: /home/jagdeesh/tracker/install/ros_ign_interfaces/include/ros_ign_interfaces/ros_ign_interfaces/msg/detail/world_reset__functions.h
[72.789s] -- Installing: /home/jagdeesh/tracker/install/ros_ign_interfaces/include/ros_ign_interfaces/ros_ign_interfaces/msg/detail/contacts__struct.h
[72.790s] -- Installing: /home/jagdeesh/tracker/install/ros_ign_interfaces/include/ros_ign_interfaces/ros_ign_interfaces/msg/detail/joint_wrench__functions.c
[72.790s] -- Installing: /home/jagdeesh/tracker/install/ros_ign_interfaces/include/ros_ign_interfaces/ros_ign_interfaces/msg/detail/gui_camera__functions.h
[72.790s] -- Installing: /home/jagdeesh/tracker/install/ros_ign_interfaces/include/ros_ign_interfaces/ros_ign_interfaces/msg/detail/entity_factory__functions.c
[72.790s] -- Installing: /home/jagdeesh/tracker/install/ros_ign_interfaces/include/ros_ign_interfaces/ros_ign_interfaces/msg/detail/gui_camera__type_support.h
[72.790s] -- Installing: /home/jagdeesh/tracker/install/ros_ign_interfaces/include/ros_ign_interfaces/ros_ign_interfaces/msg/detail/track_visual__functions.c
[72.790s] -- Installing: /home/jagdeesh/tracker/install/ros_ign_interfaces/include/ros_ign_interfaces/ros_ign_interfaces/msg/detail/entity_factory__type_support.h
[72.790s] -- Installing: /home/jagdeesh/tracker/install/ros_ign_interfaces/include/ros_ign_interfaces/ros_ign_interfaces/msg/detail/world_reset__struct.h
[72.790s] -- Installing: /home/jagdeesh/tracker/install/ros_ign_interfaces/include/ros_ign_interfaces/ros_ign_interfaces/msg/detail/track_visual__functions.h
[72.790s] -- Installing: /home/jagdeesh/tracker/install/ros_ign_interfaces/include/ros_ign_interfaces/ros_ign_interfaces/msg/detail/world_reset__type_support.h
[72.790s] -- Installing: /home/jagdeesh/tracker/install/ros_ign_interfaces/include/ros_ign_interfaces/ros_ign_interfaces/msg/detail/video_record__functions.h
[72.791s] -- Installing: /home/jagdeesh/tracker/install/ros_ign_interfaces/include/ros_ign_interfaces/ros_ign_interfaces/msg/detail/world_control__type_support.h
[72.791s] -- Installing: /home/jagdeesh/tracker/install/ros_ign_interfaces/include/ros_ign_interfaces/ros_ign_interfaces/msg/detail/world_control__struct.h
[72.791s] -- Installing: /home/jagdeesh/tracker/install/ros_ign_interfaces/include/ros_ign_interfaces/ros_ign_interfaces/msg/detail/entity__functions.c
[72.791s] -- Installing: /home/jagdeesh/tracker/install/ros_ign_interfaces/include/ros_ign_interfaces/ros_ign_interfaces/msg/detail/video_record__struct.h
[72.791s] -- Installing: /home/jagdeesh/tracker/install/ros_ign_interfaces/include/ros_ign_interfaces/ros_ign_interfaces/msg/detail/entity_factory__struct.h
[72.791s] -- Installing: /home/jagdeesh/tracker/install/ros_ign_interfaces/include/ros_ign_interfaces/ros_ign_interfaces/msg/detail/joint_wrench__struct.h
[72.791s] -- Installing: /home/jagdeesh/tracker/install/ros_ign_interfaces/include/ros_ign_interfaces/ros_ign_interfaces/msg/detail/entity__functions.h
[72.791s] -- Installing: /home/jagdeesh/tracker/install/ros_ign_interfaces/include/ros_ign_interfaces/ros_ign_interfaces/msg/detail/gui_camera__functions.c
[72.791s] -- Installing: /home/jagdeesh/tracker/install/ros_ign_interfaces/include/ros_ign_interfaces/ros_ign_interfaces/msg/detail/light__type_support.h
[72.791s] -- Installing: /home/jagdeesh/tracker/install/ros_ign_interfaces/include/ros_ign_interfaces/ros_ign_interfaces/msg/detail/track_visual__struct.h
[72.792s] -- Installing: /home/jagdeesh/tracker/install/ros_ign_interfaces/include/ros_ign_interfaces/ros_ign_interfaces/msg/detail/entity__struct.h
[72.792s] -- Installing: /home/jagdeesh/tracker/install/ros_ign_interfaces/include/ros_ign_interfaces/ros_ign_interfaces/msg/detail/contacts__functions.h
[72.792s] -- Installing: /home/jagdeesh/tracker/install/ros_ign_interfaces/include/ros_ign_interfaces/ros_ign_interfaces/msg/detail/contact__functions.c
[72.792s] -- Installing: /home/jagdeesh/tracker/install/ros_ign_interfaces/include/ros_ign_interfaces/ros_ign_interfaces/msg/detail/string_vec__struct.h
[72.792s] -- Installing: /home/jagdeesh/tracker/install/ros_ign_interfaces/include/ros_ign_interfaces/ros_ign_interfaces/msg/detail/video_record__type_support.h
[72.792s] -- Installing: /home/jagdeesh/tracker/install/ros_ign_interfaces/include/ros_ign_interfaces/ros_ign_interfaces/msg/detail/video_record__functions.c
[72.792s] -- Installing: /home/jagdeesh/tracker/install/ros_ign_interfaces/include/ros_ign_interfaces/ros_ign_interfaces/msg/detail/joint_wrench__functions.h
[72.792s] -- Installing: /home/jagdeesh/tracker/install/ros_ign_interfaces/include/ros_ign_interfaces/ros_ign_interfaces/msg/detail/light__functions.c
[72.792s] -- Installing: /home/jagdeesh/tracker/install/ros_ign_interfaces/include/ros_ign_interfaces/ros_ign_interfaces/msg/detail/world_control__functions.c
[72.792s] -- Installing: /home/jagdeesh/tracker/install/ros_ign_interfaces/include/ros_ign_interfaces/ros_ign_interfaces/msg/detail/contacts__functions.c
[72.793s] -- Installing: /home/jagdeesh/tracker/install/ros_ign_interfaces/include/ros_ign_interfaces/ros_ign_interfaces/msg/detail/world_control__functions.h
[72.793s] -- Installing: /home/jagdeesh/tracker/install/ros_ign_interfaces/include/ros_ign_interfaces/ros_ign_interfaces/msg/detail/contacts__type_support.h
[72.793s] -- Installing: /home/jagdeesh/tracker/install/ros_ign_interfaces/include/ros_ign_interfaces/ros_ign_interfaces/msg/detail/string_vec__type_support.h
[72.793s] -- Installing: /home/jagdeesh/tracker/install/ros_ign_interfaces/include/ros_ign_interfaces/ros_ign_interfaces/msg/detail/world_reset__functions.c
[72.793s] -- Installing: /home/jagdeesh/tracker/install/ros_ign_interfaces/include/ros_ign_interfaces/ros_ign_interfaces/msg/detail/string_vec__functions.c
[72.793s] -- Installing: /home/jagdeesh/tracker/install/ros_ign_interfaces/include/ros_ign_interfaces/ros_ign_interfaces/msg/light.h
[72.793s] -- Installing: /home/jagdeesh/tracker/install/ros_ign_interfaces/include/ros_ign_interfaces/ros_ign_interfaces/msg/gui_camera.h
[72.793s] -- Installing: /home/jagdeesh/tracker/install/ros_ign_interfaces/include/ros_ign_interfaces/ros_ign_interfaces/msg/entity_factory.h
[72.793s] -- Installing: /home/jagdeesh/tracker/install/ros_ign_interfaces/include/ros_ign_interfaces/ros_ign_interfaces/msg/video_record.h
[72.793s] -- Installing: /home/jagdeesh/tracker/install/ros_ign_interfaces/include/ros_ign_interfaces/ros_ign_interfaces/msg/world_control.h
[72.793s] -- Installing: /home/jagdeesh/tracker/install/ros_ign_interfaces/include/ros_ign_interfaces/ros_ign_interfaces/msg/world_reset.h
[72.794s] -- Installing: /home/jagdeesh/tracker/install/ros_ign_interfaces/include/ros_ign_interfaces/ros_ign_interfaces/msg/contacts.h
[72.794s] -- Installing: /home/jagdeesh/tracker/install/ros_ign_interfaces/include/ros_ign_interfaces/ros_ign_interfaces/msg/entity.h
[72.794s] -- Installing: /home/jagdeesh/tracker/install/ros_ign_interfaces/include/ros_ign_interfaces/ros_ign_interfaces/msg/track_visual.h
[72.794s] -- Installing: /home/jagdeesh/tracker/install/ros_ign_interfaces/share/ros_ign_interfaces/environment/library_path.sh
[72.794s] -- Installing: /home/jagdeesh/tracker/install/ros_ign_interfaces/share/ros_ign_interfaces/environment/library_path.dsv
[72.794s] -- Installing: /home/jagdeesh/tracker/install/ros_ign_interfaces/lib/libros_ign_interfaces__rosidl_generator_c.so
[72.794s] -- Set runtime path of "/home/jagdeesh/tracker/install/ros_ign_interfaces/lib/libros_ign_interfaces__rosidl_generator_c.so" to ""
[72.794s] -- Up-to-date: /home/jagdeesh/tracker/install/ros_ign_interfaces/include/ros_ign_interfaces/ros_ign_interfaces
[72.794s] -- Up-to-date: /home/jagdeesh/tracker/install/ros_ign_interfaces/include/ros_ign_interfaces/ros_ign_interfaces/srv
[72.794s] -- Up-to-date: /home/jagdeesh/tracker/install/ros_ign_interfaces/include/ros_ign_interfaces/ros_ign_interfaces/srv/detail
[72.795s] -- Installing: /home/jagdeesh/tracker/install/ros_ign_interfaces/include/ros_ign_interfaces/ros_ign_interfaces/srv/detail/control_world__rosidl_typesupport_fastrtps_c.h
[72.795s] -- Installing: /home/jagdeesh/tracker/install/ros_ign_interfaces/include/ros_ign_interfaces/ros_ign_interfaces/srv/detail/delete_entity__rosidl_typesupport_fastrtps_c.h
[72.795s] -- Installing: /home/jagdeesh/tracker/install/ros_ign_interfaces/include/ros_ign_interfaces/ros_ign_interfaces/srv/detail/spawn_entity__rosidl_typesupport_fastrtps_c.h
[72.795s] -- Installing: /home/jagdeesh/tracker/install/ros_ign_interfaces/include/ros_ign_interfaces/ros_ign_interfaces/srv/detail/set_entity_pose__rosidl_typesupport_fastrtps_c.h
[72.795s] -- Up-to-date: /home/jagdeesh/tracker/install/ros_ign_interfaces/include/ros_ign_interfaces/ros_ign_interfaces/msg
[72.795s] -- Up-to-date: /home/jagdeesh/tracker/install/ros_ign_interfaces/include/ros_ign_interfaces/ros_ign_interfaces/msg/detail
[72.795s] -- Installing: /home/jagdeesh/tracker/install/ros_ign_interfaces/include/ros_ign_interfaces/ros_ign_interfaces/msg/detail/contacts__rosidl_typesupport_fastrtps_c.h
[72.795s] -- Installing: /home/jagdeesh/tracker/install/ros_ign_interfaces/include/ros_ign_interfaces/ros_ign_interfaces/msg/detail/world_reset__rosidl_typesupport_fastrtps_c.h
[72.795s] -- Installing: /home/jagdeesh/tracker/install/ros_ign_interfaces/include/ros_ign_interfaces/ros_ign_interfaces/msg/detail/video_record__rosidl_typesupport_fastrtps_c.h
[72.795s] -- Installing: /home/jagdeesh/tracker/install/ros_ign_interfaces/include/ros_ign_interfaces/ros_ign_interfaces/msg/detail/light__rosidl_typesupport_fastrtps_c.h
[72.796s] -- Installing: /home/jagdeesh/tracker/install/ros_ign_interfaces/include/ros_ign_interfaces/ros_ign_interfaces/msg/detail/joint_wrench__rosidl_typesupport_fastrtps_c.h
[72.796s] -- Installing: /home/jagdeesh/tracker/install/ros_ign_interfaces/include/ros_ign_interfaces/ros_ign_interfaces/msg/detail/gui_camera__rosidl_typesupport_fastrtps_c.h
[72.796s] -- Installing: /home/jagdeesh/tracker/install/ros_ign_interfaces/include/ros_ign_interfaces/ros_ign_interfaces/msg/detail/entity_factory__rosidl_typesupport_fastrtps_c.h
[72.796s] -- Installing: /home/jagdeesh/tracker/install/ros_ign_interfaces/include/ros_ign_interfaces/ros_ign_interfaces/msg/detail/entity__rosidl_typesupport_fastrtps_c.h
[72.796s] -- Installing: /home/jagdeesh/tracker/install/ros_ign_interfaces/include/ros_ign_interfaces/ros_ign_interfaces/msg/detail/track_visual__rosidl_typesupport_fastrtps_c.h
[72.796s] -- Installing: /home/jagdeesh/tracker/install/ros_ign_interfaces/include/ros_ign_interfaces/ros_ign_interfaces/msg/detail/contact__rosidl_typesupport_fastrtps_c.h
[72.796s] -- Installing: /home/jagdeesh/tracker/install/ros_ign_interfaces/include/ros_ign_interfaces/ros_ign_interfaces/msg/detail/string_vec__rosidl_typesupport_fastrtps_c.h
[72.796s] -- Installing: /home/jagdeesh/tracker/install/ros_ign_interfaces/include/ros_ign_interfaces/ros_ign_interfaces/msg/detail/world_control__rosidl_typesupport_fastrtps_c.h
[72.796s] -- Installing: /home/jagdeesh/tracker/install/ros_ign_interfaces/include/ros_ign_interfaces/ros_ign_interfaces/msg/rosidl_typesupport_fastrtps_c__visibility_control.h
[72.796s] -- Installing: /home/jagdeesh/tracker/install/ros_ign_interfaces/lib/libros_ign_interfaces__rosidl_typesupport_fastrtps_c.so
[72.796s] -- Set runtime path of "/home/jagdeesh/tracker/install/ros_ign_interfaces/lib/libros_ign_interfaces__rosidl_typesupport_fastrtps_c.so" to ""
[72.797s] -- Up-to-date: /home/jagdeesh/tracker/install/ros_ign_interfaces/include/ros_ign_interfaces/ros_ign_interfaces
[72.797s] -- Up-to-date: /home/jagdeesh/tracker/install/ros_ign_interfaces/include/ros_ign_interfaces/ros_ign_interfaces/srv
[72.797s] -- Installing: /home/jagdeesh/tracker/install/ros_ign_interfaces/include/ros_ign_interfaces/ros_ign_interfaces/srv/control_world.hpp
[72.797s] -- Installing: /home/jagdeesh/tracker/install/ros_ign_interfaces/include/ros_ign_interfaces/ros_ign_interfaces/srv/delete_entity.hpp
[72.797s] -- Up-to-date: /home/jagdeesh/tracker/install/ros_ign_interfaces/include/ros_ign_interfaces/ros_ign_interfaces/srv/detail
[72.797s] -- Installing: /home/jagdeesh/tracker/install/ros_ign_interfaces/include/ros_ign_interfaces/ros_ign_interfaces/srv/detail/spawn_entity__struct.hpp
[72.797s] -- Installing: /home/jagdeesh/tracker/install/ros_ign_interfaces/include/ros_ign_interfaces/ros_ign_interfaces/srv/detail/control_world__builder.hpp
[72.797s] -- Installing: /home/jagdeesh/tracker/install/ros_ign_interfaces/include/ros_ign_interfaces/ros_ign_interfaces/srv/detail/control_world__struct.hpp
[72.797s] -- Installing: /home/jagdeesh/tracker/install/ros_ign_interfaces/include/ros_ign_interfaces/ros_ign_interfaces/srv/detail/set_entity_pose__builder.hpp
[72.797s] -- Installing: /home/jagdeesh/tracker/install/ros_ign_interfaces/include/ros_ign_interfaces/ros_ign_interfaces/srv/detail/spawn_entity__builder.hpp
[72.798s] -- Installing: /home/jagdeesh/tracker/install/ros_ign_interfaces/include/ros_ign_interfaces/ros_ign_interfaces/srv/detail/set_entity_pose__struct.hpp
[72.798s] -- Installing: /home/jagdeesh/tracker/install/ros_ign_interfaces/include/ros_ign_interfaces/ros_ign_interfaces/srv/detail/control_world__type_support.hpp
[72.798s] -- Installing: /home/jagdeesh/tracker/install/ros_ign_interfaces/include/ros_ign_interfaces/ros_ign_interfaces/srv/detail/delete_entity__builder.hpp
[72.798s] -- Installing: /home/jagdeesh/tracker/install/ros_ign_interfaces/include/ros_ign_interfaces/ros_ign_interfaces/srv/detail/delete_entity__traits.hpp
[72.798s] -- Installing: /home/jagdeesh/tracker/install/ros_ign_interfaces/include/ros_ign_interfaces/ros_ign_interfaces/srv/detail/spawn_entity__traits.hpp
[72.798s] -- Installing: /home/jagdeesh/tracker/install/ros_ign_interfaces/include/ros_ign_interfaces/ros_ign_interfaces/srv/detail/delete_entity__struct.hpp
[72.798s] -- Installing: /home/jagdeesh/tracker/install/ros_ign_interfaces/include/ros_ign_interfaces/ros_ign_interfaces/srv/detail/delete_entity__type_support.hpp
[72.798s] -- Installing: /home/jagdeesh/tracker/install/ros_ign_interfaces/include/ros_ign_interfaces/ros_ign_interfaces/srv/detail/control_world__traits.hpp
[72.798s] -- Installing: /home/jagdeesh/tracker/install/ros_ign_interfaces/include/ros_ign_interfaces/ros_ign_interfaces/srv/detail/set_entity_pose__type_support.hpp
[72.799s] -- Installing: /home/jagdeesh/tracker/install/ros_ign_interfaces/include/ros_ign_interfaces/ros_ign_interfaces/srv/detail/set_entity_pose__traits.hpp
[72.799s] -- Installing: /home/jagdeesh/tracker/install/ros_ign_interfaces/include/ros_ign_interfaces/ros_ign_interfaces/srv/detail/spawn_entity__type_support.hpp
[72.799s] -- Installing: /home/jagdeesh/tracker/install/ros_ign_interfaces/include/ros_ign_interfaces/ros_ign_interfaces/srv/spawn_entity.hpp
[72.799s] -- Installing: /home/jagdeesh/tracker/install/ros_ign_interfaces/include/ros_ign_interfaces/ros_ign_interfaces/srv/set_entity_pose.hpp
[72.799s] -- Up-to-date: /home/jagdeesh/tracker/install/ros_ign_interfaces/include/ros_ign_interfaces/ros_ign_interfaces/msg
[72.799s] -- Installing: /home/jagdeesh/tracker/install/ros_ign_interfaces/include/ros_ign_interfaces/ros_ign_interfaces/msg/world_reset.hpp
[72.799s] -- Installing: /home/jagdeesh/tracker/install/ros_ign_interfaces/include/ros_ign_interfaces/ros_ign_interfaces/msg/track_visual.hpp
[72.799s] -- Installing: /home/jagdeesh/tracker/install/ros_ign_interfaces/include/ros_ign_interfaces/ros_ign_interfaces/msg/rosidl_generator_cpp__visibility_control.hpp
[72.799s] -- Up-to-date: /home/jagdeesh/tracker/install/ros_ign_interfaces/include/ros_ign_interfaces/ros_ign_interfaces/msg/detail
[72.800s] -- Installing: /home/jagdeesh/tracker/install/ros_ign_interfaces/include/ros_ign_interfaces/ros_ign_interfaces/msg/detail/track_visual__traits.hpp
[72.800s] -- Installing: /home/jagdeesh/tracker/install/ros_ign_interfaces/include/ros_ign_interfaces/ros_ign_interfaces/msg/detail/string_vec__type_support.hpp
[72.800s] -- Installing: /home/jagdeesh/tracker/install/ros_ign_interfaces/include/ros_ign_interfaces/ros_ign_interfaces/msg/detail/gui_camera__struct.hpp
[72.800s] -- Installing: /home/jagdeesh/tracker/install/ros_ign_interfaces/include/ros_ign_interfaces/ros_ign_interfaces/msg/detail/gui_camera__builder.hpp
[72.800s] -- Installing: /home/jagdeesh/tracker/install/ros_ign_interfaces/include/ros_ign_interfaces/ros_ign_interfaces/msg/detail/string_vec__builder.hpp
[72.800s] -- Installing: /home/jagdeesh/tracker/install/ros_ign_interfaces/include/ros_ign_interfaces/ros_ign_interfaces/msg/detail/gui_camera__type_support.hpp
[72.800s] -- Installing: /home/jagdeesh/tracker/install/ros_ign_interfaces/include/ros_ign_interfaces/ros_ign_interfaces/msg/detail/video_record__type_support.hpp
[72.800s] -- Installing: /home/jagdeesh/tracker/install/ros_ign_interfaces/include/ros_ign_interfaces/ros_ign_interfaces/msg/detail/contact__traits.hpp
[72.800s] -- Installing: /home/jagdeesh/tracker/install/ros_ign_interfaces/include/ros_ign_interfaces/ros_ign_interfaces/msg/detail/joint_wrench__struct.hpp
[72.801s] -- Installing: /home/jagdeesh/tracker/install/ros_ign_interfaces/include/ros_ign_interfaces/ros_ign_interfaces/msg/detail/contacts__type_support.hpp
[72.801s] -- Installing: /home/jagdeesh/tracker/install/ros_ign_interfaces/include/ros_ign_interfaces/ros_ign_interfaces/msg/detail/contact__builder.hpp
[72.801s] -- Installing: /home/jagdeesh/tracker/install/ros_ign_interfaces/include/ros_ign_interfaces/ros_ign_interfaces/msg/detail/world_control__type_support.hpp
[72.801s] -- Installing: /home/jagdeesh/tracker/install/ros_ign_interfaces/include/ros_ign_interfaces/ros_ign_interfaces/msg/detail/track_visual__builder.hpp
[72.801s] -- Installing: /home/jagdeesh/tracker/install/ros_ign_interfaces/include/ros_ign_interfaces/ros_ign_interfaces/msg/detail/video_record__traits.hpp
[72.801s] -- Installing: /home/jagdeesh/tracker/install/ros_ign_interfaces/include/ros_ign_interfaces/ros_ign_interfaces/msg/detail/contact__type_support.hpp
[72.801s] -- Installing: /home/jagdeesh/tracker/install/ros_ign_interfaces/include/ros_ign_interfaces/ros_ign_interfaces/msg/detail/entity__struct.hpp
[72.801s] -- Installing: /home/jagdeesh/tracker/install/ros_ign_interfaces/include/ros_ign_interfaces/ros_ign_interfaces/msg/detail/joint_wrench__builder.hpp
[72.801s] -- Installing: /home/jagdeesh/tracker/install/ros_ign_interfaces/include/ros_ign_interfaces/ros_ign_interfaces/msg/detail/entity_factory__type_support.hpp
[72.802s] -- Installing: /home/jagdeesh/tracker/install/ros_ign_interfaces/include/ros_ign_interfaces/ros_ign_interfaces/msg/detail/video_record__builder.hpp
[72.802s] -- Installing: /home/jagdeesh/tracker/install/ros_ign_interfaces/include/ros_ign_interfaces/ros_ign_interfaces/msg/detail/contacts__builder.hpp
[72.802s] -- Installing: /home/jagdeesh/tracker/install/ros_ign_interfaces/include/ros_ign_interfaces/ros_ign_interfaces/msg/detail/world_reset__struct.hpp
[72.802s] -- Installing: /home/jagdeesh/tracker/install/ros_ign_interfaces/include/ros_ign_interfaces/ros_ign_interfaces/msg/detail/video_record__struct.hpp
[72.802s] -- Installing: /home/jagdeesh/tracker/install/ros_ign_interfaces/include/ros_ign_interfaces/ros_ign_interfaces/msg/detail/track_visual__type_support.hpp
[72.802s] -- Installing: /home/jagdeesh/tracker/install/ros_ign_interfaces/include/ros_ign_interfaces/ros_ign_interfaces/msg/detail/world_control__struct.hpp
[72.802s] -- Installing: /home/jagdeesh/tracker/install/ros_ign_interfaces/include/ros_ign_interfaces/ros_ign_interfaces/msg/detail/light__type_support.hpp
[72.802s] -- Installing: /home/jagdeesh/tracker/install/ros_ign_interfaces/include/ros_ign_interfaces/ros_ign_interfaces/msg/detail/contacts__struct.hpp
[72.802s] -- Installing: /home/jagdeesh/tracker/install/ros_ign_interfaces/include/ros_ign_interfaces/ros_ign_interfaces/msg/detail/world_reset__traits.hpp
[72.802s] -- Installing: /home/jagdeesh/tracker/install/ros_ign_interfaces/include/ros_ign_interfaces/ros_ign_interfaces/msg/detail/joint_wrench__traits.hpp
[72.802s] -- Installing: /home/jagdeesh/tracker/install/ros_ign_interfaces/include/ros_ign_interfaces/ros_ign_interfaces/msg/detail/world_reset__type_support.hpp
[72.803s] -- Installing: /home/jagdeesh/tracker/install/ros_ign_interfaces/include/ros_ign_interfaces/ros_ign_interfaces/msg/detail/gui_camera__traits.hpp
[72.803s] -- Installing: /home/jagdeesh/tracker/install/ros_ign_interfaces/include/ros_ign_interfaces/ros_ign_interfaces/msg/detail/string_vec__traits.hpp
[72.803s] -- Installing: /home/jagdeesh/tracker/install/ros_ign_interfaces/include/ros_ign_interfaces/ros_ign_interfaces/msg/detail/entity__type_support.hpp
[72.803s] -- Installing: /home/jagdeesh/tracker/install/ros_ign_interfaces/include/ros_ign_interfaces/ros_ign_interfaces/msg/detail/joint_wrench__type_support.hpp
[72.803s] -- Installing: /home/jagdeesh/tracker/install/ros_ign_interfaces/include/ros_ign_interfaces/ros_ign_interfaces/msg/detail/entity_factory__builder.hpp
[72.803s] -- Installing: /home/jagdeesh/tracker/install/ros_ign_interfaces/include/ros_ign_interfaces/ros_ign_interfaces/msg/detail/entity_factory__struct.hpp
[72.803s] -- Installing: /home/jagdeesh/tracker/install/ros_ign_interfaces/include/ros_ign_interfaces/ros_ign_interfaces/msg/detail/track_visual__struct.hpp
[72.803s] -- Installing: /home/jagdeesh/tracker/install/ros_ign_interfaces/include/ros_ign_interfaces/ros_ign_interfaces/msg/detail/world_reset__builder.hpp
[72.803s] -- Installing: /home/jagdeesh/tracker/install/ros_ign_interfaces/include/ros_ign_interfaces/ros_ign_interfaces/msg/detail/contacts__traits.hpp
[72.803s] -- Installing: /home/jagdeesh/tracker/install/ros_ign_interfaces/include/ros_ign_interfaces/ros_ign_interfaces/msg/detail/world_control__builder.hpp
[72.804s] -- Installing: /home/jagdeesh/tracker/install/ros_ign_interfaces/include/ros_ign_interfaces/ros_ign_interfaces/msg/detail/entity__traits.hpp
[72.804s] -- Installing: /home/jagdeesh/tracker/install/ros_ign_interfaces/include/ros_ign_interfaces/ros_ign_interfaces/msg/detail/entity_factory__traits.hpp
[72.804s] -- Installing: /home/jagdeesh/tracker/install/ros_ign_interfaces/include/ros_ign_interfaces/ros_ign_interfaces/msg/detail/world_control__traits.hpp
[72.804s] -- Installing: /home/jagdeesh/tracker/install/ros_ign_interfaces/include/ros_ign_interfaces/ros_ign_interfaces/msg/detail/light__traits.hpp
[72.804s] -- Installing: /home/jagdeesh/tracker/install/ros_ign_interfaces/include/ros_ign_interfaces/ros_ign_interfaces/msg/detail/contact__struct.hpp
[72.804s] -- Installing: /home/jagdeesh/tracker/install/ros_ign_interfaces/include/ros_ign_interfaces/ros_ign_interfaces/msg/detail/light__builder.hpp
[72.804s] -- Installing: /home/jagdeesh/tracker/install/ros_ign_interfaces/include/ros_ign_interfaces/ros_ign_interfaces/msg/detail/string_vec__struct.hpp
[72.804s] -- Installing: /home/jagdeesh/tracker/install/ros_ign_interfaces/include/ros_ign_interfaces/ros_ign_interfaces/msg/detail/light__struct.hpp
[72.804s] -- Installing: /home/jagdeesh/tracker/install/ros_ign_interfaces/include/ros_ign_interfaces/ros_ign_interfaces/msg/detail/entity__builder.hpp
[72.804s] -- Installing: /home/jagdeesh/tracker/install/ros_ign_interfaces/include/ros_ign_interfaces/ros_ign_interfaces/msg/string_vec.hpp
[72.804s] -- Installing: /home/jagdeesh/tracker/install/ros_ign_interfaces/include/ros_ign_interfaces/ros_ign_interfaces/msg/contact.hpp
[72.805s] -- Installing: /home/jagdeesh/tracker/install/ros_ign_interfaces/include/ros_ign_interfaces/ros_ign_interfaces/msg/video_record.hpp
[72.805s] -- Installing: /home/jagdeesh/tracker/install/ros_ign_interfaces/include/ros_ign_interfaces/ros_ign_interfaces/msg/entity_factory.hpp
[72.805s] -- Installing: /home/jagdeesh/tracker/install/ros_ign_interfaces/include/ros_ign_interfaces/ros_ign_interfaces/msg/light.hpp
[72.805s] -- Installing: /home/jagdeesh/tracker/install/ros_ign_interfaces/include/ros_ign_interfaces/ros_ign_interfaces/msg/world_control.hpp
[72.805s] -- Installing: /home/jagdeesh/tracker/install/ros_ign_interfaces/include/ros_ign_interfaces/ros_ign_interfaces/msg/joint_wrench.hpp
[72.805s] -- Installing: /home/jagdeesh/tracker/install/ros_ign_interfaces/include/ros_ign_interfaces/ros_ign_interfaces/msg/contacts.hpp
[72.805s] -- Installing: /home/jagdeesh/tracker/install/ros_ign_interfaces/include/ros_ign_interfaces/ros_ign_interfaces/msg/entity.hpp
[72.805s] -- Installing: /home/jagdeesh/tracker/install/ros_ign_interfaces/include/ros_ign_interfaces/ros_ign_interfaces/msg/gui_camera.hpp
[72.805s] -- Up-to-date: /home/jagdeesh/tracker/install/ros_ign_interfaces/include/ros_ign_interfaces/ros_ign_interfaces
[72.805s] -- Up-to-date: /home/jagdeesh/tracker/install/ros_ign_interfaces/include/ros_ign_interfaces/ros_ign_interfaces/srv
[72.805s] -- Up-to-date: /home/jagdeesh/tracker/install/ros_ign_interfaces/include/ros_ign_interfaces/ros_ign_interfaces/srv/detail
[72.806s] -- Installing: /home/jagdeesh/tracker/install/ros_ign_interfaces/include/ros_ign_interfaces/ros_ign_interfaces/srv/detail/delete_entity__rosidl_typesupport_fastrtps_cpp.hpp
[72.806s] -- Installing: /home/jagdeesh/tracker/install/ros_ign_interfaces/include/ros_ign_interfaces/ros_ign_interfaces/srv/detail/set_entity_pose__rosidl_typesupport_fastrtps_cpp.hpp
[72.806s] -- Installing: /home/jagdeesh/tracker/install/ros_ign_interfaces/include/ros_ign_interfaces/ros_ign_interfaces/srv/detail/control_world__rosidl_typesupport_fastrtps_cpp.hpp
[72.806s] -- Installing: /home/jagdeesh/tracker/install/ros_ign_interfaces/include/ros_ign_interfaces/ros_ign_interfaces/srv/detail/spawn_entity__rosidl_typesupport_fastrtps_cpp.hpp
[72.806s] -- Installing: /home/jagdeesh/tracker/install/ros_ign_interfaces/include/ros_ign_interfaces/ros_ign_interfaces/srv/detail/dds_fastrtps
[72.806s] -- Up-to-date: /home/jagdeesh/tracker/install/ros_ign_interfaces/include/ros_ign_interfaces/ros_ign_interfaces/msg
[72.806s] -- Up-to-date: /home/jagdeesh/tracker/install/ros_ign_interfaces/include/ros_ign_interfaces/ros_ign_interfaces/msg/detail
[72.806s] -- Installing: /home/jagdeesh/tracker/install/ros_ign_interfaces/include/ros_ign_interfaces/ros_ign_interfaces/msg/detail/track_visual__rosidl_typesupport_fastrtps_cpp.hpp
[72.806s] -- Installing: /home/jagdeesh/tracker/install/ros_ign_interfaces/include/ros_ign_interfaces/ros_ign_interfaces/msg/detail/contacts__rosidl_typesupport_fastrtps_cpp.hpp
[72.807s] -- Installing: /home/jagdeesh/tracker/install/ros_ign_interfaces/include/ros_ign_interfaces/ros_ign_interfaces/msg/detail/world_reset__rosidl_typesupport_fastrtps_cpp.hpp
[72.807s] -- Installing: /home/jagdeesh/tracker/install/ros_ign_interfaces/include/ros_ign_interfaces/ros_ign_interfaces/msg/detail/contact__rosidl_typesupport_fastrtps_cpp.hpp
[72.807s] -- Installing: /home/jagdeesh/tracker/install/ros_ign_interfaces/include/ros_ign_interfaces/ros_ign_interfaces/msg/detail/video_record__rosidl_typesupport_fastrtps_cpp.hpp
[72.807s] -- Installing: /home/jagdeesh/tracker/install/ros_ign_interfaces/include/ros_ign_interfaces/ros_ign_interfaces/msg/detail/string_vec__rosidl_typesupport_fastrtps_cpp.hpp
[72.807s] -- Installing: /home/jagdeesh/tracker/install/ros_ign_interfaces/include/ros_ign_interfaces/ros_ign_interfaces/msg/detail/joint_wrench__rosidl_typesupport_fastrtps_cpp.hpp
[72.807s] -- Installing: /home/jagdeesh/tracker/install/ros_ign_interfaces/include/ros_ign_interfaces/ros_ign_interfaces/msg/detail/light__rosidl_typesupport_fastrtps_cpp.hpp
[72.807s] -- Installing: /home/jagdeesh/tracker/install/ros_ign_interfaces/include/ros_ign_interfaces/ros_ign_interfaces/msg/detail/entity__rosidl_typesupport_fastrtps_cpp.hpp
[72.807s] -- Installing: /home/jagdeesh/tracker/install/ros_ign_interfaces/include/ros_ign_interfaces/ros_ign_interfaces/msg/detail/gui_camera__rosidl_typesupport_fastrtps_cpp.hpp
[72.807s] -- Installing: /home/jagdeesh/tracker/install/ros_ign_interfaces/include/ros_ign_interfaces/ros_ign_interfaces/msg/detail/world_control__rosidl_typesupport_fastrtps_cpp.hpp
[72.807s] -- Installing: /home/jagdeesh/tracker/install/ros_ign_interfaces/include/ros_ign_interfaces/ros_ign_interfaces/msg/detail/entity_factory__rosidl_typesupport_fastrtps_cpp.hpp
[72.807s] -- Installing: /home/jagdeesh/tracker/install/ros_ign_interfaces/include/ros_ign_interfaces/ros_ign_interfaces/msg/detail/dds_fastrtps
[72.808s] -- Installing: /home/jagdeesh/tracker/install/ros_ign_interfaces/include/ros_ign_interfaces/ros_ign_interfaces/msg/rosidl_typesupport_fastrtps_cpp__visibility_control.h
[72.808s] -- Installing: /home/jagdeesh/tracker/install/ros_ign_interfaces/lib/libros_ign_interfaces__rosidl_typesupport_fastrtps_cpp.so
[72.808s] -- Set runtime path of "/home/jagdeesh/tracker/install/ros_ign_interfaces/lib/libros_ign_interfaces__rosidl_typesupport_fastrtps_cpp.so" to ""
[72.808s] -- Up-to-date: /home/jagdeesh/tracker/install/ros_ign_interfaces/include/ros_ign_interfaces/ros_ign_interfaces
[72.808s] -- Up-to-date: /home/jagdeesh/tracker/install/ros_ign_interfaces/include/ros_ign_interfaces/ros_ign_interfaces/srv
[72.808s] -- Up-to-date: /home/jagdeesh/tracker/install/ros_ign_interfaces/include/ros_ign_interfaces/ros_ign_interfaces/srv/detail
[72.808s] -- Installing: /home/jagdeesh/tracker/install/ros_ign_interfaces/include/ros_ign_interfaces/ros_ign_interfaces/srv/detail/set_entity_pose__type_support.c
[72.808s] -- Installing: /home/jagdeesh/tracker/install/ros_ign_interfaces/include/ros_ign_interfaces/ros_ign_interfaces/srv/detail/delete_entity__type_support.c
[72.808s] -- Installing: /home/jagdeesh/tracker/install/ros_ign_interfaces/include/ros_ign_interfaces/ros_ign_interfaces/srv/detail/control_world__rosidl_typesupport_introspection_c.h
[72.808s] -- Installing: /home/jagdeesh/tracker/install/ros_ign_interfaces/include/ros_ign_interfaces/ros_ign_interfaces/srv/detail/set_entity_pose__rosidl_typesupport_introspection_c.h
[72.809s] -- Installing: /home/jagdeesh/tracker/install/ros_ign_interfaces/include/ros_ign_interfaces/ros_ign_interfaces/srv/detail/spawn_entity__type_support.c
[72.809s] -- Installing: /home/jagdeesh/tracker/install/ros_ign_interfaces/include/ros_ign_interfaces/ros_ign_interfaces/srv/detail/control_world__type_support.c
[72.809s] -- Installing: /home/jagdeesh/tracker/install/ros_ign_interfaces/include/ros_ign_interfaces/ros_ign_interfaces/srv/detail/delete_entity__rosidl_typesupport_introspection_c.h
[72.809s] -- Installing: /home/jagdeesh/tracker/install/ros_ign_interfaces/include/ros_ign_interfaces/ros_ign_interfaces/srv/detail/spawn_entity__rosidl_typesupport_introspection_c.h
[72.809s] -- Up-to-date: /home/jagdeesh/tracker/install/ros_ign_interfaces/include/ros_ign_interfaces/ros_ign_interfaces/msg
[72.809s] -- Installing: /home/jagdeesh/tracker/install/ros_ign_interfaces/include/ros_ign_interfaces/ros_ign_interfaces/msg/rosidl_typesupport_introspection_c__visibility_control.h
[72.809s] -- Up-to-date: /home/jagdeesh/tracker/install/ros_ign_interfaces/include/ros_ign_interfaces/ros_ign_interfaces/msg/detail
[72.809s] -- Installing: /home/jagdeesh/tracker/install/ros_ign_interfaces/include/ros_ign_interfaces/ros_ign_interfaces/msg/detail/light__rosidl_typesupport_introspection_c.h
[72.809s] -- Installing: /home/jagdeesh/tracker/install/ros_ign_interfaces/include/ros_ign_interfaces/ros_ign_interfaces/msg/detail/world_control__rosidl_typesupport_introspection_c.h
[72.809s] -- Installing: /home/jagdeesh/tracker/install/ros_ign_interfaces/include/ros_ign_interfaces/ros_ign_interfaces/msg/detail/gui_camera__rosidl_typesupport_introspection_c.h
[72.809s] -- Installing: /home/jagdeesh/tracker/install/ros_ign_interfaces/include/ros_ign_interfaces/ros_ign_interfaces/msg/detail/joint_wrench__type_support.c
[72.810s] -- Installing: /home/jagdeesh/tracker/install/ros_ign_interfaces/include/ros_ign_interfaces/ros_ign_interfaces/msg/detail/entity_factory__rosidl_typesupport_introspection_c.h
[72.810s] -- Installing: /home/jagdeesh/tracker/install/ros_ign_interfaces/include/ros_ign_interfaces/ros_ign_interfaces/msg/detail/contacts__type_support.c
[72.810s] -- Installing: /home/jagdeesh/tracker/install/ros_ign_interfaces/include/ros_ign_interfaces/ros_ign_interfaces/msg/detail/world_control__type_support.c
[72.810s] -- Installing: /home/jagdeesh/tracker/install/ros_ign_interfaces/include/ros_ign_interfaces/ros_ign_interfaces/msg/detail/gui_camera__type_support.c
[72.810s] -- Installing: /home/jagdeesh/tracker/install/ros_ign_interfaces/include/ros_ign_interfaces/ros_ign_interfaces/msg/detail/contact__rosidl_typesupport_introspection_c.h
[72.810s] -- Installing: /home/jagdeesh/tracker/install/ros_ign_interfaces/include/ros_ign_interfaces/ros_ign_interfaces/msg/detail/track_visual__type_support.c
[72.810s] -- Installing: /home/jagdeesh/tracker/install/ros_ign_interfaces/include/ros_ign_interfaces/ros_ign_interfaces/msg/detail/contacts__rosidl_typesupport_introspection_c.h
[72.810s] -- Installing: /home/jagdeesh/tracker/install/ros_ign_interfaces/include/ros_ign_interfaces/ros_ign_interfaces/msg/detail/video_record__type_support.c
[72.810s] -- Installing: /home/jagdeesh/tracker/install/ros_ign_interfaces/include/ros_ign_interfaces/ros_ign_interfaces/msg/detail/string_vec__type_support.c
[72.810s] -- Installing: /home/jagdeesh/tracker/install/ros_ign_interfaces/include/ros_ign_interfaces/ros_ign_interfaces/msg/detail/world_reset__type_support.c
[72.811s] -- Installing: /home/jagdeesh/tracker/install/ros_ign_interfaces/include/ros_ign_interfaces/ros_ign_interfaces/msg/detail/entity_factory__type_support.c
[72.811s] -- Installing: /home/jagdeesh/tracker/install/ros_ign_interfaces/include/ros_ign_interfaces/ros_ign_interfaces/msg/detail/video_record__rosidl_typesupport_introspection_c.h
[72.811s] -- Installing: /home/jagdeesh/tracker/install/ros_ign_interfaces/include/ros_ign_interfaces/ros_ign_interfaces/msg/detail/string_vec__rosidl_typesupport_introspection_c.h
[72.811s] -- Installing: /home/jagdeesh/tracker/install/ros_ign_interfaces/include/ros_ign_interfaces/ros_ign_interfaces/msg/detail/entity__rosidl_typesupport_introspection_c.h
[72.811s] -- Installing: /home/jagdeesh/tracker/install/ros_ign_interfaces/include/ros_ign_interfaces/ros_ign_interfaces/msg/detail/world_reset__rosidl_typesupport_introspection_c.h
[72.811s] -- Installing: /home/jagdeesh/tracker/install/ros_ign_interfaces/include/ros_ign_interfaces/ros_ign_interfaces/msg/detail/light__type_support.c
[72.811s] -- Installing: /home/jagdeesh/tracker/install/ros_ign_interfaces/include/ros_ign_interfaces/ros_ign_interfaces/msg/detail/entity__type_support.c
[72.811s] -- Installing: /home/jagdeesh/tracker/install/ros_ign_interfaces/include/ros_ign_interfaces/ros_ign_interfaces/msg/detail/track_visual__rosidl_typesupport_introspection_c.h
[72.811s] -- Installing: /home/jagdeesh/tracker/install/ros_ign_interfaces/include/ros_ign_interfaces/ros_ign_interfaces/msg/detail/contact__type_support.c
[72.812s] -- Installing: /home/jagdeesh/tracker/install/ros_ign_interfaces/include/ros_ign_interfaces/ros_ign_interfaces/msg/detail/joint_wrench__rosidl_typesupport_introspection_c.h
[72.812s] -- Installing: /home/jagdeesh/tracker/install/ros_ign_interfaces/lib/libros_ign_interfaces__rosidl_typesupport_introspection_c.so
[72.812s] -- Set runtime path of "/home/jagdeesh/tracker/install/ros_ign_interfaces/lib/libros_ign_interfaces__rosidl_typesupport_introspection_c.so" to ""
[72.812s] -- Installing: /home/jagdeesh/tracker/install/ros_ign_interfaces/lib/libros_ign_interfaces__rosidl_typesupport_c.so
[72.812s] -- Set runtime path of "/home/jagdeesh/tracker/install/ros_ign_interfaces/lib/libros_ign_interfaces__rosidl_typesupport_c.so" to ""
[72.812s] -- Up-to-date: /home/jagdeesh/tracker/install/ros_ign_interfaces/include/ros_ign_interfaces/ros_ign_interfaces
[72.812s] -- Up-to-date: /home/jagdeesh/tracker/install/ros_ign_interfaces/include/ros_ign_interfaces/ros_ign_interfaces/srv
[72.812s] -- Up-to-date: /home/jagdeesh/tracker/install/ros_ign_interfaces/include/ros_ign_interfaces/ros_ign_interfaces/srv/detail
[72.812s] -- Installing: /home/jagdeesh/tracker/install/ros_ign_interfaces/include/ros_ign_interfaces/ros_ign_interfaces/srv/detail/set_entity_pose__type_support.cpp
[72.812s] -- Installing: /home/jagdeesh/tracker/install/ros_ign_interfaces/include/ros_ign_interfaces/ros_ign_interfaces/srv/detail/spawn_entity__type_support.cpp
[72.812s] -- Installing: /home/jagdeesh/tracker/install/ros_ign_interfaces/include/ros_ign_interfaces/ros_ign_interfaces/srv/detail/delete_entity__rosidl_typesupport_introspection_cpp.hpp
[72.812s] -- Installing: /home/jagdeesh/tracker/install/ros_ign_interfaces/include/ros_ign_interfaces/ros_ign_interfaces/srv/detail/control_world__type_support.cpp
[72.813s] -- Installing: /home/jagdeesh/tracker/install/ros_ign_interfaces/include/ros_ign_interfaces/ros_ign_interfaces/srv/detail/delete_entity__type_support.cpp
[72.813s] -- Installing: /home/jagdeesh/tracker/install/ros_ign_interfaces/include/ros_ign_interfaces/ros_ign_interfaces/srv/detail/control_world__rosidl_typesupport_introspection_cpp.hpp
[72.813s] -- Installing: /home/jagdeesh/tracker/install/ros_ign_interfaces/include/ros_ign_interfaces/ros_ign_interfaces/srv/detail/set_entity_pose__rosidl_typesupport_introspection_cpp.hpp
[72.813s] -- Installing: /home/jagdeesh/tracker/install/ros_ign_interfaces/include/ros_ign_interfaces/ros_ign_interfaces/srv/detail/spawn_entity__rosidl_typesupport_introspection_cpp.hpp
[72.813s] -- Up-to-date: /home/jagdeesh/tracker/install/ros_ign_interfaces/include/ros_ign_interfaces/ros_ign_interfaces/msg
[72.813s] -- Up-to-date: /home/jagdeesh/tracker/install/ros_ign_interfaces/include/ros_ign_interfaces/ros_ign_interfaces/msg/detail
[72.813s] -- Installing: /home/jagdeesh/tracker/install/ros_ign_interfaces/include/ros_ign_interfaces/ros_ign_interfaces/msg/detail/gui_camera__rosidl_typesupport_introspection_cpp.hpp
[72.813s] -- Installing: /home/jagdeesh/tracker/install/ros_ign_interfaces/include/ros_ign_interfaces/ros_ign_interfaces/msg/detail/contacts__rosidl_typesupport_introspection_cpp.hpp
[72.813s] -- Installing: /home/jagdeesh/tracker/install/ros_ign_interfaces/include/ros_ign_interfaces/ros_ign_interfaces/msg/detail/string_vec__rosidl_typesupport_introspection_cpp.hpp
[72.813s] -- Installing: /home/jagdeesh/tracker/install/ros_ign_interfaces/include/ros_ign_interfaces/ros_ign_interfaces/msg/detail/video_record__rosidl_typesupport_introspection_cpp.hpp
[72.813s] -- Installing: /home/jagdeesh/tracker/install/ros_ign_interfaces/include/ros_ign_interfaces/ros_ign_interfaces/msg/detail/entity_factory__type_support.cpp
[72.813s] -- Installing: /home/jagdeesh/tracker/install/ros_ign_interfaces/include/ros_ign_interfaces/ros_ign_interfaces/msg/detail/track_visual__type_support.cpp
[72.813s] -- Installing: /home/jagdeesh/tracker/install/ros_ign_interfaces/include/ros_ign_interfaces/ros_ign_interfaces/msg/detail/string_vec__type_support.cpp
[72.813s] -- Installing: /home/jagdeesh/tracker/install/ros_ign_interfaces/include/ros_ign_interfaces/ros_ign_interfaces/msg/detail/contact__rosidl_typesupport_introspection_cpp.hpp
[72.813s] -- Installing: /home/jagdeesh/tracker/install/ros_ign_interfaces/include/ros_ign_interfaces/ros_ign_interfaces/msg/detail/contact__type_support.cpp
[72.813s] -- Installing: /home/jagdeesh/tracker/install/ros_ign_interfaces/include/ros_ign_interfaces/ros_ign_interfaces/msg/detail/entity__rosidl_typesupport_introspection_cpp.hpp
[72.813s] -- Installing: /home/jagdeesh/tracker/install/ros_ign_interfaces/include/ros_ign_interfaces/ros_ign_interfaces/msg/detail/track_visual__rosidl_typesupport_introspection_cpp.hpp
[72.814s] -- Installing: /home/jagdeesh/tracker/install/ros_ign_interfaces/include/ros_ign_interfaces/ros_ign_interfaces/msg/detail/contacts__type_support.cpp
[72.814s] -- Installing: /home/jagdeesh/tracker/install/ros_ign_interfaces/include/ros_ign_interfaces/ros_ign_interfaces/msg/detail/entity__type_support.cpp
[72.814s] -- Installing: /home/jagdeesh/tracker/install/ros_ign_interfaces/include/ros_ign_interfaces/ros_ign_interfaces/msg/detail/entity_factory__rosidl_typesupport_introspection_cpp.hpp
[72.814s] -- Installing: /home/jagdeesh/tracker/install/ros_ign_interfaces/include/ros_ign_interfaces/ros_ign_interfaces/msg/detail/world_control__rosidl_typesupport_introspection_cpp.hpp
[72.814s] -- Installing: /home/jagdeesh/tracker/install/ros_ign_interfaces/include/ros_ign_interfaces/ros_ign_interfaces/msg/detail/gui_camera__type_support.cpp
[72.814s] -- Installing: /home/jagdeesh/tracker/install/ros_ign_interfaces/include/ros_ign_interfaces/ros_ign_interfaces/msg/detail/light__rosidl_typesupport_introspection_cpp.hpp
[72.814s] -- Installing: /home/jagdeesh/tracker/install/ros_ign_interfaces/include/ros_ign_interfaces/ros_ign_interfaces/msg/detail/light__type_support.cpp
[72.814s] -- Installing: /home/jagdeesh/tracker/install/ros_ign_interfaces/include/ros_ign_interfaces/ros_ign_interfaces/msg/detail/joint_wrench__rosidl_typesupport_introspection_cpp.hpp
[72.814s] -- Installing: /home/jagdeesh/tracker/install/ros_ign_interfaces/include/ros_ign_interfaces/ros_ign_interfaces/msg/detail/world_control__type_support.cpp
[72.814s] -- Installing: /home/jagdeesh/tracker/install/ros_ign_interfaces/include/ros_ign_interfaces/ros_ign_interfaces/msg/detail/world_reset__type_support.cpp
[72.814s] -- Installing: /home/jagdeesh/tracker/install/ros_ign_interfaces/include/ros_ign_interfaces/ros_ign_interfaces/msg/detail/joint_wrench__type_support.cpp
[72.814s] -- Installing: /home/jagdeesh/tracker/install/ros_ign_interfaces/include/ros_ign_interfaces/ros_ign_interfaces/msg/detail/video_record__type_support.cpp
[72.814s] -- Installing: /home/jagdeesh/tracker/install/ros_ign_interfaces/include/ros_ign_interfaces/ros_ign_interfaces/msg/detail/world_reset__rosidl_typesupport_introspection_cpp.hpp
[72.814s] -- Installing: /home/jagdeesh/tracker/install/ros_ign_interfaces/lib/libros_ign_interfaces__rosidl_typesupport_introspection_cpp.so
[72.814s] -- Set runtime path of "/home/jagdeesh/tracker/install/ros_ign_interfaces/lib/libros_ign_interfaces__rosidl_typesupport_introspection_cpp.so" to ""
[72.814s] -- Installing: /home/jagdeesh/tracker/install/ros_ign_interfaces/lib/libros_ign_interfaces__rosidl_typesupport_cpp.so
[72.814s] -- Set runtime path of "/home/jagdeesh/tracker/install/ros_ign_interfaces/lib/libros_ign_interfaces__rosidl_typesupport_cpp.so" to ""
[72.814s] -- Installing: /home/jagdeesh/tracker/install/ros_ign_interfaces/share/ros_ign_interfaces/environment/pythonpath.sh
[72.814s] -- Installing: /home/jagdeesh/tracker/install/ros_ign_interfaces/share/ros_ign_interfaces/environment/pythonpath.dsv
[72.814s] -- Installing: /home/jagdeesh/tracker/install/ros_ign_interfaces/local/lib/python3.10/dist-packages/ros_ign_interfaces-0.244.20-py3.10.egg-info
[72.814s] -- Installing: /home/jagdeesh/tracker/install/ros_ign_interfaces/local/lib/python3.10/dist-packages/ros_ign_interfaces-0.244.20-py3.10.egg-info/SOURCES.txt
[72.814s] -- Installing: /home/jagdeesh/tracker/install/ros_ign_interfaces/local/lib/python3.10/dist-packages/ros_ign_interfaces-0.244.20-py3.10.egg-info/dependency_links.txt
[72.814s] -- Installing: /home/jagdeesh/tracker/install/ros_ign_interfaces/local/lib/python3.10/dist-packages/ros_ign_interfaces-0.244.20-py3.10.egg-info/top_level.txt
[72.814s] -- Installing: /home/jagdeesh/tracker/install/ros_ign_interfaces/local/lib/python3.10/dist-packages/ros_ign_interfaces-0.244.20-py3.10.egg-info/PKG-INFO
[72.814s] -- Installing: /home/jagdeesh/tracker/install/ros_ign_interfaces/local/lib/python3.10/dist-packages/ros_ign_interfaces
[72.815s] -- Installing: /home/jagdeesh/tracker/install/ros_ign_interfaces/local/lib/python3.10/dist-packages/ros_ign_interfaces/__init__.py
[72.815s] -- Installing: /home/jagdeesh/tracker/install/ros_ign_interfaces/local/lib/python3.10/dist-packages/ros_ign_interfaces/_ros_ign_interfaces_s.ep.rosidl_typesupport_fastrtps_c.c
[72.815s] -- Installing: /home/jagdeesh/tracker/install/ros_ign_interfaces/local/lib/python3.10/dist-packages/ros_ign_interfaces/ros_ign_interfaces_s__rosidl_typesupport_c.cpython-310-x86_64-linux-gnu.so
[72.815s] -- Installing: /home/jagdeesh/tracker/install/ros_ign_interfaces/local/lib/python3.10/dist-packages/ros_ign_interfaces/libros_ign_interfaces__rosidl_generator_py.so
[72.815s] -- Installing: /home/jagdeesh/tracker/install/ros_ign_interfaces/local/lib/python3.10/dist-packages/ros_ign_interfaces/ros_ign_interfaces_s__rosidl_typesupport_introspection_c.cpython-310-x86_64-linux-gnu.so
[72.815s] -- Installing: /home/jagdeesh/tracker/install/ros_ign_interfaces/local/lib/python3.10/dist-packages/ros_ign_interfaces/_ros_ign_interfaces_s.ep.rosidl_typesupport_c.c
[72.815s] -- Installing: /home/jagdeesh/tracker/install/ros_ign_interfaces/local/lib/python3.10/dist-packages/ros_ign_interfaces/srv
[72.815s] -- Installing: /home/jagdeesh/tracker/install/ros_ign_interfaces/local/lib/python3.10/dist-packages/ros_ign_interfaces/srv/_control_world_s.c
[72.815s] -- Installing: /home/jagdeesh/tracker/install/ros_ign_interfaces/local/lib/python3.10/dist-packages/ros_ign_interfaces/srv/__init__.py
[72.815s] -- Installing: /home/jagdeesh/tracker/install/ros_ign_interfaces/local/lib/python3.10/dist-packages/ros_ign_interfaces/srv/_set_entity_pose.py
[72.815s] -- Installing: /home/jagdeesh/tracker/install/ros_ign_interfaces/local/lib/python3.10/dist-packages/ros_ign_interfaces/srv/_delete_entity_s.c
[72.815s] -- Installing: /home/jagdeesh/tracker/install/ros_ign_interfaces/local/lib/python3.10/dist-packages/ros_ign_interfaces/srv/_control_world.py
[72.815s] -- Installing: /home/jagdeesh/tracker/install/ros_ign_interfaces/local/lib/python3.10/dist-packages/ros_ign_interfaces/srv/_spawn_entity.py
[72.815s] -- Installing: /home/jagdeesh/tracker/install/ros_ign_interfaces/local/lib/python3.10/dist-packages/ros_ign_interfaces/srv/_set_entity_pose_s.c
[72.815s] -- Installing: /home/jagdeesh/tracker/install/ros_ign_interfaces/local/lib/python3.10/dist-packages/ros_ign_interfaces/srv/_spawn_entity_s.c
[72.815s] -- Installing: /home/jagdeesh/tracker/install/ros_ign_interfaces/local/lib/python3.10/dist-packages/ros_ign_interfaces/srv/_delete_entity.py
[72.815s] -- Installing: /home/jagdeesh/tracker/install/ros_ign_interfaces/local/lib/python3.10/dist-packages/ros_ign_interfaces/_ros_ign_interfaces_s.ep.rosidl_typesupport_introspection_c.c
[72.815s] -- Installing: /home/jagdeesh/tracker/install/ros_ign_interfaces/local/lib/python3.10/dist-packages/ros_ign_interfaces/msg
[72.815s] -- Installing: /home/jagdeesh/tracker/install/ros_ign_interfaces/local/lib/python3.10/dist-packages/ros_ign_interfaces/msg/__init__.py
[72.815s] -- Installing: /home/jagdeesh/tracker/install/ros_ign_interfaces/local/lib/python3.10/dist-packages/ros_ign_interfaces/msg/_gui_camera.py
[72.815s] -- Installing: /home/jagdeesh/tracker/install/ros_ign_interfaces/local/lib/python3.10/dist-packages/ros_ign_interfaces/msg/_world_reset_s.c
[72.815s] -- Installing: /home/jagdeesh/tracker/install/ros_ign_interfaces/local/lib/python3.10/dist-packages/ros_ign_interfaces/msg/_entity_s.c
[72.815s] -- Installing: /home/jagdeesh/tracker/install/ros_ign_interfaces/local/lib/python3.10/dist-packages/ros_ign_interfaces/msg/_world_control.py
[72.816s] -- Installing: /home/jagdeesh/tracker/install/ros_ign_interfaces/local/lib/python3.10/dist-packages/ros_ign_interfaces/msg/_joint_wrench.py
[72.816s] -- Installing: /home/jagdeesh/tracker/install/ros_ign_interfaces/local/lib/python3.10/dist-packages/ros_ign_interfaces/msg/_entity_factory.py
[72.816s] -- Installing: /home/jagdeesh/tracker/install/ros_ign_interfaces/local/lib/python3.10/dist-packages/ros_ign_interfaces/msg/_video_record.py
[72.816s] -- Installing: /home/jagdeesh/tracker/install/ros_ign_interfaces/local/lib/python3.10/dist-packages/ros_ign_interfaces/msg/_contact.py
[72.816s] -- Installing: /home/jagdeesh/tracker/install/ros_ign_interfaces/local/lib/python3.10/dist-packages/ros_ign_interfaces/msg/_world_reset.py
[72.816s] -- Installing: /home/jagdeesh/tracker/install/ros_ign_interfaces/local/lib/python3.10/dist-packages/ros_ign_interfaces/msg/_light_s.c
[72.816s] -- Installing: /home/jagdeesh/tracker/install/ros_ign_interfaces/local/lib/python3.10/dist-packages/ros_ign_interfaces/msg/_string_vec.py
[72.816s] -- Installing: /home/jagdeesh/tracker/install/ros_ign_interfaces/local/lib/python3.10/dist-packages/ros_ign_interfaces/msg/_joint_wrench_s.c
[72.816s] -- Installing: /home/jagdeesh/tracker/install/ros_ign_interfaces/local/lib/python3.10/dist-packages/ros_ign_interfaces/msg/_track_visual.py
[72.816s] -- Installing: /home/jagdeesh/tracker/install/ros_ign_interfaces/local/lib/python3.10/dist-packages/ros_ign_interfaces/msg/_gui_camera_s.c
[72.816s] -- Installing: /home/jagdeesh/tracker/install/ros_ign_interfaces/local/lib/python3.10/dist-packages/ros_ign_interfaces/msg/_video_record_s.c
[72.816s] -- Installing: /home/jagdeesh/tracker/install/ros_ign_interfaces/local/lib/python3.10/dist-packages/ros_ign_interfaces/msg/_track_visual_s.c
[72.816s] -- Installing: /home/jagdeesh/tracker/install/ros_ign_interfaces/local/lib/python3.10/dist-packages/ros_ign_interfaces/msg/_entity_factory_s.c
[72.816s] -- Installing: /home/jagdeesh/tracker/install/ros_ign_interfaces/local/lib/python3.10/dist-packages/ros_ign_interfaces/msg/_world_control_s.c
[72.816s] -- Installing: /home/jagdeesh/tracker/install/ros_ign_interfaces/local/lib/python3.10/dist-packages/ros_ign_interfaces/msg/_entity.py
[72.816s] -- Installing: /home/jagdeesh/tracker/install/ros_ign_interfaces/local/lib/python3.10/dist-packages/ros_ign_interfaces/msg/_contact_s.c
[72.816s] -- Installing: /home/jagdeesh/tracker/install/ros_ign_interfaces/local/lib/python3.10/dist-packages/ros_ign_interfaces/msg/_light.py
[72.816s] -- Installing: /home/jagdeesh/tracker/install/ros_ign_interfaces/local/lib/python3.10/dist-packages/ros_ign_interfaces/msg/_contacts_s.c
[72.816s] -- Installing: /home/jagdeesh/tracker/install/ros_ign_interfaces/local/lib/python3.10/dist-packages/ros_ign_interfaces/msg/_contacts.py
[72.816s] -- Installing: /home/jagdeesh/tracker/install/ros_ign_interfaces/local/lib/python3.10/dist-packages/ros_ign_interfaces/msg/_string_vec_s.c
[72.816s] -- Installing: /home/jagdeesh/tracker/install/ros_ign_interfaces/local/lib/python3.10/dist-packages/ros_ign_interfaces/ros_ign_interfaces_s__rosidl_typesupport_fastrtps_c.cpython-310-x86_64-linux-gnu.so
[72.883s] Listing '/home/jagdeesh/tracker/install/ros_ign_interfaces/local/lib/python3.10/dist-packages/ros_ign_interfaces'...
[72.883s] Compiling '/home/jagdeesh/tracker/install/ros_ign_interfaces/local/lib/python3.10/dist-packages/ros_ign_interfaces/__init__.py'...
[72.883s] Listing '/home/jagdeesh/tracker/install/ros_ign_interfaces/local/lib/python3.10/dist-packages/ros_ign_interfaces/msg'...
[72.883s] Compiling '/home/jagdeesh/tracker/install/ros_ign_interfaces/local/lib/python3.10/dist-packages/ros_ign_interfaces/msg/__init__.py'...
[72.883s] Compiling '/home/jagdeesh/tracker/install/ros_ign_interfaces/local/lib/python3.10/dist-packages/ros_ign_interfaces/msg/_contact.py'...
[72.883s] Compiling '/home/jagdeesh/tracker/install/ros_ign_interfaces/local/lib/python3.10/dist-packages/ros_ign_interfaces/msg/_contacts.py'...
[72.883s] Compiling '/home/jagdeesh/tracker/install/ros_ign_interfaces/local/lib/python3.10/dist-packages/ros_ign_interfaces/msg/_entity.py'...
[72.883s] Compiling '/home/jagdeesh/tracker/install/ros_ign_interfaces/local/lib/python3.10/dist-packages/ros_ign_interfaces/msg/_entity_factory.py'...
[72.884s] Compiling '/home/jagdeesh/tracker/install/ros_ign_interfaces/local/lib/python3.10/dist-packages/ros_ign_interfaces/msg/_gui_camera.py'...
[72.884s] Compiling '/home/jagdeesh/tracker/install/ros_ign_interfaces/local/lib/python3.10/dist-packages/ros_ign_interfaces/msg/_joint_wrench.py'...
[72.884s] Compiling '/home/jagdeesh/tracker/install/ros_ign_interfaces/local/lib/python3.10/dist-packages/ros_ign_interfaces/msg/_light.py'...
[72.884s] Compiling '/home/jagdeesh/tracker/install/ros_ign_interfaces/local/lib/python3.10/dist-packages/ros_ign_interfaces/msg/_string_vec.py'...
[72.884s] Compiling '/home/jagdeesh/tracker/install/ros_ign_interfaces/local/lib/python3.10/dist-packages/ros_ign_interfaces/msg/_track_visual.py'...
[72.884s] Compiling '/home/jagdeesh/tracker/install/ros_ign_interfaces/local/lib/python3.10/dist-packages/ros_ign_interfaces/msg/_video_record.py'...
[72.884s] Compiling '/home/jagdeesh/tracker/install/ros_ign_interfaces/local/lib/python3.10/dist-packages/ros_ign_interfaces/msg/_world_control.py'...
[72.884s] Compiling '/home/jagdeesh/tracker/install/ros_ign_interfaces/local/lib/python3.10/dist-packages/ros_ign_interfaces/msg/_world_reset.py'...
[72.884s] Listing '/home/jagdeesh/tracker/install/ros_ign_interfaces/local/lib/python3.10/dist-packages/ros_ign_interfaces/srv'...
[72.884s] Compiling '/home/jagdeesh/tracker/install/ros_ign_interfaces/local/lib/python3.10/dist-packages/ros_ign_interfaces/srv/__init__.py'...
[72.884s] Compiling '/home/jagdeesh/tracker/install/ros_ign_interfaces/local/lib/python3.10/dist-packages/ros_ign_interfaces/srv/_control_world.py'...
[72.884s] Compiling '/home/jagdeesh/tracker/install/ros_ign_interfaces/local/lib/python3.10/dist-packages/ros_ign_interfaces/srv/_delete_entity.py'...
[72.885s] Compiling '/home/jagdeesh/tracker/install/ros_ign_interfaces/local/lib/python3.10/dist-packages/ros_ign_interfaces/srv/_set_entity_pose.py'...
[72.885s] Compiling '/home/jagdeesh/tracker/install/ros_ign_interfaces/local/lib/python3.10/dist-packages/ros_ign_interfaces/srv/_spawn_entity.py'...
[72.888s] -- Installing: /home/jagdeesh/tracker/install/ros_ign_interfaces/local/lib/python3.10/dist-packages/ros_ign_interfaces/ros_ign_interfaces_s__rosidl_typesupport_fastrtps_c.cpython-310-x86_64-linux-gnu.so
[72.888s] -- Set runtime path of "/home/jagdeesh/tracker/install/ros_ign_interfaces/local/lib/python3.10/dist-packages/ros_ign_interfaces/ros_ign_interfaces_s__rosidl_typesupport_fastrtps_c.cpython-310-x86_64-linux-gnu.so" to ""
[72.888s] -- Installing: /home/jagdeesh/tracker/install/ros_ign_interfaces/local/lib/python3.10/dist-packages/ros_ign_interfaces/ros_ign_interfaces_s__rosidl_typesupport_introspection_c.cpython-310-x86_64-linux-gnu.so
[72.889s] -- Set runtime path of "/home/jagdeesh/tracker/install/ros_ign_interfaces/local/lib/python3.10/dist-packages/ros_ign_interfaces/ros_ign_interfaces_s__rosidl_typesupport_introspection_c.cpython-310-x86_64-linux-gnu.so" to ""
[72.889s] -- Installing: /home/jagdeesh/tracker/install/ros_ign_interfaces/local/lib/python3.10/dist-packages/ros_ign_interfaces/ros_ign_interfaces_s__rosidl_typesupport_c.cpython-310-x86_64-linux-gnu.so
[72.889s] -- Set runtime path of "/home/jagdeesh/tracker/install/ros_ign_interfaces/local/lib/python3.10/dist-packages/ros_ign_interfaces/ros_ign_interfaces_s__rosidl_typesupport_c.cpython-310-x86_64-linux-gnu.so" to ""
[72.889s] -- Installing: /home/jagdeesh/tracker/install/ros_ign_interfaces/lib/libros_ign_interfaces__rosidl_generator_py.so
[72.889s] -- Set runtime path of "/home/jagdeesh/tracker/install/ros_ign_interfaces/lib/libros_ign_interfaces__rosidl_generator_py.so" to ""
[72.889s] -- Installing: /home/jagdeesh/tracker/install/ros_ign_interfaces/share/ament_index/resource_index/rust_packages/ros_ign_interfaces
[72.890s] -- Installing: /home/jagdeesh/tracker/install/ros_ign_interfaces/share/ros_ign_interfaces/rust
[72.890s] -- Installing: /home/jagdeesh/tracker/install/ros_ign_interfaces/share/ros_ign_interfaces/rust/src
[72.890s] -- Installing: /home/jagdeesh/tracker/install/ros_ign_interfaces/share/ros_ign_interfaces/rust/src/srv.rs
[72.890s] -- Installing: /home/jagdeesh/tracker/install/ros_ign_interfaces/share/ros_ign_interfaces/rust/src/srv
[72.890s] -- Installing: /home/jagdeesh/tracker/install/ros_ign_interfaces/share/ros_ign_interfaces/rust/src/srv/rmw.rs
[72.890s] -- Installing: /home/jagdeesh/tracker/install/ros_ign_interfaces/share/ros_ign_interfaces/rust/src/lib.rs
[72.890s] -- Installing: /home/jagdeesh/tracker/install/ros_ign_interfaces/share/ros_ign_interfaces/rust/src/msg
[72.890s] -- Installing: /home/jagdeesh/tracker/install/ros_ign_interfaces/share/ros_ign_interfaces/rust/src/msg/rmw.rs
[72.890s] -- Installing: /home/jagdeesh/tracker/install/ros_ign_interfaces/share/ros_ign_interfaces/rust/src/msg.rs
[72.890s] -- Installing: /home/jagdeesh/tracker/install/ros_ign_interfaces/share/ros_ign_interfaces/rust/Cargo.toml
[72.890s] -- Installing: /home/jagdeesh/tracker/install/ros_ign_interfaces/share/ros_ign_interfaces/rust/build.rs
[72.891s] -- Installing: /home/jagdeesh/tracker/install/ros_ign_interfaces/share/ros_ign_interfaces/msg/Contact.idl
[72.891s] -- Installing: /home/jagdeesh/tracker/install/ros_ign_interfaces/share/ros_ign_interfaces/msg/Contacts.idl
[72.891s] -- Installing: /home/jagdeesh/tracker/install/ros_ign_interfaces/share/ros_ign_interfaces/msg/Entity.idl
[72.891s] -- Installing: /home/jagdeesh/tracker/install/ros_ign_interfaces/share/ros_ign_interfaces/msg/EntityFactory.idl
[72.891s] -- Installing: /home/jagdeesh/tracker/install/ros_ign_interfaces/share/ros_ign_interfaces/msg/GuiCamera.idl
[72.891s] -- Installing: /home/jagdeesh/tracker/install/ros_ign_interfaces/share/ros_ign_interfaces/msg/JointWrench.idl
[72.891s] -- Installing: /home/jagdeesh/tracker/install/ros_ign_interfaces/share/ros_ign_interfaces/msg/Light.idl
[72.891s] -- Installing: /home/jagdeesh/tracker/install/ros_ign_interfaces/share/ros_ign_interfaces/msg/StringVec.idl
[72.891s] -- Installing: /home/jagdeesh/tracker/install/ros_ign_interfaces/share/ros_ign_interfaces/msg/TrackVisual.idl
[72.891s] -- Installing: /home/jagdeesh/tracker/install/ros_ign_interfaces/share/ros_ign_interfaces/msg/VideoRecord.idl
[72.892s] -- Installing: /home/jagdeesh/tracker/install/ros_ign_interfaces/share/ros_ign_interfaces/msg/WorldControl.idl
[72.892s] -- Installing: /home/jagdeesh/tracker/install/ros_ign_interfaces/share/ros_ign_interfaces/msg/WorldReset.idl
[72.892s] -- Installing: /home/jagdeesh/tracker/install/ros_ign_interfaces/share/ros_ign_interfaces/srv/ControlWorld.idl
[72.892s] -- Installing: /home/jagdeesh/tracker/install/ros_ign_interfaces/share/ros_ign_interfaces/srv/DeleteEntity.idl
[72.892s] -- Installing: /home/jagdeesh/tracker/install/ros_ign_interfaces/share/ros_ign_interfaces/srv/SetEntityPose.idl
[72.892s] -- Installing: /home/jagdeesh/tracker/install/ros_ign_interfaces/share/ros_ign_interfaces/srv/SpawnEntity.idl
[72.892s] -- Installing: /home/jagdeesh/tracker/install/ros_ign_interfaces/share/ros_ign_interfaces/msg/Contact.msg
[72.892s] -- Installing: /home/jagdeesh/tracker/install/ros_ign_interfaces/share/ros_ign_interfaces/msg/Contacts.msg
[72.892s] -- Installing: /home/jagdeesh/tracker/install/ros_ign_interfaces/share/ros_ign_interfaces/msg/Entity.msg
[72.892s] -- Installing: /home/jagdeesh/tracker/install/ros_ign_interfaces/share/ros_ign_interfaces/msg/EntityFactory.msg
[72.893s] -- Installing: /home/jagdeesh/tracker/install/ros_ign_interfaces/share/ros_ign_interfaces/msg/GuiCamera.msg
[72.893s] -- Installing: /home/jagdeesh/tracker/install/ros_ign_interfaces/share/ros_ign_interfaces/msg/JointWrench.msg
[72.893s] -- Installing: /home/jagdeesh/tracker/install/ros_ign_interfaces/share/ros_ign_interfaces/msg/Light.msg
[72.893s] -- Installing: /home/jagdeesh/tracker/install/ros_ign_interfaces/share/ros_ign_interfaces/msg/StringVec.msg
[72.893s] -- Installing: /home/jagdeesh/tracker/install/ros_ign_interfaces/share/ros_ign_interfaces/msg/TrackVisual.msg
[72.893s] -- Installing: /home/jagdeesh/tracker/install/ros_ign_interfaces/share/ros_ign_interfaces/msg/VideoRecord.msg
[72.893s] -- Installing: /home/jagdeesh/tracker/install/ros_ign_interfaces/share/ros_ign_interfaces/msg/WorldControl.msg
[72.893s] -- Installing: /home/jagdeesh/tracker/install/ros_ign_interfaces/share/ros_ign_interfaces/msg/WorldReset.msg
[72.893s] -- Installing: /home/jagdeesh/tracker/install/ros_ign_interfaces/share/ros_ign_interfaces/srv/ControlWorld.srv
[72.893s] -- Installing: /home/jagdeesh/tracker/install/ros_ign_interfaces/share/ros_ign_interfaces/srv/ControlWorld_Request.msg
[72.894s] -- Installing: /home/jagdeesh/tracker/install/ros_ign_interfaces/share/ros_ign_interfaces/srv/ControlWorld_Response.msg
[72.894s] -- Installing: /home/jagdeesh/tracker/install/ros_ign_interfaces/share/ros_ign_interfaces/srv/DeleteEntity.srv
[72.894s] -- Installing: /home/jagdeesh/tracker/install/ros_ign_interfaces/share/ros_ign_interfaces/srv/DeleteEntity_Request.msg
[72.894s] -- Installing: /home/jagdeesh/tracker/install/ros_ign_interfaces/share/ros_ign_interfaces/srv/DeleteEntity_Response.msg
[72.894s] -- Installing: /home/jagdeesh/tracker/install/ros_ign_interfaces/share/ros_ign_interfaces/srv/SetEntityPose.srv
[72.894s] -- Installing: /home/jagdeesh/tracker/install/ros_ign_interfaces/share/ros_ign_interfaces/srv/SetEntityPose_Request.msg
[72.894s] -- Installing: /home/jagdeesh/tracker/install/ros_ign_interfaces/share/ros_ign_interfaces/srv/SetEntityPose_Response.msg
[72.894s] -- Installing: /home/jagdeesh/tracker/install/ros_ign_interfaces/share/ros_ign_interfaces/srv/SpawnEntity.srv
[72.894s] -- Installing: /home/jagdeesh/tracker/install/ros_ign_interfaces/share/ros_ign_interfaces/srv/SpawnEntity_Request.msg
[72.894s] -- Installing: /home/jagdeesh/tracker/install/ros_ign_interfaces/share/ros_ign_interfaces/srv/SpawnEntity_Response.msg
[72.894s] -- Installing: /home/jagdeesh/tracker/install/ros_ign_interfaces/share/ament_index/resource_index/package_run_dependencies/ros_ign_interfaces
[72.895s] -- Installing: /home/jagdeesh/tracker/install/ros_ign_interfaces/share/ament_index/resource_index/parent_prefix_path/ros_ign_interfaces
[72.895s] -- Installing: /home/jagdeesh/tracker/install/ros_ign_interfaces/share/ros_ign_interfaces/environment/ament_prefix_path.sh
[72.895s] -- Installing: /home/jagdeesh/tracker/install/ros_ign_interfaces/share/ros_ign_interfaces/environment/ament_prefix_path.dsv
[72.895s] -- Installing: /home/jagdeesh/tracker/install/ros_ign_interfaces/share/ros_ign_interfaces/environment/path.sh
[72.895s] -- Installing: /home/jagdeesh/tracker/install/ros_ign_interfaces/share/ros_ign_interfaces/environment/path.dsv
[72.895s] -- Installing: /home/jagdeesh/tracker/install/ros_ign_interfaces/share/ros_ign_interfaces/local_setup.bash
[72.895s] -- Installing: /home/jagdeesh/tracker/install/ros_ign_interfaces/share/ros_ign_interfaces/local_setup.sh
[72.895s] -- Installing: /home/jagdeesh/tracker/install/ros_ign_interfaces/share/ros_ign_interfaces/local_setup.zsh
[72.895s] -- Installing: /home/jagdeesh/tracker/install/ros_ign_interfaces/share/ros_ign_interfaces/local_setup.dsv
[72.895s] -- Installing: /home/jagdeesh/tracker/install/ros_ign_interfaces/share/ros_ign_interfaces/package.dsv
[72.895s] -- Installing: /home/jagdeesh/tracker/install/ros_ign_interfaces/share/ament_index/resource_index/packages/ros_ign_interfaces
[72.896s] -- Installing: /home/jagdeesh/tracker/install/ros_ign_interfaces/share/ros_ign_interfaces/cmake/export_ros_ign_interfaces__rosidl_generator_cExport.cmake
[72.896s] -- Installing: /home/jagdeesh/tracker/install/ros_ign_interfaces/share/ros_ign_interfaces/cmake/export_ros_ign_interfaces__rosidl_generator_cExport-release.cmake
[72.896s] -- Installing: /home/jagdeesh/tracker/install/ros_ign_interfaces/share/ros_ign_interfaces/cmake/export_ros_ign_interfaces__rosidl_typesupport_fastrtps_cExport.cmake
[72.896s] -- Installing: /home/jagdeesh/tracker/install/ros_ign_interfaces/share/ros_ign_interfaces/cmake/export_ros_ign_interfaces__rosidl_typesupport_fastrtps_cExport-release.cmake
[72.896s] -- Installing: /home/jagdeesh/tracker/install/ros_ign_interfaces/share/ros_ign_interfaces/cmake/export_ros_ign_interfaces__rosidl_generator_cppExport.cmake
[72.896s] -- Installing: /home/jagdeesh/tracker/install/ros_ign_interfaces/share/ros_ign_interfaces/cmake/export_ros_ign_interfaces__rosidl_typesupport_fastrtps_cppExport.cmake
[72.896s] -- Installing: /home/jagdeesh/tracker/install/ros_ign_interfaces/share/ros_ign_interfaces/cmake/export_ros_ign_interfaces__rosidl_typesupport_fastrtps_cppExport-release.cmake
[72.896s] -- Installing: /home/jagdeesh/tracker/install/ros_ign_interfaces/share/ros_ign_interfaces/cmake/ros_ign_interfaces__rosidl_typesupport_introspection_cExport.cmake
[72.896s] -- Installing: /home/jagdeesh/tracker/install/ros_ign_interfaces/share/ros_ign_interfaces/cmake/ros_ign_interfaces__rosidl_typesupport_introspection_cExport-release.cmake
[72.896s] -- Installing: /home/jagdeesh/tracker/install/ros_ign_interfaces/share/ros_ign_interfaces/cmake/ros_ign_interfaces__rosidl_typesupport_cExport.cmake
[72.897s] -- Installing: /home/jagdeesh/tracker/install/ros_ign_interfaces/share/ros_ign_interfaces/cmake/ros_ign_interfaces__rosidl_typesupport_cExport-release.cmake
[72.897s] -- Installing: /home/jagdeesh/tracker/install/ros_ign_interfaces/share/ros_ign_interfaces/cmake/ros_ign_interfaces__rosidl_typesupport_introspection_cppExport.cmake
[72.897s] -- Installing: /home/jagdeesh/tracker/install/ros_ign_interfaces/share/ros_ign_interfaces/cmake/ros_ign_interfaces__rosidl_typesupport_introspection_cppExport-release.cmake
[72.897s] -- Installing: /home/jagdeesh/tracker/install/ros_ign_interfaces/share/ros_ign_interfaces/cmake/ros_ign_interfaces__rosidl_typesupport_cppExport.cmake
[72.897s] -- Installing: /home/jagdeesh/tracker/install/ros_ign_interfaces/share/ros_ign_interfaces/cmake/ros_ign_interfaces__rosidl_typesupport_cppExport-release.cmake
[72.897s] -- Installing: /home/jagdeesh/tracker/install/ros_ign_interfaces/share/ros_ign_interfaces/cmake/export_ros_ign_interfaces__rosidl_generator_pyExport.cmake
[72.897s] -- Installing: /home/jagdeesh/tracker/install/ros_ign_interfaces/share/ros_ign_interfaces/cmake/export_ros_ign_interfaces__rosidl_generator_pyExport-release.cmake
[72.897s] -- Installing: /home/jagdeesh/tracker/install/ros_ign_interfaces/share/ros_ign_interfaces/cmake/rosidl_cmake-extras.cmake
[72.897s] -- Installing: /home/jagdeesh/tracker/install/ros_ign_interfaces/share/ros_ign_interfaces/cmake/ament_cmake_export_dependencies-extras.cmake
[72.898s] -- Installing: /home/jagdeesh/tracker/install/ros_ign_interfaces/share/ros_ign_interfaces/cmake/ament_cmake_export_include_directories-extras.cmake
[72.898s] -- Installing: /home/jagdeesh/tracker/install/ros_ign_interfaces/share/ros_ign_interfaces/cmake/ament_cmake_export_libraries-extras.cmake
[72.898s] -- Installing: /home/jagdeesh/tracker/install/ros_ign_interfaces/share/ros_ign_interfaces/cmake/ament_cmake_export_targets-extras.cmake
[72.898s] -- Installing: /home/jagdeesh/tracker/install/ros_ign_interfaces/share/ros_ign_interfaces/cmake/rosidl_cmake_export_typesupport_targets-extras.cmake
[72.898s] -- Installing: /home/jagdeesh/tracker/install/ros_ign_interfaces/share/ros_ign_interfaces/cmake/rosidl_cmake_export_typesupport_libraries-extras.cmake
[72.898s] -- Installing: /home/jagdeesh/tracker/install/ros_ign_interfaces/share/ros_ign_interfaces/cmake/ros_ign_interfacesConfig.cmake
[72.898s] -- Installing: /home/jagdeesh/tracker/install/ros_ign_interfaces/share/ros_ign_interfaces/cmake/ros_ign_interfacesConfig-version.cmake
[72.898s] -- Installing: /home/jagdeesh/tracker/install/ros_ign_interfaces/share/ros_ign_interfaces/package.xml
[72.900s] Invoked command in '/home/jagdeesh/tracker/build/ros_ign_interfaces' returned '0': AMENT_PREFIX_PATH=/home/jagdeesh/tracker/install/ros_gz_interfaces:${AMENT_PREFIX_PATH} CMAKE_PREFIX_PATH=/home/jagdeesh/tracker/install/ros_gz_interfaces:/opt/ros/humble LD_LIBRARY_PATH=/home/jagdeesh/tracker/install/ros_gz_interfaces/lib:${LD_LIBRARY_PATH} PYTHONPATH=/home/jagdeesh/tracker/install/ros_gz_interfaces/local/lib/python3.10/dist-packages:${PYTHONPATH} /usr/bin/cmake --install /home/jagdeesh/tracker/build/ros_ign_interfaces
