[0.007s] Invoking command in '/home/jagdeesh/tracker/build/ros_gz_interfaces': CMAKE_PREFIX_PATH=/opt/ros/humble /usr/bin/cmake /home/jagdeesh/tracker/src/ros_gz/ros_gz_interfaces -DCMAKE_BUILD_TYPE=Release -DCMAKE_INSTALL_PREFIX=/home/jagdeesh/tracker/install/ros_gz_interfaces
[0.016s] -- Found ament_cmake: 1.3.14 (/opt/ros/humble/share/ament_cmake/cmake)
[0.141s] -- Found Python3: /usr/bin/python3 (found version "3.10.12") found components: Interpreter 
[0.214s] -- Found builtin_interfaces: 1.2.2 (/opt/ros/humble/share/builtin_interfaces/cmake)
[0.243s] -- Found rosidl_generator_c: 3.1.8 (/opt/ros/humble/share/rosidl_generator_c/cmake)
[0.248s] -- Found rosidl_adapter: 3.1.8 (/opt/ros/humble/share/rosidl_adapter/cmake)
[0.255s] -- Found rosidl_generator_cpp: 3.1.8 (/opt/ros/humble/share/rosidl_generator_cpp/cmake)
[0.263s] -- Using all available rosidl_typesupport_c: rosidl_typesupport_fastrtps_c;rosidl_typesupport_introspection_c
[0.275s] -- Using all available rosidl_typesupport_cpp: rosidl_typesupport_fastrtps_cpp;rosidl_typesupport_introspection_cpp
[0.285s] -- Found rcl_interfaces: 1.2.2 (/opt/ros/humble/share/rcl_interfaces/cmake)
[0.295s] -- Found std_msgs: 4.9.1 (/opt/ros/humble/share/std_msgs/cmake)
[0.304s] -- Found geometry_msgs: 4.9.1 (/opt/ros/humble/share/geometry_msgs/cmake)
[0.315s] -- Found rosidl_default_generators: 1.2.1 (/opt/ros/humble/share/rosidl_default_generators/cmake)
[0.657s] -- Found ament_cmake_cppcheck: 0.12.15 (/opt/ros/humble/share/ament_cmake_cppcheck/cmake)
[0.659s] -- Found ament_cmake_cpplint: 0.12.15 (/opt/ros/humble/share/ament_cmake_cpplint/cmake)
[0.660s] -- Found ament_cmake_uncrustify: 0.12.15 (/opt/ros/humble/share/ament_cmake_uncrustify/cmake)
[0.662s] -- Found ament_cmake_ros: 0.10.0 (/opt/ros/humble/share/ament_cmake_ros/cmake)
[1.033s] -- Using all available rosidl_typesupport_c: rosidl_typesupport_fastrtps_c;rosidl_typesupport_introspection_c
[1.184s] -- Using all available rosidl_typesupport_cpp: rosidl_typesupport_fastrtps_cpp;rosidl_typesupport_introspection_cpp
[1.207s] -- Found PythonInterp: /usr/bin/python3 (found suitable version "3.10.12", minimum required is "3.6") 
[1.208s] -- Found python_cmake_module: 0.10.0 (/opt/ros/humble/share/python_cmake_module/cmake)
[1.230s] -- Found PythonLibs: /usr/lib/x86_64-linux-gnu/libpython3.10.so (found suitable version "3.10.12", minimum required is "3.5") 
[1.230s] -- Using PYTHON_EXECUTABLE: /usr/bin/python3
[1.230s] -- Using PYTHON_INCLUDE_DIRS: /usr/include/python3.10
[1.230s] -- Using PYTHON_LIBRARIES: /usr/lib/x86_64-linux-gnu/libpython3.10.so
[1.248s] -- Found PythonExtra: .so  
[1.310s] -- Found ament_cmake_flake8: 0.12.15 (/opt/ros/humble/share/ament_cmake_flake8/cmake)
[1.312s] -- Found ament_cmake_pep257: 0.12.15 (/opt/ros/humble/share/ament_cmake_pep257/cmake)
[1.399s] -- Configuring done
[1.454s] -- Generating done
[1.466s] -- Build files have been written to: /home/jagdeesh/tracker/build/ros_gz_interfaces
[1.474s] Invoked command in '/home/jagdeesh/tracker/build/ros_gz_interfaces' returned '0': CMAKE_PREFIX_PATH=/opt/ros/humble /usr/bin/cmake /home/jagdeesh/tracker/src/ros_gz/ros_gz_interfaces -DCMAKE_BUILD_TYPE=Release -DCMAKE_INSTALL_PREFIX=/home/jagdeesh/tracker/install/ros_gz_interfaces
[1.477s] Invoking command in '/home/jagdeesh/tracker/build/ros_gz_interfaces': CMAKE_PREFIX_PATH=/opt/ros/humble /usr/bin/cmake --build /home/jagdeesh/tracker/build/ros_gz_interfaces -- -j12 -l12
[1.492s] gmake[1]: Entering directory '/home/jagdeesh/tracker/build/ros_gz_interfaces'
[1.509s] gmake[2]: Entering directory '/home/jagdeesh/tracker/build/ros_gz_interfaces'
[1.510s] gmake[3]: Entering directory '/home/jagdeesh/tracker/build/ros_gz_interfaces'
[1.510s] gmake[3]: Entering directory '/home/jagdeesh/tracker/build/ros_gz_interfaces'
[1.512s] gmake[3]: Entering directory '/home/jagdeesh/tracker/build/ros_gz_interfaces'
[1.512s] gmake[3]: Entering directory '/home/jagdeesh/tracker/build/ros_gz_interfaces'
[1.516s] gmake[3]: Leaving directory '/home/jagdeesh/tracker/build/ros_gz_interfaces'
[1.518s] gmake[3]: Entering directory '/home/jagdeesh/tracker/build/ros_gz_interfaces'
[1.519s] gmake[3]: Leaving directory '/home/jagdeesh/tracker/build/ros_gz_interfaces'
[1.519s] [  1%] [34m[1mGenerating C code for ROS interfaces[0m
[1.520s] gmake[3]: Entering directory '/home/jagdeesh/tracker/build/ros_gz_interfaces'
[1.521s] gmake[3]: Leaving directory '/home/jagdeesh/tracker/build/ros_gz_interfaces'
[1.523s] gmake[3]: Entering directory '/home/jagdeesh/tracker/build/ros_gz_interfaces'
[1.525s] [  2%] [34m[1mGenerating Rust code for ROS interfaces[0m
[1.525s] gmake[3]: Leaving directory '/home/jagdeesh/tracker/build/ros_gz_interfaces'
[1.530s] [  2%] Built target ament_cmake_python_copy_ros_gz_interfaces
[1.530s] [  2%] [34m[1mGenerating C++ code for ROS interfaces[0m
[1.532s] gmake[3]: Entering directory '/home/jagdeesh/tracker/build/ros_gz_interfaces'
[1.541s] gmake[3]: Leaving directory '/home/jagdeesh/tracker/build/ros_gz_interfaces'
[1.543s] gmake[3]: Entering directory '/home/jagdeesh/tracker/build/ros_gz_interfaces'
[1.766s] running egg_info
[1.767s] creating ros_gz_interfaces.egg-info
[1.767s] writing ros_gz_interfaces.egg-info/PKG-INFO
[1.768s] writing dependency_links to ros_gz_interfaces.egg-info/dependency_links.txt
[1.768s] writing top-level names to ros_gz_interfaces.egg-info/top_level.txt
[1.768s] writing manifest file 'ros_gz_interfaces.egg-info/SOURCES.txt'
[1.770s] reading manifest file 'ros_gz_interfaces.egg-info/SOURCES.txt'
[1.771s] writing manifest file 'ros_gz_interfaces.egg-info/SOURCES.txt'
[1.789s] gmake[3]: Leaving directory '/home/jagdeesh/tracker/build/ros_gz_interfaces'
[1.798s] [  2%] Built target ament_cmake_python_build_ros_gz_interfaces_egg
[3.186s] gmake[3]: Leaving directory '/home/jagdeesh/tracker/build/ros_gz_interfaces'
[3.195s] [  2%] Built target ros_gz_interfaces__rs
[3.788s] gmake[3]: Leaving directory '/home/jagdeesh/tracker/build/ros_gz_interfaces'
[3.795s] [  2%] Built target ros_gz_interfaces__cpp
[3.799s] gmake[3]: Entering directory '/home/jagdeesh/tracker/build/ros_gz_interfaces'
[3.799s] gmake[3]: Entering directory '/home/jagdeesh/tracker/build/ros_gz_interfaces'
[3.800s] gmake[3]: Entering directory '/home/jagdeesh/tracker/build/ros_gz_interfaces'
[3.810s] [  2%] [34m[1mGenerating C++ type support dispatch for ROS interfaces[0m
[3.810s] [  2%] [34m[1mGenerating C++ type support for eProsima Fast-RTPS[0m
[3.810s] [  2%] [34m[1mGenerating C++ introspection for ROS interfaces[0m
[5.127s] gmake[3]: Leaving directory '/home/jagdeesh/tracker/build/ros_gz_interfaces'
[5.131s] gmake[3]: Entering directory '/home/jagdeesh/tracker/build/ros_gz_interfaces'
[5.142s] [  2%] [32mBuilding C object CMakeFiles/ros_gz_interfaces__rosidl_generator_c.dir/rosidl_generator_c/ros_gz_interfaces/msg/detail/altimeter__functions.c.o[0m
[5.144s] [  2%] [32mBuilding C object CMakeFiles/ros_gz_interfaces__rosidl_generator_c.dir/rosidl_generator_c/ros_gz_interfaces/msg/detail/contacts__functions.c.o[0m
[5.145s] [  2%] [32mBuilding C object CMakeFiles/ros_gz_interfaces__rosidl_generator_c.dir/rosidl_generator_c/ros_gz_interfaces/msg/detail/entity_wrench__functions.c.o[0m
[5.145s] [  3%] [32mBuilding C object CMakeFiles/ros_gz_interfaces__rosidl_generator_c.dir/rosidl_generator_c/ros_gz_interfaces/msg/detail/entity__functions.c.o[0m
[5.149s] [  4%] [32mBuilding C object CMakeFiles/ros_gz_interfaces__rosidl_generator_c.dir/rosidl_generator_c/ros_gz_interfaces/msg/detail/dataframe__functions.c.o[0m
[5.149s] [  3%] [32mBuilding C object CMakeFiles/ros_gz_interfaces__rosidl_generator_c.dir/rosidl_generator_c/ros_gz_interfaces/msg/detail/contact__functions.c.o[0m
[5.153s] [  5%] [32mBuilding C object CMakeFiles/ros_gz_interfaces__rosidl_generator_c.dir/rosidl_generator_c/ros_gz_interfaces/msg/detail/entity_factory__functions.c.o[0m
[5.154s] [  6%] [32mBuilding C object CMakeFiles/ros_gz_interfaces__rosidl_generator_c.dir/rosidl_generator_c/ros_gz_interfaces/msg/detail/float32_array__functions.c.o[0m
[5.162s] [  6%] [32mBuilding C object CMakeFiles/ros_gz_interfaces__rosidl_generator_c.dir/rosidl_generator_c/ros_gz_interfaces/msg/detail/gui_camera__functions.c.o[0m
[5.397s] [  6%] [32mBuilding C object CMakeFiles/ros_gz_interfaces__rosidl_generator_c.dir/rosidl_generator_c/ros_gz_interfaces/msg/detail/light__functions.c.o[0m
[5.398s] [  7%] [32mBuilding C object CMakeFiles/ros_gz_interfaces__rosidl_generator_c.dir/rosidl_generator_c/ros_gz_interfaces/msg/detail/joint_wrench__functions.c.o[0m
[5.417s] [  7%] [32mBuilding C object CMakeFiles/ros_gz_interfaces__rosidl_generator_c.dir/rosidl_generator_c/ros_gz_interfaces/msg/detail/param_vec__functions.c.o[0m
[5.419s] [  8%] [32mBuilding C object CMakeFiles/ros_gz_interfaces__rosidl_generator_c.dir/rosidl_generator_c/ros_gz_interfaces/msg/detail/material_color__functions.c.o[0m
[5.430s] [  8%] [32mBuilding C object CMakeFiles/ros_gz_interfaces__rosidl_generator_c.dir/rosidl_generator_c/ros_gz_interfaces/msg/detail/string_vec__functions.c.o[0m
[5.434s] [  9%] [32mBuilding C object CMakeFiles/ros_gz_interfaces__rosidl_generator_c.dir/rosidl_generator_c/ros_gz_interfaces/msg/detail/sensor_noise__functions.c.o[0m
[5.448s] [ 10%] [32mBuilding C object CMakeFiles/ros_gz_interfaces__rosidl_generator_c.dir/rosidl_generator_c/ros_gz_interfaces/msg/detail/track_visual__functions.c.o[0m
[5.448s] [ 10%] [32mBuilding C object CMakeFiles/ros_gz_interfaces__rosidl_generator_c.dir/rosidl_generator_c/ros_gz_interfaces/msg/detail/video_record__functions.c.o[0m
[5.453s] [ 11%] [32mBuilding C object CMakeFiles/ros_gz_interfaces__rosidl_generator_c.dir/rosidl_generator_c/ros_gz_interfaces/msg/detail/world_control__functions.c.o[0m
[5.621s] [ 11%] [32mBuilding C object CMakeFiles/ros_gz_interfaces__rosidl_generator_c.dir/rosidl_generator_c/ros_gz_interfaces/msg/detail/world_reset__functions.c.o[0m
[5.628s] [ 12%] [32mBuilding C object CMakeFiles/ros_gz_interfaces__rosidl_generator_c.dir/rosidl_generator_c/ros_gz_interfaces/srv/detail/control_world__functions.c.o[0m
[5.643s] [ 12%] [32mBuilding C object CMakeFiles/ros_gz_interfaces__rosidl_generator_c.dir/rosidl_generator_c/ros_gz_interfaces/srv/detail/delete_entity__functions.c.o[0m
[5.647s] [ 13%] [32mBuilding C object CMakeFiles/ros_gz_interfaces__rosidl_generator_c.dir/rosidl_generator_c/ros_gz_interfaces/srv/detail/set_entity_pose__functions.c.o[0m
[5.711s] [ 13%] [32mBuilding C object CMakeFiles/ros_gz_interfaces__rosidl_generator_c.dir/rosidl_generator_c/ros_gz_interfaces/srv/detail/spawn_entity__functions.c.o[0m
[5.936s] [ 13%] [32m[1mLinking C shared library libros_gz_interfaces__rosidl_generator_c.so[0m
[5.977s] gmake[3]: Leaving directory '/home/jagdeesh/tracker/build/ros_gz_interfaces'
[5.985s] [ 13%] Built target ros_gz_interfaces__rosidl_generator_c
[5.990s] gmake[3]: Entering directory '/home/jagdeesh/tracker/build/ros_gz_interfaces'
[5.990s] gmake[3]: Entering directory '/home/jagdeesh/tracker/build/ros_gz_interfaces'
[5.990s] gmake[3]: Entering directory '/home/jagdeesh/tracker/build/ros_gz_interfaces'
[5.999s] [ 15%] [34m[1mGenerating C type support for eProsima Fast-RTPS[0m
[5.999s] [ 15%] [34m[1mGenerating C type support dispatch for ROS interfaces[0m
[5.999s] [ 16%] [34m[1mGenerating C introspection for ROS interfaces[0m
[6.677s] gmake[3]: Leaving directory '/home/jagdeesh/tracker/build/ros_gz_interfaces'
[6.681s] gmake[3]: Entering directory '/home/jagdeesh/tracker/build/ros_gz_interfaces'
[6.694s] [ 17%] [32mBuilding CXX object CMakeFiles/ros_gz_interfaces__rosidl_typesupport_cpp.dir/rosidl_typesupport_cpp/ros_gz_interfaces/msg/contact__type_support.cpp.o[0m
[6.696s] [ 17%] [32mBuilding CXX object CMakeFiles/ros_gz_interfaces__rosidl_typesupport_cpp.dir/rosidl_typesupport_cpp/ros_gz_interfaces/msg/altimeter__type_support.cpp.o[0m
[6.705s] [ 18%] [32mBuilding CXX object CMakeFiles/ros_gz_interfaces__rosidl_typesupport_cpp.dir/rosidl_typesupport_cpp/ros_gz_interfaces/msg/entity__type_support.cpp.o[0m
[6.710s] [ 20%] [32mBuilding CXX object CMakeFiles/ros_gz_interfaces__rosidl_typesupport_cpp.dir/rosidl_typesupport_cpp/ros_gz_interfaces/msg/entity_wrench__type_support.cpp.o[0m
[6.715s] [ 20%] [32mBuilding CXX object CMakeFiles/ros_gz_interfaces__rosidl_typesupport_cpp.dir/rosidl_typesupport_cpp/ros_gz_interfaces/msg/entity_factory__type_support.cpp.o[0m
[6.716s] [ 20%] [32mBuilding CXX object CMakeFiles/ros_gz_interfaces__rosidl_typesupport_cpp.dir/rosidl_typesupport_cpp/ros_gz_interfaces/msg/contacts__type_support.cpp.o[0m
[6.716s] [ 20%] [32mBuilding CXX object CMakeFiles/ros_gz_interfaces__rosidl_typesupport_cpp.dir/rosidl_typesupport_cpp/ros_gz_interfaces/msg/dataframe__type_support.cpp.o[0m
[7.492s] [ 20%] [32mBuilding CXX object CMakeFiles/ros_gz_interfaces__rosidl_typesupport_cpp.dir/rosidl_typesupport_cpp/ros_gz_interfaces/msg/float32_array__type_support.cpp.o[0m
[7.499s] [ 21%] [32mBuilding CXX object CMakeFiles/ros_gz_interfaces__rosidl_typesupport_cpp.dir/rosidl_typesupport_cpp/ros_gz_interfaces/msg/gui_camera__type_support.cpp.o[0m
[7.558s] [ 21%] [32mBuilding CXX object CMakeFiles/ros_gz_interfaces__rosidl_typesupport_cpp.dir/rosidl_typesupport_cpp/ros_gz_interfaces/msg/joint_wrench__type_support.cpp.o[0m
[7.566s] [ 22%] [32mBuilding CXX object CMakeFiles/ros_gz_interfaces__rosidl_typesupport_cpp.dir/rosidl_typesupport_cpp/ros_gz_interfaces/msg/light__type_support.cpp.o[0m
[7.570s] [ 22%] [32mBuilding CXX object CMakeFiles/ros_gz_interfaces__rosidl_typesupport_cpp.dir/rosidl_typesupport_cpp/ros_gz_interfaces/msg/material_color__type_support.cpp.o[0m
[7.711s] [ 23%] [32mBuilding CXX object CMakeFiles/ros_gz_interfaces__rosidl_typesupport_cpp.dir/rosidl_typesupport_cpp/ros_gz_interfaces/msg/param_vec__type_support.cpp.o[0m
[7.760s] [ 23%] [32mBuilding CXX object CMakeFiles/ros_gz_interfaces__rosidl_typesupport_cpp.dir/rosidl_typesupport_cpp/ros_gz_interfaces/msg/sensor_noise__type_support.cpp.o[0m
[8.056s] gmake[3]: Leaving directory '/home/jagdeesh/tracker/build/ros_gz_interfaces'
[8.061s] gmake[3]: Entering directory '/home/jagdeesh/tracker/build/ros_gz_interfaces'
[8.081s] [ 24%] [32mBuilding CXX object CMakeFiles/ros_gz_interfaces__rosidl_typesupport_introspection_cpp.dir/rosidl_typesupport_introspection_cpp/ros_gz_interfaces/msg/detail/altimeter__type_support.cpp.o[0m
[8.193s] [ 25%] [32mBuilding CXX object CMakeFiles/ros_gz_interfaces__rosidl_typesupport_cpp.dir/rosidl_typesupport_cpp/ros_gz_interfaces/msg/string_vec__type_support.cpp.o[0m
[8.296s] gmake[3]: Leaving directory '/home/jagdeesh/tracker/build/ros_gz_interfaces'
[8.306s] gmake[3]: Entering directory '/home/jagdeesh/tracker/build/ros_gz_interfaces'
[8.327s] [ 26%] [32mBuilding CXX object CMakeFiles/ros_gz_interfaces__rosidl_typesupport_fastrtps_cpp.dir/rosidl_typesupport_fastrtps_cpp/ros_gz_interfaces/msg/detail/dds_fastrtps/altimeter__type_support.cpp.o[0m
[8.346s] [ 26%] [32mBuilding CXX object CMakeFiles/ros_gz_interfaces__rosidl_typesupport_introspection_cpp.dir/rosidl_typesupport_introspection_cpp/ros_gz_interfaces/msg/detail/contact__type_support.cpp.o[0m
[8.380s] [ 26%] [32mBuilding CXX object CMakeFiles/ros_gz_interfaces__rosidl_typesupport_fastrtps_cpp.dir/rosidl_typesupport_fastrtps_cpp/ros_gz_interfaces/msg/detail/dds_fastrtps/contact__type_support.cpp.o[0m
[8.380s] [ 27%] [32mBuilding CXX object CMakeFiles/ros_gz_interfaces__rosidl_typesupport_fastrtps_cpp.dir/rosidl_typesupport_fastrtps_cpp/ros_gz_interfaces/msg/detail/dds_fastrtps/contacts__type_support.cpp.o[0m
[8.406s] [ 27%] [32mBuilding CXX object CMakeFiles/ros_gz_interfaces__rosidl_typesupport_cpp.dir/rosidl_typesupport_cpp/ros_gz_interfaces/msg/track_visual__type_support.cpp.o[0m
[8.598s] [ 27%] [32mBuilding CXX object CMakeFiles/ros_gz_interfaces__rosidl_typesupport_fastrtps_cpp.dir/rosidl_typesupport_fastrtps_cpp/ros_gz_interfaces/msg/detail/dds_fastrtps/dataframe__type_support.cpp.o[0m
[8.636s] [ 28%] [32mBuilding CXX object CMakeFiles/ros_gz_interfaces__rosidl_typesupport_introspection_cpp.dir/rosidl_typesupport_introspection_cpp/ros_gz_interfaces/msg/detail/contacts__type_support.cpp.o[0m
[8.983s] [ 28%] [32mBuilding CXX object CMakeFiles/ros_gz_interfaces__rosidl_typesupport_introspection_cpp.dir/rosidl_typesupport_introspection_cpp/ros_gz_interfaces/msg/detail/dataframe__type_support.cpp.o[0m
[9.305s] [ 29%] [32mBuilding CXX object CMakeFiles/ros_gz_interfaces__rosidl_typesupport_cpp.dir/rosidl_typesupport_cpp/ros_gz_interfaces/msg/video_record__type_support.cpp.o[0m
[9.357s] [ 29%] [32mBuilding CXX object CMakeFiles/ros_gz_interfaces__rosidl_typesupport_cpp.dir/rosidl_typesupport_cpp/ros_gz_interfaces/msg/world_control__type_support.cpp.o[0m
[9.449s] [ 30%] [32mBuilding CXX object CMakeFiles/ros_gz_interfaces__rosidl_typesupport_cpp.dir/rosidl_typesupport_cpp/ros_gz_interfaces/msg/world_reset__type_support.cpp.o[0m
[9.776s] [ 30%] [32mBuilding CXX object CMakeFiles/ros_gz_interfaces__rosidl_typesupport_cpp.dir/rosidl_typesupport_cpp/ros_gz_interfaces/srv/control_world__type_support.cpp.o[0m
[9.973s] [ 31%] [32mBuilding CXX object CMakeFiles/ros_gz_interfaces__rosidl_typesupport_cpp.dir/rosidl_typesupport_cpp/ros_gz_interfaces/srv/delete_entity__type_support.cpp.o[0m
[10.052s] [ 32%] [32mBuilding CXX object CMakeFiles/ros_gz_interfaces__rosidl_typesupport_fastrtps_cpp.dir/rosidl_typesupport_fastrtps_cpp/ros_gz_interfaces/msg/detail/dds_fastrtps/entity__type_support.cpp.o[0m
[10.114s] [ 32%] [32mBuilding CXX object CMakeFiles/ros_gz_interfaces__rosidl_typesupport_fastrtps_cpp.dir/rosidl_typesupport_fastrtps_cpp/ros_gz_interfaces/msg/detail/dds_fastrtps/entity_factory__type_support.cpp.o[0m
[10.215s] [ 33%] [32mBuilding CXX object CMakeFiles/ros_gz_interfaces__rosidl_typesupport_introspection_cpp.dir/rosidl_typesupport_introspection_cpp/ros_gz_interfaces/msg/detail/entity__type_support.cpp.o[0m
[10.342s] [ 34%] [32mBuilding CXX object CMakeFiles/ros_gz_interfaces__rosidl_typesupport_fastrtps_cpp.dir/rosidl_typesupport_fastrtps_cpp/ros_gz_interfaces/msg/detail/dds_fastrtps/entity_wrench__type_support.cpp.o[0m
[10.432s] [ 34%] [32mBuilding CXX object CMakeFiles/ros_gz_interfaces__rosidl_typesupport_fastrtps_cpp.dir/rosidl_typesupport_fastrtps_cpp/ros_gz_interfaces/msg/detail/dds_fastrtps/float32_array__type_support.cpp.o[0m
[10.512s] [ 34%] [32mBuilding CXX object CMakeFiles/ros_gz_interfaces__rosidl_typesupport_introspection_cpp.dir/rosidl_typesupport_introspection_cpp/ros_gz_interfaces/msg/detail/entity_factory__type_support.cpp.o[0m
[10.556s] [ 34%] [32mBuilding CXX object CMakeFiles/ros_gz_interfaces__rosidl_typesupport_cpp.dir/rosidl_typesupport_cpp/ros_gz_interfaces/srv/set_entity_pose__type_support.cpp.o[0m
[10.875s] [ 35%] [32mBuilding CXX object CMakeFiles/ros_gz_interfaces__rosidl_typesupport_cpp.dir/rosidl_typesupport_cpp/ros_gz_interfaces/srv/spawn_entity__type_support.cpp.o[0m
[10.915s] [ 36%] [32mBuilding CXX object CMakeFiles/ros_gz_interfaces__rosidl_typesupport_introspection_cpp.dir/rosidl_typesupport_introspection_cpp/ros_gz_interfaces/msg/detail/entity_wrench__type_support.cpp.o[0m
[10.931s] [ 36%] [32mBuilding CXX object CMakeFiles/ros_gz_interfaces__rosidl_typesupport_introspection_cpp.dir/rosidl_typesupport_introspection_cpp/ros_gz_interfaces/msg/detail/float32_array__type_support.cpp.o[0m
[11.048s] [ 37%] [32mBuilding CXX object CMakeFiles/ros_gz_interfaces__rosidl_typesupport_introspection_cpp.dir/rosidl_typesupport_introspection_cpp/ros_gz_interfaces/msg/detail/gui_camera__type_support.cpp.o[0m
[11.086s] gmake[3]: Leaving directory '/home/jagdeesh/tracker/build/ros_gz_interfaces'
[11.095s] gmake[3]: Entering directory '/home/jagdeesh/tracker/build/ros_gz_interfaces'
[11.119s] [ 37%] [32mBuilding CXX object CMakeFiles/ros_gz_interfaces__rosidl_typesupport_c.dir/rosidl_typesupport_c/ros_gz_interfaces/msg/altimeter__type_support.cpp.o[0m
[11.211s] [ 38%] [32mBuilding CXX object CMakeFiles/ros_gz_interfaces__rosidl_typesupport_fastrtps_cpp.dir/rosidl_typesupport_fastrtps_cpp/ros_gz_interfaces/msg/detail/dds_fastrtps/gui_camera__type_support.cpp.o[0m
[11.250s] [ 38%] [32mBuilding CXX object CMakeFiles/ros_gz_interfaces__rosidl_typesupport_c.dir/rosidl_typesupport_c/ros_gz_interfaces/msg/contact__type_support.cpp.o[0m
[11.265s] gmake[3]: Leaving directory '/home/jagdeesh/tracker/build/ros_gz_interfaces'
[11.267s] gmake[3]: Entering directory '/home/jagdeesh/tracker/build/ros_gz_interfaces'
[11.279s] [ 39%] [32mBuilding CXX object CMakeFiles/ros_gz_interfaces__rosidl_typesupport_c.dir/rosidl_typesupport_c/ros_gz_interfaces/msg/contacts__type_support.cpp.o[0m
[11.280s] [ 39%] [32mBuilding C object CMakeFiles/ros_gz_interfaces__rosidl_typesupport_introspection_c.dir/rosidl_typesupport_introspection_c/ros_gz_interfaces/msg/detail/altimeter__type_support.c.o[0m
[11.369s] [ 39%] [32mBuilding C object CMakeFiles/ros_gz_interfaces__rosidl_typesupport_introspection_c.dir/rosidl_typesupport_introspection_c/ros_gz_interfaces/msg/detail/contact__type_support.c.o[0m
[11.412s] [ 39%] [32mBuilding CXX object CMakeFiles/ros_gz_interfaces__rosidl_typesupport_c.dir/rosidl_typesupport_c/ros_gz_interfaces/msg/dataframe__type_support.cpp.o[0m
[11.426s] [ 40%] [32mBuilding C object CMakeFiles/ros_gz_interfaces__rosidl_typesupport_introspection_c.dir/rosidl_typesupport_introspection_c/ros_gz_interfaces/msg/detail/contacts__type_support.c.o[0m
[11.494s] [ 40%] [32m[1mLinking CXX shared library libros_gz_interfaces__rosidl_typesupport_cpp.so[0m
[11.527s] [ 41%] [32mBuilding CXX object CMakeFiles/ros_gz_interfaces__rosidl_typesupport_c.dir/rosidl_typesupport_c/ros_gz_interfaces/msg/entity__type_support.cpp.o[0m
[11.530s] [ 41%] [32mBuilding C object CMakeFiles/ros_gz_interfaces__rosidl_typesupport_introspection_c.dir/rosidl_typesupport_introspection_c/ros_gz_interfaces/msg/detail/dataframe__type_support.c.o[0m
[11.549s] [ 41%] [32mBuilding CXX object CMakeFiles/ros_gz_interfaces__rosidl_typesupport_fastrtps_cpp.dir/rosidl_typesupport_fastrtps_cpp/ros_gz_interfaces/msg/detail/dds_fastrtps/joint_wrench__type_support.cpp.o[0m
[11.587s] gmake[3]: Leaving directory '/home/jagdeesh/tracker/build/ros_gz_interfaces'
[11.593s] [ 41%] [32mBuilding CXX object CMakeFiles/ros_gz_interfaces__rosidl_typesupport_introspection_cpp.dir/rosidl_typesupport_introspection_cpp/ros_gz_interfaces/msg/detail/joint_wrench__type_support.cpp.o[0m
[11.612s] [ 41%] Built target ros_gz_interfaces__rosidl_typesupport_cpp
[11.639s] [ 41%] [32mBuilding CXX object CMakeFiles/ros_gz_interfaces__rosidl_typesupport_c.dir/rosidl_typesupport_c/ros_gz_interfaces/msg/entity_factory__type_support.cpp.o[0m
[11.648s] [ 42%] [32mBuilding CXX object CMakeFiles/ros_gz_interfaces__rosidl_typesupport_introspection_cpp.dir/rosidl_typesupport_introspection_cpp/ros_gz_interfaces/msg/detail/light__type_support.cpp.o[0m
[11.649s] [ 42%] [32mBuilding CXX object CMakeFiles/ros_gz_interfaces__rosidl_typesupport_introspection_cpp.dir/rosidl_typesupport_introspection_cpp/ros_gz_interfaces/msg/detail/material_color__type_support.cpp.o[0m
[11.662s] [ 43%] [32mBuilding CXX object CMakeFiles/ros_gz_interfaces__rosidl_typesupport_introspection_cpp.dir/rosidl_typesupport_introspection_cpp/ros_gz_interfaces/msg/detail/param_vec__type_support.cpp.o[0m
[11.681s] [ 44%] [32mBuilding C object CMakeFiles/ros_gz_interfaces__rosidl_typesupport_introspection_c.dir/rosidl_typesupport_introspection_c/ros_gz_interfaces/msg/detail/entity__type_support.c.o[0m
[11.755s] [ 45%] [32mBuilding CXX object CMakeFiles/ros_gz_interfaces__rosidl_typesupport_c.dir/rosidl_typesupport_c/ros_gz_interfaces/msg/entity_wrench__type_support.cpp.o[0m
[11.823s] [ 45%] [32mBuilding C object CMakeFiles/ros_gz_interfaces__rosidl_typesupport_introspection_c.dir/rosidl_typesupport_introspection_c/ros_gz_interfaces/msg/detail/entity_factory__type_support.c.o[0m
[11.879s] [ 45%] [32mBuilding CXX object CMakeFiles/ros_gz_interfaces__rosidl_typesupport_c.dir/rosidl_typesupport_c/ros_gz_interfaces/msg/float32_array__type_support.cpp.o[0m
[11.925s] [ 46%] [32mBuilding C object CMakeFiles/ros_gz_interfaces__rosidl_typesupport_introspection_c.dir/rosidl_typesupport_introspection_c/ros_gz_interfaces/msg/detail/entity_wrench__type_support.c.o[0m
[11.961s] [ 47%] [32mBuilding CXX object CMakeFiles/ros_gz_interfaces__rosidl_typesupport_c.dir/rosidl_typesupport_c/ros_gz_interfaces/msg/gui_camera__type_support.cpp.o[0m
[11.977s] gmake[3]: Leaving directory '/home/jagdeesh/tracker/build/ros_gz_interfaces'
[11.982s] [ 47%] [32mBuilding CXX object CMakeFiles/ros_gz_interfaces__rosidl_typesupport_introspection_cpp.dir/rosidl_typesupport_introspection_cpp/ros_gz_interfaces/msg/detail/sensor_noise__type_support.cpp.o[0m
[11.983s] gmake[3]: Entering directory '/home/jagdeesh/tracker/build/ros_gz_interfaces'
[12.001s] [ 47%] [32mBuilding CXX object CMakeFiles/ros_gz_interfaces__rosidl_typesupport_fastrtps_c.dir/rosidl_typesupport_fastrtps_c/ros_gz_interfaces/msg/detail/altimeter__type_support_c.cpp.o[0m
[12.076s] [ 47%] [32mBuilding CXX object CMakeFiles/ros_gz_interfaces__rosidl_typesupport_c.dir/rosidl_typesupport_c/ros_gz_interfaces/msg/joint_wrench__type_support.cpp.o[0m
[12.083s] [ 47%] [32mBuilding C object CMakeFiles/ros_gz_interfaces__rosidl_typesupport_introspection_c.dir/rosidl_typesupport_introspection_c/ros_gz_interfaces/msg/detail/float32_array__type_support.c.o[0m
[12.129s] [ 48%] [32mBuilding C object CMakeFiles/ros_gz_interfaces__rosidl_typesupport_introspection_c.dir/rosidl_typesupport_introspection_c/ros_gz_interfaces/msg/detail/gui_camera__type_support.c.o[0m
[12.138s] [ 49%] [32mBuilding CXX object CMakeFiles/ros_gz_interfaces__rosidl_typesupport_fastrtps_cpp.dir/rosidl_typesupport_fastrtps_cpp/ros_gz_interfaces/msg/detail/dds_fastrtps/light__type_support.cpp.o[0m
[12.183s] [ 50%] [32mBuilding CXX object CMakeFiles/ros_gz_interfaces__rosidl_typesupport_c.dir/rosidl_typesupport_c/ros_gz_interfaces/msg/light__type_support.cpp.o[0m
[12.223s] [ 50%] [32mBuilding CXX object CMakeFiles/ros_gz_interfaces__rosidl_typesupport_fastrtps_cpp.dir/rosidl_typesupport_fastrtps_cpp/ros_gz_interfaces/msg/detail/dds_fastrtps/material_color__type_support.cpp.o[0m
[12.229s] [ 50%] [32mBuilding C object CMakeFiles/ros_gz_interfaces__rosidl_typesupport_introspection_c.dir/rosidl_typesupport_introspection_c/ros_gz_interfaces/msg/detail/joint_wrench__type_support.c.o[0m
[12.276s] [ 50%] [32mBuilding CXX object CMakeFiles/ros_gz_interfaces__rosidl_typesupport_c.dir/rosidl_typesupport_c/ros_gz_interfaces/msg/material_color__type_support.cpp.o[0m
[12.282s] [ 51%] [32mBuilding CXX object CMakeFiles/ros_gz_interfaces__rosidl_typesupport_c.dir/rosidl_typesupport_c/ros_gz_interfaces/msg/param_vec__type_support.cpp.o[0m
[12.342s] [ 52%] [32mBuilding C object CMakeFiles/ros_gz_interfaces__rosidl_typesupport_introspection_c.dir/rosidl_typesupport_introspection_c/ros_gz_interfaces/msg/detail/light__type_support.c.o[0m
[12.351s] [ 52%] [32mBuilding C object CMakeFiles/ros_gz_interfaces__rosidl_typesupport_introspection_c.dir/rosidl_typesupport_introspection_c/ros_gz_interfaces/msg/detail/material_color__type_support.c.o[0m
[12.402s] [ 52%] [32mBuilding CXX object CMakeFiles/ros_gz_interfaces__rosidl_typesupport_c.dir/rosidl_typesupport_c/ros_gz_interfaces/msg/sensor_noise__type_support.cpp.o[0m
[12.453s] [ 53%] [32mBuilding CXX object CMakeFiles/ros_gz_interfaces__rosidl_typesupport_c.dir/rosidl_typesupport_c/ros_gz_interfaces/msg/string_vec__type_support.cpp.o[0m
[12.470s] [ 53%] [32mBuilding CXX object CMakeFiles/ros_gz_interfaces__rosidl_typesupport_c.dir/rosidl_typesupport_c/ros_gz_interfaces/msg/track_visual__type_support.cpp.o[0m
[12.481s] [ 54%] [32mBuilding CXX object CMakeFiles/ros_gz_interfaces__rosidl_typesupport_introspection_cpp.dir/rosidl_typesupport_introspection_cpp/ros_gz_interfaces/msg/detail/string_vec__type_support.cpp.o[0m
[12.487s] [ 55%] [32mBuilding C object CMakeFiles/ros_gz_interfaces__rosidl_typesupport_introspection_c.dir/rosidl_typesupport_introspection_c/ros_gz_interfaces/msg/detail/param_vec__type_support.c.o[0m
[12.545s] [ 56%] [32mBuilding CXX object CMakeFiles/ros_gz_interfaces__rosidl_typesupport_fastrtps_cpp.dir/rosidl_typesupport_fastrtps_cpp/ros_gz_interfaces/msg/detail/dds_fastrtps/param_vec__type_support.cpp.o[0m
[12.565s] [ 57%] [32mBuilding CXX object CMakeFiles/ros_gz_interfaces__rosidl_typesupport_c.dir/rosidl_typesupport_c/ros_gz_interfaces/msg/video_record__type_support.cpp.o[0m
[12.602s] [ 57%] [32mBuilding C object CMakeFiles/ros_gz_interfaces__rosidl_typesupport_introspection_c.dir/rosidl_typesupport_introspection_c/ros_gz_interfaces/msg/detail/sensor_noise__type_support.c.o[0m
[12.681s] [ 57%] [32mBuilding CXX object CMakeFiles/ros_gz_interfaces__rosidl_typesupport_c.dir/rosidl_typesupport_c/ros_gz_interfaces/msg/world_control__type_support.cpp.o[0m
[12.699s] [ 58%] [32mBuilding CXX object CMakeFiles/ros_gz_interfaces__rosidl_typesupport_c.dir/rosidl_typesupport_c/ros_gz_interfaces/msg/world_reset__type_support.cpp.o[0m
[12.724s] [ 59%] [32mBuilding C object CMakeFiles/ros_gz_interfaces__rosidl_typesupport_introspection_c.dir/rosidl_typesupport_introspection_c/ros_gz_interfaces/msg/detail/string_vec__type_support.c.o[0m
[12.789s] [ 59%] [32mBuilding C object CMakeFiles/ros_gz_interfaces__rosidl_typesupport_introspection_c.dir/rosidl_typesupport_introspection_c/ros_gz_interfaces/msg/detail/track_visual__type_support.c.o[0m
[12.801s] [ 59%] [32mBuilding CXX object CMakeFiles/ros_gz_interfaces__rosidl_typesupport_introspection_cpp.dir/rosidl_typesupport_introspection_cpp/ros_gz_interfaces/msg/detail/track_visual__type_support.cpp.o[0m
[12.812s] [ 59%] [32mBuilding CXX object CMakeFiles/ros_gz_interfaces__rosidl_typesupport_c.dir/rosidl_typesupport_c/ros_gz_interfaces/srv/control_world__type_support.cpp.o[0m
[12.891s] [ 60%] [32mBuilding CXX object CMakeFiles/ros_gz_interfaces__rosidl_typesupport_c.dir/rosidl_typesupport_c/ros_gz_interfaces/srv/delete_entity__type_support.cpp.o[0m
[12.903s] [ 61%] [32mBuilding C object CMakeFiles/ros_gz_interfaces__rosidl_typesupport_introspection_c.dir/rosidl_typesupport_introspection_c/ros_gz_interfaces/msg/detail/video_record__type_support.c.o[0m
[12.927s] [ 61%] [32mBuilding C object CMakeFiles/ros_gz_interfaces__rosidl_typesupport_introspection_c.dir/rosidl_typesupport_introspection_c/ros_gz_interfaces/msg/detail/world_control__type_support.c.o[0m
[12.928s] [ 61%] [32mBuilding CXX object CMakeFiles/ros_gz_interfaces__rosidl_typesupport_c.dir/rosidl_typesupport_c/ros_gz_interfaces/srv/set_entity_pose__type_support.cpp.o[0m
[12.955s] [ 61%] [32mBuilding CXX object CMakeFiles/ros_gz_interfaces__rosidl_typesupport_fastrtps_c.dir/rosidl_typesupport_fastrtps_c/ros_gz_interfaces/msg/detail/contact__type_support_c.cpp.o[0m
[13.005s] [ 62%] [32mBuilding CXX object CMakeFiles/ros_gz_interfaces__rosidl_typesupport_introspection_cpp.dir/rosidl_typesupport_introspection_cpp/ros_gz_interfaces/msg/detail/video_record__type_support.cpp.o[0m
[13.043s] [ 62%] [32mBuilding CXX object CMakeFiles/ros_gz_interfaces__rosidl_typesupport_introspection_cpp.dir/rosidl_typesupport_introspection_cpp/ros_gz_interfaces/msg/detail/world_control__type_support.cpp.o[0m
[13.073s] [ 64%] [32mBuilding CXX object CMakeFiles/ros_gz_interfaces__rosidl_typesupport_c.dir/rosidl_typesupport_c/ros_gz_interfaces/srv/spawn_entity__type_support.cpp.o[0m
[13.075s] [ 64%] [32mBuilding CXX object CMakeFiles/ros_gz_interfaces__rosidl_typesupport_introspection_cpp.dir/rosidl_typesupport_introspection_cpp/ros_gz_interfaces/msg/detail/world_reset__type_support.cpp.o[0m
[13.078s] [ 65%] [32mBuilding C object CMakeFiles/ros_gz_interfaces__rosidl_typesupport_introspection_c.dir/rosidl_typesupport_introspection_c/ros_gz_interfaces/msg/detail/world_reset__type_support.c.o[0m
[13.110s] [ 65%] [32mBuilding CXX object CMakeFiles/ros_gz_interfaces__rosidl_typesupport_fastrtps_cpp.dir/rosidl_typesupport_fastrtps_cpp/ros_gz_interfaces/msg/detail/dds_fastrtps/sensor_noise__type_support.cpp.o[0m
[13.196s] [ 65%] [32mBuilding C object CMakeFiles/ros_gz_interfaces__rosidl_typesupport_introspection_c.dir/rosidl_typesupport_introspection_c/ros_gz_interfaces/srv/detail/control_world__type_support.c.o[0m
[13.202s] [ 65%] [32m[1mLinking CXX shared library libros_gz_interfaces__rosidl_typesupport_c.so[0m
[13.332s] [ 66%] [32mBuilding C object CMakeFiles/ros_gz_interfaces__rosidl_typesupport_introspection_c.dir/rosidl_typesupport_introspection_c/ros_gz_interfaces/srv/detail/delete_entity__type_support.c.o[0m
[13.355s] gmake[3]: Leaving directory '/home/jagdeesh/tracker/build/ros_gz_interfaces'
[13.382s] [ 66%] Built target ros_gz_interfaces__rosidl_typesupport_c
[13.412s] [ 66%] [32mBuilding C object CMakeFiles/ros_gz_interfaces__rosidl_typesupport_introspection_c.dir/rosidl_typesupport_introspection_c/ros_gz_interfaces/srv/detail/set_entity_pose__type_support.c.o[0m
[13.473s] [ 67%] [32mBuilding C object CMakeFiles/ros_gz_interfaces__rosidl_typesupport_introspection_c.dir/rosidl_typesupport_introspection_c/ros_gz_interfaces/srv/detail/spawn_entity__type_support.c.o[0m
[13.545s] [ 68%] [32mBuilding CXX object CMakeFiles/ros_gz_interfaces__rosidl_typesupport_fastrtps_cpp.dir/rosidl_typesupport_fastrtps_cpp/ros_gz_interfaces/msg/detail/dds_fastrtps/string_vec__type_support.cpp.o[0m
[13.583s] [ 68%] [32mBuilding CXX object CMakeFiles/ros_gz_interfaces__rosidl_typesupport_fastrtps_cpp.dir/rosidl_typesupport_fastrtps_cpp/ros_gz_interfaces/msg/detail/dds_fastrtps/track_visual__type_support.cpp.o[0m
[13.623s] [ 69%] [32mBuilding CXX object CMakeFiles/ros_gz_interfaces__rosidl_typesupport_fastrtps_cpp.dir/rosidl_typesupport_fastrtps_cpp/ros_gz_interfaces/msg/detail/dds_fastrtps/video_record__type_support.cpp.o[0m
[13.638s] [ 69%] [32m[1mLinking C shared library libros_gz_interfaces__rosidl_typesupport_introspection_c.so[0m
[13.731s] [ 69%] [32mBuilding CXX object CMakeFiles/ros_gz_interfaces__rosidl_typesupport_introspection_cpp.dir/rosidl_typesupport_introspection_cpp/ros_gz_interfaces/srv/detail/control_world__type_support.cpp.o[0m
[13.757s] gmake[3]: Leaving directory '/home/jagdeesh/tracker/build/ros_gz_interfaces'
[13.772s] [ 69%] Built target ros_gz_interfaces__rosidl_typesupport_introspection_c
[13.788s] [ 70%] [32mBuilding CXX object CMakeFiles/ros_gz_interfaces__rosidl_typesupport_fastrtps_c.dir/rosidl_typesupport_fastrtps_c/ros_gz_interfaces/msg/detail/contacts__type_support_c.cpp.o[0m
[13.827s] [ 70%] [32mBuilding CXX object CMakeFiles/ros_gz_interfaces__rosidl_typesupport_fastrtps_cpp.dir/rosidl_typesupport_fastrtps_cpp/ros_gz_interfaces/msg/detail/dds_fastrtps/world_control__type_support.cpp.o[0m
[13.876s] [ 71%] [32mBuilding CXX object CMakeFiles/ros_gz_interfaces__rosidl_typesupport_fastrtps_cpp.dir/rosidl_typesupport_fastrtps_cpp/ros_gz_interfaces/msg/detail/dds_fastrtps/world_reset__type_support.cpp.o[0m
[13.940s] [ 71%] [32mBuilding CXX object CMakeFiles/ros_gz_interfaces__rosidl_typesupport_fastrtps_c.dir/rosidl_typesupport_fastrtps_c/ros_gz_interfaces/msg/detail/dataframe__type_support_c.cpp.o[0m
[14.014s] [ 72%] [32mBuilding CXX object CMakeFiles/ros_gz_interfaces__rosidl_typesupport_introspection_cpp.dir/rosidl_typesupport_introspection_cpp/ros_gz_interfaces/srv/detail/delete_entity__type_support.cpp.o[0m
[14.233s] [ 73%] [32mBuilding CXX object CMakeFiles/ros_gz_interfaces__rosidl_typesupport_fastrtps_c.dir/rosidl_typesupport_fastrtps_c/ros_gz_interfaces/msg/detail/entity__type_support_c.cpp.o[0m
[14.324s] [ 73%] [32mBuilding CXX object CMakeFiles/ros_gz_interfaces__rosidl_typesupport_introspection_cpp.dir/rosidl_typesupport_introspection_cpp/ros_gz_interfaces/srv/detail/set_entity_pose__type_support.cpp.o[0m
[14.495s] [ 73%] [32mBuilding CXX object CMakeFiles/ros_gz_interfaces__rosidl_typesupport_fastrtps_c.dir/rosidl_typesupport_fastrtps_c/ros_gz_interfaces/msg/detail/entity_factory__type_support_c.cpp.o[0m
[14.610s] [ 74%] [32mBuilding CXX object CMakeFiles/ros_gz_interfaces__rosidl_typesupport_fastrtps_c.dir/rosidl_typesupport_fastrtps_c/ros_gz_interfaces/msg/detail/entity_wrench__type_support_c.cpp.o[0m
[14.815s] [ 74%] [32mBuilding CXX object CMakeFiles/ros_gz_interfaces__rosidl_typesupport_fastrtps_cpp.dir/rosidl_typesupport_fastrtps_cpp/ros_gz_interfaces/srv/detail/dds_fastrtps/control_world__type_support.cpp.o[0m
[14.831s] [ 75%] [32mBuilding CXX object CMakeFiles/ros_gz_interfaces__rosidl_typesupport_fastrtps_cpp.dir/rosidl_typesupport_fastrtps_cpp/ros_gz_interfaces/srv/detail/dds_fastrtps/delete_entity__type_support.cpp.o[0m
[14.935s] [ 76%] [32mBuilding CXX object CMakeFiles/ros_gz_interfaces__rosidl_typesupport_introspection_cpp.dir/rosidl_typesupport_introspection_cpp/ros_gz_interfaces/srv/detail/spawn_entity__type_support.cpp.o[0m
[15.037s] [ 76%] [32mBuilding CXX object CMakeFiles/ros_gz_interfaces__rosidl_typesupport_fastrtps_c.dir/rosidl_typesupport_fastrtps_c/ros_gz_interfaces/msg/detail/float32_array__type_support_c.cpp.o[0m
[15.054s] [ 77%] [32mBuilding CXX object CMakeFiles/ros_gz_interfaces__rosidl_typesupport_fastrtps_cpp.dir/rosidl_typesupport_fastrtps_cpp/ros_gz_interfaces/srv/detail/dds_fastrtps/spawn_entity__type_support.cpp.o[0m
[15.059s] [ 78%] [32mBuilding CXX object CMakeFiles/ros_gz_interfaces__rosidl_typesupport_fastrtps_c.dir/rosidl_typesupport_fastrtps_c/ros_gz_interfaces/msg/detail/gui_camera__type_support_c.cpp.o[0m
[15.059s] [ 77%] [32mBuilding CXX object CMakeFiles/ros_gz_interfaces__rosidl_typesupport_fastrtps_cpp.dir/rosidl_typesupport_fastrtps_cpp/ros_gz_interfaces/srv/detail/dds_fastrtps/set_entity_pose__type_support.cpp.o[0m
[15.135s] [ 78%] [32mBuilding CXX object CMakeFiles/ros_gz_interfaces__rosidl_typesupport_fastrtps_c.dir/rosidl_typesupport_fastrtps_c/ros_gz_interfaces/msg/detail/joint_wrench__type_support_c.cpp.o[0m
[15.230s] [ 79%] [32mBuilding CXX object CMakeFiles/ros_gz_interfaces__rosidl_typesupport_fastrtps_c.dir/rosidl_typesupport_fastrtps_c/ros_gz_interfaces/msg/detail/light__type_support_c.cpp.o[0m
[15.313s] [ 79%] [32mBuilding CXX object CMakeFiles/ros_gz_interfaces__rosidl_typesupport_fastrtps_c.dir/rosidl_typesupport_fastrtps_c/ros_gz_interfaces/msg/detail/material_color__type_support_c.cpp.o[0m
[15.597s] [ 80%] [32mBuilding CXX object CMakeFiles/ros_gz_interfaces__rosidl_typesupport_fastrtps_c.dir/rosidl_typesupport_fastrtps_c/ros_gz_interfaces/msg/detail/param_vec__type_support_c.cpp.o[0m
[15.716s] [ 80%] [32mBuilding CXX object CMakeFiles/ros_gz_interfaces__rosidl_typesupport_fastrtps_c.dir/rosidl_typesupport_fastrtps_c/ros_gz_interfaces/msg/detail/sensor_noise__type_support_c.cpp.o[0m
[15.875s] [ 81%] [32mBuilding CXX object CMakeFiles/ros_gz_interfaces__rosidl_typesupport_fastrtps_c.dir/rosidl_typesupport_fastrtps_c/ros_gz_interfaces/msg/detail/string_vec__type_support_c.cpp.o[0m
[15.921s] [ 81%] [32m[1mLinking CXX shared library libros_gz_interfaces__rosidl_typesupport_introspection_cpp.so[0m
[15.950s] [ 81%] [32mBuilding CXX object CMakeFiles/ros_gz_interfaces__rosidl_typesupport_fastrtps_c.dir/rosidl_typesupport_fastrtps_c/ros_gz_interfaces/msg/detail/track_visual__type_support_c.cpp.o[0m
[16.085s] [ 82%] [32mBuilding CXX object CMakeFiles/ros_gz_interfaces__rosidl_typesupport_fastrtps_c.dir/rosidl_typesupport_fastrtps_c/ros_gz_interfaces/msg/detail/video_record__type_support_c.cpp.o[0m
[16.106s] [ 82%] [32mBuilding CXX object CMakeFiles/ros_gz_interfaces__rosidl_typesupport_fastrtps_c.dir/rosidl_typesupport_fastrtps_c/ros_gz_interfaces/msg/detail/world_control__type_support_c.cpp.o[0m
[16.123s] [ 83%] [32mBuilding CXX object CMakeFiles/ros_gz_interfaces__rosidl_typesupport_fastrtps_c.dir/rosidl_typesupport_fastrtps_c/ros_gz_interfaces/msg/detail/world_reset__type_support_c.cpp.o[0m
[16.209s] [ 83%] [32mBuilding CXX object CMakeFiles/ros_gz_interfaces__rosidl_typesupport_fastrtps_c.dir/rosidl_typesupport_fastrtps_c/ros_gz_interfaces/srv/detail/control_world__type_support_c.cpp.o[0m
[16.219s] gmake[3]: Leaving directory '/home/jagdeesh/tracker/build/ros_gz_interfaces'
[16.258s] [ 83%] Built target ros_gz_interfaces__rosidl_typesupport_introspection_cpp
[16.292s] [ 84%] [32mBuilding CXX object CMakeFiles/ros_gz_interfaces__rosidl_typesupport_fastrtps_c.dir/rosidl_typesupport_fastrtps_c/ros_gz_interfaces/srv/detail/delete_entity__type_support_c.cpp.o[0m
[16.348s] [ 84%] [32mBuilding CXX object CMakeFiles/ros_gz_interfaces__rosidl_typesupport_fastrtps_c.dir/rosidl_typesupport_fastrtps_c/ros_gz_interfaces/srv/detail/set_entity_pose__type_support_c.cpp.o[0m
[16.471s] [ 85%] [32mBuilding CXX object CMakeFiles/ros_gz_interfaces__rosidl_typesupport_fastrtps_c.dir/rosidl_typesupport_fastrtps_c/ros_gz_interfaces/srv/detail/spawn_entity__type_support_c.cpp.o[0m
[16.603s] [ 85%] [32m[1mLinking CXX shared library libros_gz_interfaces__rosidl_typesupport_fastrtps_cpp.so[0m
[16.810s] gmake[3]: Leaving directory '/home/jagdeesh/tracker/build/ros_gz_interfaces'
[16.825s] [ 85%] Built target ros_gz_interfaces__rosidl_typesupport_fastrtps_cpp
[17.154s] [ 85%] [32m[1mLinking CXX shared library libros_gz_interfaces__rosidl_typesupport_fastrtps_c.so[0m
[17.227s] gmake[3]: Leaving directory '/home/jagdeesh/tracker/build/ros_gz_interfaces'
[17.236s] [ 85%] Built target ros_gz_interfaces__rosidl_typesupport_fastrtps_c
[17.239s] gmake[3]: Entering directory '/home/jagdeesh/tracker/build/ros_gz_interfaces'
[17.249s] gmake[3]: Leaving directory '/home/jagdeesh/tracker/build/ros_gz_interfaces'
[17.259s] [ 85%] Built target ros_gz_interfaces
[17.262s] gmake[3]: Entering directory '/home/jagdeesh/tracker/build/ros_gz_interfaces'
[17.272s] gmake[3]: Leaving directory '/home/jagdeesh/tracker/build/ros_gz_interfaces'
[17.274s] gmake[3]: Entering directory '/home/jagdeesh/tracker/build/ros_gz_interfaces'
[17.282s] [ 85%] [34m[1mGenerating Python code for ROS interfaces[0m
[22.190s] gmake[3]: Leaving directory '/home/jagdeesh/tracker/build/ros_gz_interfaces'
[22.199s] [ 85%] Built target ros_gz_interfaces__py
[22.202s] gmake[3]: Entering directory '/home/jagdeesh/tracker/build/ros_gz_interfaces'
[22.213s] gmake[3]: Leaving directory '/home/jagdeesh/tracker/build/ros_gz_interfaces'
[22.215s] gmake[3]: Entering directory '/home/jagdeesh/tracker/build/ros_gz_interfaces'
[22.227s] [ 86%] [32mBuilding C object CMakeFiles/ros_gz_interfaces__rosidl_generator_py.dir/rosidl_generator_py/ros_gz_interfaces/msg/_altimeter_s.c.o[0m
[22.228s] [ 86%] [32mBuilding C object CMakeFiles/ros_gz_interfaces__rosidl_generator_py.dir/rosidl_generator_py/ros_gz_interfaces/msg/_contact_s.c.o[0m
[22.228s] [ 86%] [32mBuilding C object CMakeFiles/ros_gz_interfaces__rosidl_generator_py.dir/rosidl_generator_py/ros_gz_interfaces/msg/_dataframe_s.c.o[0m
[22.228s] [ 87%] [32mBuilding C object CMakeFiles/ros_gz_interfaces__rosidl_generator_py.dir/rosidl_generator_py/ros_gz_interfaces/msg/_float32_array_s.c.o[0m
[22.228s] [ 88%] [32mBuilding C object CMakeFiles/ros_gz_interfaces__rosidl_generator_py.dir/rosidl_generator_py/ros_gz_interfaces/msg/_entity_s.c.o[0m
[22.228s] [ 88%] [32mBuilding C object CMakeFiles/ros_gz_interfaces__rosidl_generator_py.dir/rosidl_generator_py/ros_gz_interfaces/msg/_entity_factory_s.c.o[0m
[22.229s] [ 89%] [32mBuilding C object CMakeFiles/ros_gz_interfaces__rosidl_generator_py.dir/rosidl_generator_py/ros_gz_interfaces/msg/_contacts_s.c.o[0m
[22.231s] [ 89%] [32mBuilding C object CMakeFiles/ros_gz_interfaces__rosidl_generator_py.dir/rosidl_generator_py/ros_gz_interfaces/msg/_entity_wrench_s.c.o[0m
[22.232s] [ 90%] [32mBuilding C object CMakeFiles/ros_gz_interfaces__rosidl_generator_py.dir/rosidl_generator_py/ros_gz_interfaces/msg/_gui_camera_s.c.o[0m
[22.235s] [ 90%] [32mBuilding C object CMakeFiles/ros_gz_interfaces__rosidl_generator_py.dir/rosidl_generator_py/ros_gz_interfaces/msg/_joint_wrench_s.c.o[0m
[22.238s] [ 91%] [32mBuilding C object CMakeFiles/ros_gz_interfaces__rosidl_generator_py.dir/rosidl_generator_py/ros_gz_interfaces/msg/_light_s.c.o[0m
[22.240s] [ 91%] [32mBuilding C object CMakeFiles/ros_gz_interfaces__rosidl_generator_py.dir/rosidl_generator_py/ros_gz_interfaces/msg/_material_color_s.c.o[0m
[22.515s] [ 92%] [32mBuilding C object CMakeFiles/ros_gz_interfaces__rosidl_generator_py.dir/rosidl_generator_py/ros_gz_interfaces/msg/_param_vec_s.c.o[0m
[22.555s] [ 92%] [32mBuilding C object CMakeFiles/ros_gz_interfaces__rosidl_generator_py.dir/rosidl_generator_py/ros_gz_interfaces/msg/_sensor_noise_s.c.o[0m
[22.559s] [ 92%] [32mBuilding C object CMakeFiles/ros_gz_interfaces__rosidl_generator_py.dir/rosidl_generator_py/ros_gz_interfaces/msg/_track_visual_s.c.o[0m
[22.560s] [ 93%] [32mBuilding C object CMakeFiles/ros_gz_interfaces__rosidl_generator_py.dir/rosidl_generator_py/ros_gz_interfaces/msg/_string_vec_s.c.o[0m
[22.574s] [ 94%] [32mBuilding C object CMakeFiles/ros_gz_interfaces__rosidl_generator_py.dir/rosidl_generator_py/ros_gz_interfaces/msg/_video_record_s.c.o[0m
[22.585s] [ 94%] [32mBuilding C object CMakeFiles/ros_gz_interfaces__rosidl_generator_py.dir/rosidl_generator_py/ros_gz_interfaces/msg/_world_control_s.c.o[0m
[22.602s] [ 95%] [32mBuilding C object CMakeFiles/ros_gz_interfaces__rosidl_generator_py.dir/rosidl_generator_py/ros_gz_interfaces/msg/_world_reset_s.c.o[0m
[22.621s] [ 95%] [32mBuilding C object CMakeFiles/ros_gz_interfaces__rosidl_generator_py.dir/rosidl_generator_py/ros_gz_interfaces/srv/_control_world_s.c.o[0m
[22.627s] [ 96%] [32mBuilding C object CMakeFiles/ros_gz_interfaces__rosidl_generator_py.dir/rosidl_generator_py/ros_gz_interfaces/srv/_delete_entity_s.c.o[0m
[22.648s] [ 96%] [32mBuilding C object CMakeFiles/ros_gz_interfaces__rosidl_generator_py.dir/rosidl_generator_py/ros_gz_interfaces/srv/_set_entity_pose_s.c.o[0m
[22.691s] [ 97%] [32mBuilding C object CMakeFiles/ros_gz_interfaces__rosidl_generator_py.dir/rosidl_generator_py/ros_gz_interfaces/srv/_spawn_entity_s.c.o[0m
[22.948s] [ 97%] [32m[1mLinking C shared library rosidl_generator_py/ros_gz_interfaces/libros_gz_interfaces__rosidl_generator_py.so[0m
[22.990s] gmake[3]: Leaving directory '/home/jagdeesh/tracker/build/ros_gz_interfaces'
[23.000s] [ 97%] Built target ros_gz_interfaces__rosidl_generator_py
[23.002s] gmake[3]: Entering directory '/home/jagdeesh/tracker/build/ros_gz_interfaces'
[23.002s] gmake[3]: Entering directory '/home/jagdeesh/tracker/build/ros_gz_interfaces'
[23.003s] gmake[3]: Entering directory '/home/jagdeesh/tracker/build/ros_gz_interfaces'
[23.013s] gmake[3]: Leaving directory '/home/jagdeesh/tracker/build/ros_gz_interfaces'
[23.013s] gmake[3]: Leaving directory '/home/jagdeesh/tracker/build/ros_gz_interfaces'
[23.013s] gmake[3]: Leaving directory '/home/jagdeesh/tracker/build/ros_gz_interfaces'
[23.015s] gmake[3]: Entering directory '/home/jagdeesh/tracker/build/ros_gz_interfaces'
[23.015s] gmake[3]: Entering directory '/home/jagdeesh/tracker/build/ros_gz_interfaces'
[23.015s] gmake[3]: Entering directory '/home/jagdeesh/tracker/build/ros_gz_interfaces'
[23.022s] [ 98%] [32mBuilding C object CMakeFiles/ros_gz_interfaces__rosidl_typesupport_introspection_c__pyext.dir/rosidl_generator_py/ros_gz_interfaces/_ros_gz_interfaces_s.ep.rosidl_typesupport_introspection_c.c.o[0m
[23.023s] [100%] [32mBuilding C object CMakeFiles/ros_gz_interfaces__rosidl_typesupport_c__pyext.dir/rosidl_generator_py/ros_gz_interfaces/_ros_gz_interfaces_s.ep.rosidl_typesupport_c.c.o[0m
[23.024s] [100%] [32mBuilding C object CMakeFiles/ros_gz_interfaces__rosidl_typesupport_fastrtps_c__pyext.dir/rosidl_generator_py/ros_gz_interfaces/_ros_gz_interfaces_s.ep.rosidl_typesupport_fastrtps_c.c.o[0m
[23.441s] [100%] [32m[1mLinking C shared library rosidl_generator_py/ros_gz_interfaces/ros_gz_interfaces_s__rosidl_typesupport_introspection_c.cpython-310-x86_64-linux-gnu.so[0m
[23.458s] [100%] [32m[1mLinking C shared library rosidl_generator_py/ros_gz_interfaces/ros_gz_interfaces_s__rosidl_typesupport_fastrtps_c.cpython-310-x86_64-linux-gnu.so[0m
[23.492s] gmake[3]: Leaving directory '/home/jagdeesh/tracker/build/ros_gz_interfaces'
[23.498s] gmake[3]: Leaving directory '/home/jagdeesh/tracker/build/ros_gz_interfaces'
[23.500s] [100%] Built target ros_gz_interfaces__rosidl_typesupport_introspection_c__pyext
[23.508s] [100%] Built target ros_gz_interfaces__rosidl_typesupport_fastrtps_c__pyext
[23.583s] [100%] [32m[1mLinking C shared library rosidl_generator_py/ros_gz_interfaces/ros_gz_interfaces_s__rosidl_typesupport_c.cpython-310-x86_64-linux-gnu.so[0m
[23.621s] gmake[3]: Leaving directory '/home/jagdeesh/tracker/build/ros_gz_interfaces'
[23.628s] [100%] Built target ros_gz_interfaces__rosidl_typesupport_c__pyext
[23.629s] gmake[2]: Leaving directory '/home/jagdeesh/tracker/build/ros_gz_interfaces'
[23.639s] gmake[1]: Leaving directory '/home/jagdeesh/tracker/build/ros_gz_interfaces'
[23.641s] Invoked command in '/home/jagdeesh/tracker/build/ros_gz_interfaces' returned '0': CMAKE_PREFIX_PATH=/opt/ros/humble /usr/bin/cmake --build /home/jagdeesh/tracker/build/ros_gz_interfaces -- -j12 -l12
[23.654s] Invoking command in '/home/jagdeesh/tracker/build/ros_gz_interfaces': CMAKE_PREFIX_PATH=/opt/ros/humble /usr/bin/cmake --install /home/jagdeesh/tracker/build/ros_gz_interfaces
[23.663s] -- Install configuration: "Release"
[23.663s] -- Installing: /home/jagdeesh/tracker/install/ros_gz_interfaces/share/ament_index/resource_index/rosidl_interfaces/ros_gz_interfaces
[23.663s] -- Installing: /home/jagdeesh/tracker/install/ros_gz_interfaces/include/ros_gz_interfaces/ros_gz_interfaces
[23.663s] -- Installing: /home/jagdeesh/tracker/install/ros_gz_interfaces/include/ros_gz_interfaces/ros_gz_interfaces/srv
[23.663s] -- Installing: /home/jagdeesh/tracker/install/ros_gz_interfaces/include/ros_gz_interfaces/ros_gz_interfaces/srv/control_world.h
[23.663s] -- Installing: /home/jagdeesh/tracker/install/ros_gz_interfaces/include/ros_gz_interfaces/ros_gz_interfaces/srv/detail
[23.664s] -- Installing: /home/jagdeesh/tracker/install/ros_gz_interfaces/include/ros_gz_interfaces/ros_gz_interfaces/srv/detail/delete_entity__type_support.h
[23.664s] -- Installing: /home/jagdeesh/tracker/install/ros_gz_interfaces/include/ros_gz_interfaces/ros_gz_interfaces/srv/detail/control_world__functions.h
[23.664s] -- Installing: /home/jagdeesh/tracker/install/ros_gz_interfaces/include/ros_gz_interfaces/ros_gz_interfaces/srv/detail/spawn_entity__functions.h
[23.664s] -- Installing: /home/jagdeesh/tracker/install/ros_gz_interfaces/include/ros_gz_interfaces/ros_gz_interfaces/srv/detail/delete_entity__functions.h
[23.664s] -- Installing: /home/jagdeesh/tracker/install/ros_gz_interfaces/include/ros_gz_interfaces/ros_gz_interfaces/srv/detail/set_entity_pose__type_support.h
[23.664s] -- Installing: /home/jagdeesh/tracker/install/ros_gz_interfaces/include/ros_gz_interfaces/ros_gz_interfaces/srv/detail/spawn_entity__type_support.h
[23.664s] -- Installing: /home/jagdeesh/tracker/install/ros_gz_interfaces/include/ros_gz_interfaces/ros_gz_interfaces/srv/detail/control_world__type_support.h
[23.664s] -- Installing: /home/jagdeesh/tracker/install/ros_gz_interfaces/include/ros_gz_interfaces/ros_gz_interfaces/srv/detail/set_entity_pose__struct.h
[23.665s] -- Installing: /home/jagdeesh/tracker/install/ros_gz_interfaces/include/ros_gz_interfaces/ros_gz_interfaces/srv/detail/control_world__struct.h
[23.665s] -- Installing: /home/jagdeesh/tracker/install/ros_gz_interfaces/include/ros_gz_interfaces/ros_gz_interfaces/srv/detail/control_world__functions.c
[23.665s] -- Installing: /home/jagdeesh/tracker/install/ros_gz_interfaces/include/ros_gz_interfaces/ros_gz_interfaces/srv/detail/set_entity_pose__functions.c
[23.665s] -- Installing: /home/jagdeesh/tracker/install/ros_gz_interfaces/include/ros_gz_interfaces/ros_gz_interfaces/srv/detail/delete_entity__struct.h
[23.665s] -- Installing: /home/jagdeesh/tracker/install/ros_gz_interfaces/include/ros_gz_interfaces/ros_gz_interfaces/srv/detail/spawn_entity__functions.c
[23.665s] -- Installing: /home/jagdeesh/tracker/install/ros_gz_interfaces/include/ros_gz_interfaces/ros_gz_interfaces/srv/detail/delete_entity__functions.c
[23.665s] -- Installing: /home/jagdeesh/tracker/install/ros_gz_interfaces/include/ros_gz_interfaces/ros_gz_interfaces/srv/detail/spawn_entity__struct.h
[23.666s] -- Installing: /home/jagdeesh/tracker/install/ros_gz_interfaces/include/ros_gz_interfaces/ros_gz_interfaces/srv/detail/set_entity_pose__functions.h
[23.666s] -- Installing: /home/jagdeesh/tracker/install/ros_gz_interfaces/include/ros_gz_interfaces/ros_gz_interfaces/srv/set_entity_pose.h
[23.666s] -- Installing: /home/jagdeesh/tracker/install/ros_gz_interfaces/include/ros_gz_interfaces/ros_gz_interfaces/srv/spawn_entity.h
[23.666s] -- Installing: /home/jagdeesh/tracker/install/ros_gz_interfaces/include/ros_gz_interfaces/ros_gz_interfaces/srv/delete_entity.h
[23.666s] -- Installing: /home/jagdeesh/tracker/install/ros_gz_interfaces/include/ros_gz_interfaces/ros_gz_interfaces/msg
[23.666s] -- Installing: /home/jagdeesh/tracker/install/ros_gz_interfaces/include/ros_gz_interfaces/ros_gz_interfaces/msg/param_vec.h
[23.666s] -- Installing: /home/jagdeesh/tracker/install/ros_gz_interfaces/include/ros_gz_interfaces/ros_gz_interfaces/msg/joint_wrench.h
[23.666s] -- Installing: /home/jagdeesh/tracker/install/ros_gz_interfaces/include/ros_gz_interfaces/ros_gz_interfaces/msg/string_vec.h
[23.667s] -- Installing: /home/jagdeesh/tracker/install/ros_gz_interfaces/include/ros_gz_interfaces/ros_gz_interfaces/msg/altimeter.h
[23.667s] -- Installing: /home/jagdeesh/tracker/install/ros_gz_interfaces/include/ros_gz_interfaces/ros_gz_interfaces/msg/contact.h
[23.667s] -- Installing: /home/jagdeesh/tracker/install/ros_gz_interfaces/include/ros_gz_interfaces/ros_gz_interfaces/msg/rosidl_generator_c__visibility_control.h
[23.667s] -- Installing: /home/jagdeesh/tracker/install/ros_gz_interfaces/include/ros_gz_interfaces/ros_gz_interfaces/msg/detail
[23.667s] -- Installing: /home/jagdeesh/tracker/install/ros_gz_interfaces/include/ros_gz_interfaces/ros_gz_interfaces/msg/detail/contact__struct.h
[23.667s] -- Installing: /home/jagdeesh/tracker/install/ros_gz_interfaces/include/ros_gz_interfaces/ros_gz_interfaces/msg/detail/gui_camera__struct.h
[23.667s] -- Installing: /home/jagdeesh/tracker/install/ros_gz_interfaces/include/ros_gz_interfaces/ros_gz_interfaces/msg/detail/material_color__functions.c
[23.667s] -- Installing: /home/jagdeesh/tracker/install/ros_gz_interfaces/include/ros_gz_interfaces/ros_gz_interfaces/msg/detail/entity_factory__functions.h
[23.667s] -- Installing: /home/jagdeesh/tracker/install/ros_gz_interfaces/include/ros_gz_interfaces/ros_gz_interfaces/msg/detail/light__functions.h
[23.668s] -- Installing: /home/jagdeesh/tracker/install/ros_gz_interfaces/include/ros_gz_interfaces/ros_gz_interfaces/msg/detail/string_vec__functions.h
[23.668s] -- Installing: /home/jagdeesh/tracker/install/ros_gz_interfaces/include/ros_gz_interfaces/ros_gz_interfaces/msg/detail/float32_array__functions.c
[23.668s] -- Installing: /home/jagdeesh/tracker/install/ros_gz_interfaces/include/ros_gz_interfaces/ros_gz_interfaces/msg/detail/altimeter__type_support.h
[23.668s] -- Installing: /home/jagdeesh/tracker/install/ros_gz_interfaces/include/ros_gz_interfaces/ros_gz_interfaces/msg/detail/float32_array__type_support.h
[23.668s] -- Installing: /home/jagdeesh/tracker/install/ros_gz_interfaces/include/ros_gz_interfaces/ros_gz_interfaces/msg/detail/joint_wrench__type_support.h
[23.668s] -- Installing: /home/jagdeesh/tracker/install/ros_gz_interfaces/include/ros_gz_interfaces/ros_gz_interfaces/msg/detail/contact__functions.h
[23.668s] -- Installing: /home/jagdeesh/tracker/install/ros_gz_interfaces/include/ros_gz_interfaces/ros_gz_interfaces/msg/detail/track_visual__type_support.h
[23.668s] -- Installing: /home/jagdeesh/tracker/install/ros_gz_interfaces/include/ros_gz_interfaces/ros_gz_interfaces/msg/detail/entity__type_support.h
[23.668s] -- Installing: /home/jagdeesh/tracker/install/ros_gz_interfaces/include/ros_gz_interfaces/ros_gz_interfaces/msg/detail/contact__type_support.h
[23.669s] -- Installing: /home/jagdeesh/tracker/install/ros_gz_interfaces/include/ros_gz_interfaces/ros_gz_interfaces/msg/detail/dataframe__type_support.h
[23.669s] -- Installing: /home/jagdeesh/tracker/install/ros_gz_interfaces/include/ros_gz_interfaces/ros_gz_interfaces/msg/detail/material_color__type_support.h
[23.669s] -- Installing: /home/jagdeesh/tracker/install/ros_gz_interfaces/include/ros_gz_interfaces/ros_gz_interfaces/msg/detail/light__struct.h
[23.669s] -- Installing: /home/jagdeesh/tracker/install/ros_gz_interfaces/include/ros_gz_interfaces/ros_gz_interfaces/msg/detail/world_reset__functions.h
[23.669s] -- Installing: /home/jagdeesh/tracker/install/ros_gz_interfaces/include/ros_gz_interfaces/ros_gz_interfaces/msg/detail/contacts__struct.h
[23.669s] -- Installing: /home/jagdeesh/tracker/install/ros_gz_interfaces/include/ros_gz_interfaces/ros_gz_interfaces/msg/detail/joint_wrench__functions.c
[23.669s] -- Installing: /home/jagdeesh/tracker/install/ros_gz_interfaces/include/ros_gz_interfaces/ros_gz_interfaces/msg/detail/dataframe__struct.h
[23.669s] -- Installing: /home/jagdeesh/tracker/install/ros_gz_interfaces/include/ros_gz_interfaces/ros_gz_interfaces/msg/detail/gui_camera__functions.h
[23.670s] -- Installing: /home/jagdeesh/tracker/install/ros_gz_interfaces/include/ros_gz_interfaces/ros_gz_interfaces/msg/detail/entity_wrench__functions.h
[23.670s] -- Installing: /home/jagdeesh/tracker/install/ros_gz_interfaces/include/ros_gz_interfaces/ros_gz_interfaces/msg/detail/entity_factory__functions.c
[23.670s] -- Installing: /home/jagdeesh/tracker/install/ros_gz_interfaces/include/ros_gz_interfaces/ros_gz_interfaces/msg/detail/gui_camera__type_support.h
[23.670s] -- Installing: /home/jagdeesh/tracker/install/ros_gz_interfaces/include/ros_gz_interfaces/ros_gz_interfaces/msg/detail/altimeter__functions.c
[23.670s] -- Installing: /home/jagdeesh/tracker/install/ros_gz_interfaces/include/ros_gz_interfaces/ros_gz_interfaces/msg/detail/track_visual__functions.c
[23.670s] -- Installing: /home/jagdeesh/tracker/install/ros_gz_interfaces/include/ros_gz_interfaces/ros_gz_interfaces/msg/detail/entity_factory__type_support.h
[23.670s] -- Installing: /home/jagdeesh/tracker/install/ros_gz_interfaces/include/ros_gz_interfaces/ros_gz_interfaces/msg/detail/sensor_noise__struct.h
[23.670s] -- Installing: /home/jagdeesh/tracker/install/ros_gz_interfaces/include/ros_gz_interfaces/ros_gz_interfaces/msg/detail/material_color__struct.h
[23.670s] -- Installing: /home/jagdeesh/tracker/install/ros_gz_interfaces/include/ros_gz_interfaces/ros_gz_interfaces/msg/detail/sensor_noise__functions.c
[23.671s] -- Installing: /home/jagdeesh/tracker/install/ros_gz_interfaces/include/ros_gz_interfaces/ros_gz_interfaces/msg/detail/world_reset__struct.h
[23.671s] -- Installing: /home/jagdeesh/tracker/install/ros_gz_interfaces/include/ros_gz_interfaces/ros_gz_interfaces/msg/detail/track_visual__functions.h
[23.671s] -- Installing: /home/jagdeesh/tracker/install/ros_gz_interfaces/include/ros_gz_interfaces/ros_gz_interfaces/msg/detail/world_reset__type_support.h
[23.671s] -- Installing: /home/jagdeesh/tracker/install/ros_gz_interfaces/include/ros_gz_interfaces/ros_gz_interfaces/msg/detail/video_record__functions.h
[23.671s] -- Installing: /home/jagdeesh/tracker/install/ros_gz_interfaces/include/ros_gz_interfaces/ros_gz_interfaces/msg/detail/entity_wrench__functions.c
[23.671s] -- Installing: /home/jagdeesh/tracker/install/ros_gz_interfaces/include/ros_gz_interfaces/ros_gz_interfaces/msg/detail/world_control__type_support.h
[23.671s] -- Installing: /home/jagdeesh/tracker/install/ros_gz_interfaces/include/ros_gz_interfaces/ros_gz_interfaces/msg/detail/world_control__struct.h
[23.672s] -- Installing: /home/jagdeesh/tracker/install/ros_gz_interfaces/include/ros_gz_interfaces/ros_gz_interfaces/msg/detail/entity__functions.c
[23.672s] -- Installing: /home/jagdeesh/tracker/install/ros_gz_interfaces/include/ros_gz_interfaces/ros_gz_interfaces/msg/detail/video_record__struct.h
[23.672s] -- Installing: /home/jagdeesh/tracker/install/ros_gz_interfaces/include/ros_gz_interfaces/ros_gz_interfaces/msg/detail/altimeter__functions.h
[23.672s] -- Installing: /home/jagdeesh/tracker/install/ros_gz_interfaces/include/ros_gz_interfaces/ros_gz_interfaces/msg/detail/entity_factory__struct.h
[23.672s] -- Installing: /home/jagdeesh/tracker/install/ros_gz_interfaces/include/ros_gz_interfaces/ros_gz_interfaces/msg/detail/joint_wrench__struct.h
[23.672s] -- Installing: /home/jagdeesh/tracker/install/ros_gz_interfaces/include/ros_gz_interfaces/ros_gz_interfaces/msg/detail/entity_wrench__struct.h
[23.672s] -- Installing: /home/jagdeesh/tracker/install/ros_gz_interfaces/include/ros_gz_interfaces/ros_gz_interfaces/msg/detail/entity__functions.h
[23.672s] -- Installing: /home/jagdeesh/tracker/install/ros_gz_interfaces/include/ros_gz_interfaces/ros_gz_interfaces/msg/detail/dataframe__functions.h
[23.672s] -- Installing: /home/jagdeesh/tracker/install/ros_gz_interfaces/include/ros_gz_interfaces/ros_gz_interfaces/msg/detail/gui_camera__functions.c
[23.673s] -- Installing: /home/jagdeesh/tracker/install/ros_gz_interfaces/include/ros_gz_interfaces/ros_gz_interfaces/msg/detail/light__type_support.h
[23.673s] -- Installing: /home/jagdeesh/tracker/install/ros_gz_interfaces/include/ros_gz_interfaces/ros_gz_interfaces/msg/detail/track_visual__struct.h
[23.673s] -- Installing: /home/jagdeesh/tracker/install/ros_gz_interfaces/include/ros_gz_interfaces/ros_gz_interfaces/msg/detail/sensor_noise__type_support.h
[23.673s] -- Installing: /home/jagdeesh/tracker/install/ros_gz_interfaces/include/ros_gz_interfaces/ros_gz_interfaces/msg/detail/entity__struct.h
[23.673s] -- Installing: /home/jagdeesh/tracker/install/ros_gz_interfaces/include/ros_gz_interfaces/ros_gz_interfaces/msg/detail/contacts__functions.h
[23.673s] -- Installing: /home/jagdeesh/tracker/install/ros_gz_interfaces/include/ros_gz_interfaces/ros_gz_interfaces/msg/detail/contact__functions.c
[23.673s] -- Installing: /home/jagdeesh/tracker/install/ros_gz_interfaces/include/ros_gz_interfaces/ros_gz_interfaces/msg/detail/string_vec__struct.h
[23.673s] -- Installing: /home/jagdeesh/tracker/install/ros_gz_interfaces/include/ros_gz_interfaces/ros_gz_interfaces/msg/detail/video_record__type_support.h
[23.673s] -- Installing: /home/jagdeesh/tracker/install/ros_gz_interfaces/include/ros_gz_interfaces/ros_gz_interfaces/msg/detail/video_record__functions.c
[23.674s] -- Installing: /home/jagdeesh/tracker/install/ros_gz_interfaces/include/ros_gz_interfaces/ros_gz_interfaces/msg/detail/joint_wrench__functions.h
[23.674s] -- Installing: /home/jagdeesh/tracker/install/ros_gz_interfaces/include/ros_gz_interfaces/ros_gz_interfaces/msg/detail/sensor_noise__functions.h
[23.674s] -- Installing: /home/jagdeesh/tracker/install/ros_gz_interfaces/include/ros_gz_interfaces/ros_gz_interfaces/msg/detail/altimeter__struct.h
[23.674s] -- Installing: /home/jagdeesh/tracker/install/ros_gz_interfaces/include/ros_gz_interfaces/ros_gz_interfaces/msg/detail/param_vec__functions.c
[23.674s] -- Installing: /home/jagdeesh/tracker/install/ros_gz_interfaces/include/ros_gz_interfaces/ros_gz_interfaces/msg/detail/material_color__functions.h
[23.674s] -- Installing: /home/jagdeesh/tracker/install/ros_gz_interfaces/include/ros_gz_interfaces/ros_gz_interfaces/msg/detail/light__functions.c
[23.674s] -- Installing: /home/jagdeesh/tracker/install/ros_gz_interfaces/include/ros_gz_interfaces/ros_gz_interfaces/msg/detail/entity_wrench__type_support.h
[23.674s] -- Installing: /home/jagdeesh/tracker/install/ros_gz_interfaces/include/ros_gz_interfaces/ros_gz_interfaces/msg/detail/world_control__functions.c
[23.675s] -- Installing: /home/jagdeesh/tracker/install/ros_gz_interfaces/include/ros_gz_interfaces/ros_gz_interfaces/msg/detail/dataframe__functions.c
[23.675s] -- Installing: /home/jagdeesh/tracker/install/ros_gz_interfaces/include/ros_gz_interfaces/ros_gz_interfaces/msg/detail/contacts__functions.c
[23.675s] -- Installing: /home/jagdeesh/tracker/install/ros_gz_interfaces/include/ros_gz_interfaces/ros_gz_interfaces/msg/detail/param_vec__functions.h
[23.675s] -- Installing: /home/jagdeesh/tracker/install/ros_gz_interfaces/include/ros_gz_interfaces/ros_gz_interfaces/msg/detail/param_vec__type_support.h
[23.675s] -- Installing: /home/jagdeesh/tracker/install/ros_gz_interfaces/include/ros_gz_interfaces/ros_gz_interfaces/msg/detail/world_control__functions.h
[23.675s] -- Installing: /home/jagdeesh/tracker/install/ros_gz_interfaces/include/ros_gz_interfaces/ros_gz_interfaces/msg/detail/float32_array__struct.h
[23.675s] -- Installing: /home/jagdeesh/tracker/install/ros_gz_interfaces/include/ros_gz_interfaces/ros_gz_interfaces/msg/detail/param_vec__struct.h
[23.675s] -- Installing: /home/jagdeesh/tracker/install/ros_gz_interfaces/include/ros_gz_interfaces/ros_gz_interfaces/msg/detail/contacts__type_support.h
[23.676s] -- Installing: /home/jagdeesh/tracker/install/ros_gz_interfaces/include/ros_gz_interfaces/ros_gz_interfaces/msg/detail/string_vec__type_support.h
[23.676s] -- Installing: /home/jagdeesh/tracker/install/ros_gz_interfaces/include/ros_gz_interfaces/ros_gz_interfaces/msg/detail/world_reset__functions.c
[23.676s] -- Installing: /home/jagdeesh/tracker/install/ros_gz_interfaces/include/ros_gz_interfaces/ros_gz_interfaces/msg/detail/string_vec__functions.c
[23.676s] -- Installing: /home/jagdeesh/tracker/install/ros_gz_interfaces/include/ros_gz_interfaces/ros_gz_interfaces/msg/detail/float32_array__functions.h
[23.676s] -- Installing: /home/jagdeesh/tracker/install/ros_gz_interfaces/include/ros_gz_interfaces/ros_gz_interfaces/msg/entity_wrench.h
[23.676s] -- Installing: /home/jagdeesh/tracker/install/ros_gz_interfaces/include/ros_gz_interfaces/ros_gz_interfaces/msg/light.h
[23.676s] -- Installing: /home/jagdeesh/tracker/install/ros_gz_interfaces/include/ros_gz_interfaces/ros_gz_interfaces/msg/gui_camera.h
[23.676s] -- Installing: /home/jagdeesh/tracker/install/ros_gz_interfaces/include/ros_gz_interfaces/ros_gz_interfaces/msg/entity_factory.h
[23.676s] -- Installing: /home/jagdeesh/tracker/install/ros_gz_interfaces/include/ros_gz_interfaces/ros_gz_interfaces/msg/video_record.h
[23.677s] -- Installing: /home/jagdeesh/tracker/install/ros_gz_interfaces/include/ros_gz_interfaces/ros_gz_interfaces/msg/world_control.h
[23.677s] -- Installing: /home/jagdeesh/tracker/install/ros_gz_interfaces/include/ros_gz_interfaces/ros_gz_interfaces/msg/world_reset.h
[23.677s] -- Installing: /home/jagdeesh/tracker/install/ros_gz_interfaces/include/ros_gz_interfaces/ros_gz_interfaces/msg/float32_array.h
[23.677s] -- Installing: /home/jagdeesh/tracker/install/ros_gz_interfaces/include/ros_gz_interfaces/ros_gz_interfaces/msg/dataframe.h
[23.677s] -- Installing: /home/jagdeesh/tracker/install/ros_gz_interfaces/include/ros_gz_interfaces/ros_gz_interfaces/msg/sensor_noise.h
[23.677s] -- Installing: /home/jagdeesh/tracker/install/ros_gz_interfaces/include/ros_gz_interfaces/ros_gz_interfaces/msg/contacts.h
[23.677s] -- Installing: /home/jagdeesh/tracker/install/ros_gz_interfaces/include/ros_gz_interfaces/ros_gz_interfaces/msg/material_color.h
[23.677s] -- Installing: /home/jagdeesh/tracker/install/ros_gz_interfaces/include/ros_gz_interfaces/ros_gz_interfaces/msg/entity.h
[23.677s] -- Installing: /home/jagdeesh/tracker/install/ros_gz_interfaces/include/ros_gz_interfaces/ros_gz_interfaces/msg/track_visual.h
[23.678s] -- Installing: /home/jagdeesh/tracker/install/ros_gz_interfaces/share/ros_gz_interfaces/environment/library_path.sh
[23.678s] -- Installing: /home/jagdeesh/tracker/install/ros_gz_interfaces/share/ros_gz_interfaces/environment/library_path.dsv
[23.678s] -- Installing: /home/jagdeesh/tracker/install/ros_gz_interfaces/lib/libros_gz_interfaces__rosidl_generator_c.so
[23.679s] -- Set runtime path of "/home/jagdeesh/tracker/install/ros_gz_interfaces/lib/libros_gz_interfaces__rosidl_generator_c.so" to ""
[23.679s] -- Up-to-date: /home/jagdeesh/tracker/install/ros_gz_interfaces/include/ros_gz_interfaces/ros_gz_interfaces
[23.679s] -- Up-to-date: /home/jagdeesh/tracker/install/ros_gz_interfaces/include/ros_gz_interfaces/ros_gz_interfaces/srv
[23.679s] -- Up-to-date: /home/jagdeesh/tracker/install/ros_gz_interfaces/include/ros_gz_interfaces/ros_gz_interfaces/srv/detail
[23.679s] -- Installing: /home/jagdeesh/tracker/install/ros_gz_interfaces/include/ros_gz_interfaces/ros_gz_interfaces/srv/detail/control_world__rosidl_typesupport_fastrtps_c.h
[23.679s] -- Installing: /home/jagdeesh/tracker/install/ros_gz_interfaces/include/ros_gz_interfaces/ros_gz_interfaces/srv/detail/delete_entity__rosidl_typesupport_fastrtps_c.h
[23.679s] -- Installing: /home/jagdeesh/tracker/install/ros_gz_interfaces/include/ros_gz_interfaces/ros_gz_interfaces/srv/detail/spawn_entity__rosidl_typesupport_fastrtps_c.h
[23.679s] -- Installing: /home/jagdeesh/tracker/install/ros_gz_interfaces/include/ros_gz_interfaces/ros_gz_interfaces/srv/detail/set_entity_pose__rosidl_typesupport_fastrtps_c.h
[23.679s] -- Up-to-date: /home/jagdeesh/tracker/install/ros_gz_interfaces/include/ros_gz_interfaces/ros_gz_interfaces/msg
[23.679s] -- Up-to-date: /home/jagdeesh/tracker/install/ros_gz_interfaces/include/ros_gz_interfaces/ros_gz_interfaces/msg/detail
[23.680s] -- Installing: /home/jagdeesh/tracker/install/ros_gz_interfaces/include/ros_gz_interfaces/ros_gz_interfaces/msg/detail/contacts__rosidl_typesupport_fastrtps_c.h
[23.680s] -- Installing: /home/jagdeesh/tracker/install/ros_gz_interfaces/include/ros_gz_interfaces/ros_gz_interfaces/msg/detail/entity_wrench__rosidl_typesupport_fastrtps_c.h
[23.680s] -- Installing: /home/jagdeesh/tracker/install/ros_gz_interfaces/include/ros_gz_interfaces/ros_gz_interfaces/msg/detail/float32_array__rosidl_typesupport_fastrtps_c.h
[23.680s] -- Installing: /home/jagdeesh/tracker/install/ros_gz_interfaces/include/ros_gz_interfaces/ros_gz_interfaces/msg/detail/world_reset__rosidl_typesupport_fastrtps_c.h
[23.680s] -- Installing: /home/jagdeesh/tracker/install/ros_gz_interfaces/include/ros_gz_interfaces/ros_gz_interfaces/msg/detail/altimeter__rosidl_typesupport_fastrtps_c.h
[23.680s] -- Installing: /home/jagdeesh/tracker/install/ros_gz_interfaces/include/ros_gz_interfaces/ros_gz_interfaces/msg/detail/dataframe__rosidl_typesupport_fastrtps_c.h
[23.680s] -- Installing: /home/jagdeesh/tracker/install/ros_gz_interfaces/include/ros_gz_interfaces/ros_gz_interfaces/msg/detail/video_record__rosidl_typesupport_fastrtps_c.h
[23.680s] -- Installing: /home/jagdeesh/tracker/install/ros_gz_interfaces/include/ros_gz_interfaces/ros_gz_interfaces/msg/detail/light__rosidl_typesupport_fastrtps_c.h
[23.680s] -- Installing: /home/jagdeesh/tracker/install/ros_gz_interfaces/include/ros_gz_interfaces/ros_gz_interfaces/msg/detail/joint_wrench__rosidl_typesupport_fastrtps_c.h
[23.680s] -- Installing: /home/jagdeesh/tracker/install/ros_gz_interfaces/include/ros_gz_interfaces/ros_gz_interfaces/msg/detail/gui_camera__rosidl_typesupport_fastrtps_c.h
[23.681s] -- Installing: /home/jagdeesh/tracker/install/ros_gz_interfaces/include/ros_gz_interfaces/ros_gz_interfaces/msg/detail/entity_factory__rosidl_typesupport_fastrtps_c.h
[23.681s] -- Installing: /home/jagdeesh/tracker/install/ros_gz_interfaces/include/ros_gz_interfaces/ros_gz_interfaces/msg/detail/entity__rosidl_typesupport_fastrtps_c.h
[23.681s] -- Installing: /home/jagdeesh/tracker/install/ros_gz_interfaces/include/ros_gz_interfaces/ros_gz_interfaces/msg/detail/sensor_noise__rosidl_typesupport_fastrtps_c.h
[23.681s] -- Installing: /home/jagdeesh/tracker/install/ros_gz_interfaces/include/ros_gz_interfaces/ros_gz_interfaces/msg/detail/track_visual__rosidl_typesupport_fastrtps_c.h
[23.681s] -- Installing: /home/jagdeesh/tracker/install/ros_gz_interfaces/include/ros_gz_interfaces/ros_gz_interfaces/msg/detail/contact__rosidl_typesupport_fastrtps_c.h
[23.681s] -- Installing: /home/jagdeesh/tracker/install/ros_gz_interfaces/include/ros_gz_interfaces/ros_gz_interfaces/msg/detail/string_vec__rosidl_typesupport_fastrtps_c.h
[23.681s] -- Installing: /home/jagdeesh/tracker/install/ros_gz_interfaces/include/ros_gz_interfaces/ros_gz_interfaces/msg/detail/material_color__rosidl_typesupport_fastrtps_c.h
[23.681s] -- Installing: /home/jagdeesh/tracker/install/ros_gz_interfaces/include/ros_gz_interfaces/ros_gz_interfaces/msg/detail/world_control__rosidl_typesupport_fastrtps_c.h
[23.681s] -- Installing: /home/jagdeesh/tracker/install/ros_gz_interfaces/include/ros_gz_interfaces/ros_gz_interfaces/msg/detail/param_vec__rosidl_typesupport_fastrtps_c.h
[23.682s] -- Installing: /home/jagdeesh/tracker/install/ros_gz_interfaces/include/ros_gz_interfaces/ros_gz_interfaces/msg/rosidl_typesupport_fastrtps_c__visibility_control.h
[23.682s] -- Installing: /home/jagdeesh/tracker/install/ros_gz_interfaces/lib/libros_gz_interfaces__rosidl_typesupport_fastrtps_c.so
[23.682s] -- Set runtime path of "/home/jagdeesh/tracker/install/ros_gz_interfaces/lib/libros_gz_interfaces__rosidl_typesupport_fastrtps_c.so" to ""
[23.683s] -- Up-to-date: /home/jagdeesh/tracker/install/ros_gz_interfaces/include/ros_gz_interfaces/ros_gz_interfaces
[23.683s] -- Up-to-date: /home/jagdeesh/tracker/install/ros_gz_interfaces/include/ros_gz_interfaces/ros_gz_interfaces/srv
[23.683s] -- Installing: /home/jagdeesh/tracker/install/ros_gz_interfaces/include/ros_gz_interfaces/ros_gz_interfaces/srv/control_world.hpp
[23.683s] -- Installing: /home/jagdeesh/tracker/install/ros_gz_interfaces/include/ros_gz_interfaces/ros_gz_interfaces/srv/delete_entity.hpp
[23.683s] -- Up-to-date: /home/jagdeesh/tracker/install/ros_gz_interfaces/include/ros_gz_interfaces/ros_gz_interfaces/srv/detail
[23.683s] -- Installing: /home/jagdeesh/tracker/install/ros_gz_interfaces/include/ros_gz_interfaces/ros_gz_interfaces/srv/detail/spawn_entity__struct.hpp
[23.683s] -- Installing: /home/jagdeesh/tracker/install/ros_gz_interfaces/include/ros_gz_interfaces/ros_gz_interfaces/srv/detail/control_world__builder.hpp
[23.683s] -- Installing: /home/jagdeesh/tracker/install/ros_gz_interfaces/include/ros_gz_interfaces/ros_gz_interfaces/srv/detail/control_world__struct.hpp
[23.683s] -- Installing: /home/jagdeesh/tracker/install/ros_gz_interfaces/include/ros_gz_interfaces/ros_gz_interfaces/srv/detail/set_entity_pose__builder.hpp
[23.683s] -- Installing: /home/jagdeesh/tracker/install/ros_gz_interfaces/include/ros_gz_interfaces/ros_gz_interfaces/srv/detail/spawn_entity__builder.hpp
[23.683s] -- Installing: /home/jagdeesh/tracker/install/ros_gz_interfaces/include/ros_gz_interfaces/ros_gz_interfaces/srv/detail/set_entity_pose__struct.hpp
[23.683s] -- Installing: /home/jagdeesh/tracker/install/ros_gz_interfaces/include/ros_gz_interfaces/ros_gz_interfaces/srv/detail/control_world__type_support.hpp
[23.684s] -- Installing: /home/jagdeesh/tracker/install/ros_gz_interfaces/include/ros_gz_interfaces/ros_gz_interfaces/srv/detail/delete_entity__builder.hpp
[23.684s] -- Installing: /home/jagdeesh/tracker/install/ros_gz_interfaces/include/ros_gz_interfaces/ros_gz_interfaces/srv/detail/delete_entity__traits.hpp
[23.684s] -- Installing: /home/jagdeesh/tracker/install/ros_gz_interfaces/include/ros_gz_interfaces/ros_gz_interfaces/srv/detail/spawn_entity__traits.hpp
[23.684s] -- Installing: /home/jagdeesh/tracker/install/ros_gz_interfaces/include/ros_gz_interfaces/ros_gz_interfaces/srv/detail/delete_entity__struct.hpp
[23.684s] -- Installing: /home/jagdeesh/tracker/install/ros_gz_interfaces/include/ros_gz_interfaces/ros_gz_interfaces/srv/detail/delete_entity__type_support.hpp
[23.684s] -- Installing: /home/jagdeesh/tracker/install/ros_gz_interfaces/include/ros_gz_interfaces/ros_gz_interfaces/srv/detail/control_world__traits.hpp
[23.685s] -- Installing: /home/jagdeesh/tracker/install/ros_gz_interfaces/include/ros_gz_interfaces/ros_gz_interfaces/srv/detail/set_entity_pose__type_support.hpp
[23.685s] -- Installing: /home/jagdeesh/tracker/install/ros_gz_interfaces/include/ros_gz_interfaces/ros_gz_interfaces/srv/detail/set_entity_pose__traits.hpp
[23.685s] -- Installing: /home/jagdeesh/tracker/install/ros_gz_interfaces/include/ros_gz_interfaces/ros_gz_interfaces/srv/detail/spawn_entity__type_support.hpp
[23.685s] -- Installing: /home/jagdeesh/tracker/install/ros_gz_interfaces/include/ros_gz_interfaces/ros_gz_interfaces/srv/spawn_entity.hpp
[23.685s] -- Installing: /home/jagdeesh/tracker/install/ros_gz_interfaces/include/ros_gz_interfaces/ros_gz_interfaces/srv/set_entity_pose.hpp
[23.685s] -- Up-to-date: /home/jagdeesh/tracker/install/ros_gz_interfaces/include/ros_gz_interfaces/ros_gz_interfaces/msg
[23.685s] -- Installing: /home/jagdeesh/tracker/install/ros_gz_interfaces/include/ros_gz_interfaces/ros_gz_interfaces/msg/world_reset.hpp
[23.686s] -- Installing: /home/jagdeesh/tracker/install/ros_gz_interfaces/include/ros_gz_interfaces/ros_gz_interfaces/msg/track_visual.hpp
[23.686s] -- Installing: /home/jagdeesh/tracker/install/ros_gz_interfaces/include/ros_gz_interfaces/ros_gz_interfaces/msg/dataframe.hpp
[23.686s] -- Installing: /home/jagdeesh/tracker/install/ros_gz_interfaces/include/ros_gz_interfaces/ros_gz_interfaces/msg/rosidl_generator_cpp__visibility_control.hpp
[23.686s] -- Up-to-date: /home/jagdeesh/tracker/install/ros_gz_interfaces/include/ros_gz_interfaces/ros_gz_interfaces/msg/detail
[23.686s] -- Installing: /home/jagdeesh/tracker/install/ros_gz_interfaces/include/ros_gz_interfaces/ros_gz_interfaces/msg/detail/param_vec__builder.hpp
[23.686s] -- Installing: /home/jagdeesh/tracker/install/ros_gz_interfaces/include/ros_gz_interfaces/ros_gz_interfaces/msg/detail/float32_array__builder.hpp
[23.686s] -- Installing: /home/jagdeesh/tracker/install/ros_gz_interfaces/include/ros_gz_interfaces/ros_gz_interfaces/msg/detail/param_vec__type_support.hpp
[23.686s] -- Installing: /home/jagdeesh/tracker/install/ros_gz_interfaces/include/ros_gz_interfaces/ros_gz_interfaces/msg/detail/dataframe__builder.hpp
[23.687s] -- Installing: /home/jagdeesh/tracker/install/ros_gz_interfaces/include/ros_gz_interfaces/ros_gz_interfaces/msg/detail/track_visual__traits.hpp
[23.687s] -- Installing: /home/jagdeesh/tracker/install/ros_gz_interfaces/include/ros_gz_interfaces/ros_gz_interfaces/msg/detail/param_vec__traits.hpp
[23.687s] -- Installing: /home/jagdeesh/tracker/install/ros_gz_interfaces/include/ros_gz_interfaces/ros_gz_interfaces/msg/detail/material_color__type_support.hpp
[23.687s] -- Installing: /home/jagdeesh/tracker/install/ros_gz_interfaces/include/ros_gz_interfaces/ros_gz_interfaces/msg/detail/string_vec__type_support.hpp
[23.687s] -- Installing: /home/jagdeesh/tracker/install/ros_gz_interfaces/include/ros_gz_interfaces/ros_gz_interfaces/msg/detail/entity_wrench__traits.hpp
[23.687s] -- Installing: /home/jagdeesh/tracker/install/ros_gz_interfaces/include/ros_gz_interfaces/ros_gz_interfaces/msg/detail/sensor_noise__traits.hpp
[23.687s] -- Installing: /home/jagdeesh/tracker/install/ros_gz_interfaces/include/ros_gz_interfaces/ros_gz_interfaces/msg/detail/gui_camera__struct.hpp
[23.687s] -- Installing: /home/jagdeesh/tracker/install/ros_gz_interfaces/include/ros_gz_interfaces/ros_gz_interfaces/msg/detail/sensor_noise__struct.hpp
[23.688s] -- Installing: /home/jagdeesh/tracker/install/ros_gz_interfaces/include/ros_gz_interfaces/ros_gz_interfaces/msg/detail/gui_camera__builder.hpp
[23.688s] -- Installing: /home/jagdeesh/tracker/install/ros_gz_interfaces/include/ros_gz_interfaces/ros_gz_interfaces/msg/detail/string_vec__builder.hpp
[23.688s] -- Installing: /home/jagdeesh/tracker/install/ros_gz_interfaces/include/ros_gz_interfaces/ros_gz_interfaces/msg/detail/gui_camera__type_support.hpp
[23.688s] -- Installing: /home/jagdeesh/tracker/install/ros_gz_interfaces/include/ros_gz_interfaces/ros_gz_interfaces/msg/detail/dataframe__struct.hpp
[23.688s] -- Installing: /home/jagdeesh/tracker/install/ros_gz_interfaces/include/ros_gz_interfaces/ros_gz_interfaces/msg/detail/float32_array__traits.hpp
[23.688s] -- Installing: /home/jagdeesh/tracker/install/ros_gz_interfaces/include/ros_gz_interfaces/ros_gz_interfaces/msg/detail/material_color__struct.hpp
[23.688s] -- Installing: /home/jagdeesh/tracker/install/ros_gz_interfaces/include/ros_gz_interfaces/ros_gz_interfaces/msg/detail/param_vec__struct.hpp
[23.688s] -- Installing: /home/jagdeesh/tracker/install/ros_gz_interfaces/include/ros_gz_interfaces/ros_gz_interfaces/msg/detail/video_record__type_support.hpp
[23.688s] -- Installing: /home/jagdeesh/tracker/install/ros_gz_interfaces/include/ros_gz_interfaces/ros_gz_interfaces/msg/detail/contact__traits.hpp
[23.689s] -- Installing: /home/jagdeesh/tracker/install/ros_gz_interfaces/include/ros_gz_interfaces/ros_gz_interfaces/msg/detail/joint_wrench__struct.hpp
[23.689s] -- Installing: /home/jagdeesh/tracker/install/ros_gz_interfaces/include/ros_gz_interfaces/ros_gz_interfaces/msg/detail/contacts__type_support.hpp
[23.689s] -- Installing: /home/jagdeesh/tracker/install/ros_gz_interfaces/include/ros_gz_interfaces/ros_gz_interfaces/msg/detail/contact__builder.hpp
[23.689s] -- Installing: /home/jagdeesh/tracker/install/ros_gz_interfaces/include/ros_gz_interfaces/ros_gz_interfaces/msg/detail/world_control__type_support.hpp
[23.689s] -- Installing: /home/jagdeesh/tracker/install/ros_gz_interfaces/include/ros_gz_interfaces/ros_gz_interfaces/msg/detail/track_visual__builder.hpp
[23.689s] -- Installing: /home/jagdeesh/tracker/install/ros_gz_interfaces/include/ros_gz_interfaces/ros_gz_interfaces/msg/detail/video_record__traits.hpp
[23.689s] -- Installing: /home/jagdeesh/tracker/install/ros_gz_interfaces/include/ros_gz_interfaces/ros_gz_interfaces/msg/detail/contact__type_support.hpp
[23.689s] -- Installing: /home/jagdeesh/tracker/install/ros_gz_interfaces/include/ros_gz_interfaces/ros_gz_interfaces/msg/detail/entity__struct.hpp
[23.690s] -- Installing: /home/jagdeesh/tracker/install/ros_gz_interfaces/include/ros_gz_interfaces/ros_gz_interfaces/msg/detail/joint_wrench__builder.hpp
[23.690s] -- Installing: /home/jagdeesh/tracker/install/ros_gz_interfaces/include/ros_gz_interfaces/ros_gz_interfaces/msg/detail/entity_wrench__type_support.hpp
[23.690s] -- Installing: /home/jagdeesh/tracker/install/ros_gz_interfaces/include/ros_gz_interfaces/ros_gz_interfaces/msg/detail/entity_factory__type_support.hpp
[23.690s] -- Installing: /home/jagdeesh/tracker/install/ros_gz_interfaces/include/ros_gz_interfaces/ros_gz_interfaces/msg/detail/video_record__builder.hpp
[23.690s] -- Installing: /home/jagdeesh/tracker/install/ros_gz_interfaces/include/ros_gz_interfaces/ros_gz_interfaces/msg/detail/contacts__builder.hpp
[23.690s] -- Installing: /home/jagdeesh/tracker/install/ros_gz_interfaces/include/ros_gz_interfaces/ros_gz_interfaces/msg/detail/world_reset__struct.hpp
[23.690s] -- Installing: /home/jagdeesh/tracker/install/ros_gz_interfaces/include/ros_gz_interfaces/ros_gz_interfaces/msg/detail/video_record__struct.hpp
[23.691s] -- Installing: /home/jagdeesh/tracker/install/ros_gz_interfaces/include/ros_gz_interfaces/ros_gz_interfaces/msg/detail/altimeter__struct.hpp
[23.691s] -- Installing: /home/jagdeesh/tracker/install/ros_gz_interfaces/include/ros_gz_interfaces/ros_gz_interfaces/msg/detail/track_visual__type_support.hpp
[23.691s] -- Installing: /home/jagdeesh/tracker/install/ros_gz_interfaces/include/ros_gz_interfaces/ros_gz_interfaces/msg/detail/world_control__struct.hpp
[23.691s] -- Installing: /home/jagdeesh/tracker/install/ros_gz_interfaces/include/ros_gz_interfaces/ros_gz_interfaces/msg/detail/light__type_support.hpp
[23.691s] -- Installing: /home/jagdeesh/tracker/install/ros_gz_interfaces/include/ros_gz_interfaces/ros_gz_interfaces/msg/detail/contacts__struct.hpp
[23.691s] -- Installing: /home/jagdeesh/tracker/install/ros_gz_interfaces/include/ros_gz_interfaces/ros_gz_interfaces/msg/detail/dataframe__type_support.hpp
[23.691s] -- Installing: /home/jagdeesh/tracker/install/ros_gz_interfaces/include/ros_gz_interfaces/ros_gz_interfaces/msg/detail/world_reset__traits.hpp
[23.691s] -- Installing: /home/jagdeesh/tracker/install/ros_gz_interfaces/include/ros_gz_interfaces/ros_gz_interfaces/msg/detail/joint_wrench__traits.hpp
[23.692s] -- Installing: /home/jagdeesh/tracker/install/ros_gz_interfaces/include/ros_gz_interfaces/ros_gz_interfaces/msg/detail/world_reset__type_support.hpp
[23.692s] -- Installing: /home/jagdeesh/tracker/install/ros_gz_interfaces/include/ros_gz_interfaces/ros_gz_interfaces/msg/detail/float32_array__struct.hpp
[23.692s] -- Installing: /home/jagdeesh/tracker/install/ros_gz_interfaces/include/ros_gz_interfaces/ros_gz_interfaces/msg/detail/gui_camera__traits.hpp
[23.692s] -- Installing: /home/jagdeesh/tracker/install/ros_gz_interfaces/include/ros_gz_interfaces/ros_gz_interfaces/msg/detail/float32_array__type_support.hpp
[23.692s] -- Installing: /home/jagdeesh/tracker/install/ros_gz_interfaces/include/ros_gz_interfaces/ros_gz_interfaces/msg/detail/string_vec__traits.hpp
[23.692s] -- Installing: /home/jagdeesh/tracker/install/ros_gz_interfaces/include/ros_gz_interfaces/ros_gz_interfaces/msg/detail/entity__type_support.hpp
[23.692s] -- Installing: /home/jagdeesh/tracker/install/ros_gz_interfaces/include/ros_gz_interfaces/ros_gz_interfaces/msg/detail/joint_wrench__type_support.hpp
[23.693s] -- Installing: /home/jagdeesh/tracker/install/ros_gz_interfaces/include/ros_gz_interfaces/ros_gz_interfaces/msg/detail/material_color__traits.hpp
[23.693s] -- Installing: /home/jagdeesh/tracker/install/ros_gz_interfaces/include/ros_gz_interfaces/ros_gz_interfaces/msg/detail/dataframe__traits.hpp
[23.693s] -- Installing: /home/jagdeesh/tracker/install/ros_gz_interfaces/include/ros_gz_interfaces/ros_gz_interfaces/msg/detail/entity_factory__builder.hpp
[23.693s] -- Installing: /home/jagdeesh/tracker/install/ros_gz_interfaces/include/ros_gz_interfaces/ros_gz_interfaces/msg/detail/sensor_noise__type_support.hpp
[23.693s] -- Installing: /home/jagdeesh/tracker/install/ros_gz_interfaces/include/ros_gz_interfaces/ros_gz_interfaces/msg/detail/material_color__builder.hpp
[23.693s] -- Installing: /home/jagdeesh/tracker/install/ros_gz_interfaces/include/ros_gz_interfaces/ros_gz_interfaces/msg/detail/altimeter__builder.hpp
[23.693s] -- Installing: /home/jagdeesh/tracker/install/ros_gz_interfaces/include/ros_gz_interfaces/ros_gz_interfaces/msg/detail/entity_factory__struct.hpp
[23.693s] -- Installing: /home/jagdeesh/tracker/install/ros_gz_interfaces/include/ros_gz_interfaces/ros_gz_interfaces/msg/detail/entity_wrench__struct.hpp
[23.694s] -- Installing: /home/jagdeesh/tracker/install/ros_gz_interfaces/include/ros_gz_interfaces/ros_gz_interfaces/msg/detail/track_visual__struct.hpp
[23.694s] -- Installing: /home/jagdeesh/tracker/install/ros_gz_interfaces/include/ros_gz_interfaces/ros_gz_interfaces/msg/detail/sensor_noise__builder.hpp
[23.694s] -- Installing: /home/jagdeesh/tracker/install/ros_gz_interfaces/include/ros_gz_interfaces/ros_gz_interfaces/msg/detail/world_reset__builder.hpp
[23.694s] -- Installing: /home/jagdeesh/tracker/install/ros_gz_interfaces/include/ros_gz_interfaces/ros_gz_interfaces/msg/detail/contacts__traits.hpp
[23.694s] -- Installing: /home/jagdeesh/tracker/install/ros_gz_interfaces/include/ros_gz_interfaces/ros_gz_interfaces/msg/detail/world_control__builder.hpp
[23.694s] -- Installing: /home/jagdeesh/tracker/install/ros_gz_interfaces/include/ros_gz_interfaces/ros_gz_interfaces/msg/detail/entity__traits.hpp
[23.694s] -- Installing: /home/jagdeesh/tracker/install/ros_gz_interfaces/include/ros_gz_interfaces/ros_gz_interfaces/msg/detail/altimeter__traits.hpp
[23.695s] -- Installing: /home/jagdeesh/tracker/install/ros_gz_interfaces/include/ros_gz_interfaces/ros_gz_interfaces/msg/detail/entity_factory__traits.hpp
[23.695s] -- Installing: /home/jagdeesh/tracker/install/ros_gz_interfaces/include/ros_gz_interfaces/ros_gz_interfaces/msg/detail/entity_wrench__builder.hpp
[23.695s] -- Installing: /home/jagdeesh/tracker/install/ros_gz_interfaces/include/ros_gz_interfaces/ros_gz_interfaces/msg/detail/altimeter__type_support.hpp
[23.695s] -- Installing: /home/jagdeesh/tracker/install/ros_gz_interfaces/include/ros_gz_interfaces/ros_gz_interfaces/msg/detail/world_control__traits.hpp
[23.695s] -- Installing: /home/jagdeesh/tracker/install/ros_gz_interfaces/include/ros_gz_interfaces/ros_gz_interfaces/msg/detail/light__traits.hpp
[23.695s] -- Installing: /home/jagdeesh/tracker/install/ros_gz_interfaces/include/ros_gz_interfaces/ros_gz_interfaces/msg/detail/contact__struct.hpp
[23.696s] -- Installing: /home/jagdeesh/tracker/install/ros_gz_interfaces/include/ros_gz_interfaces/ros_gz_interfaces/msg/detail/light__builder.hpp
[23.696s] -- Installing: /home/jagdeesh/tracker/install/ros_gz_interfaces/include/ros_gz_interfaces/ros_gz_interfaces/msg/detail/string_vec__struct.hpp
[23.696s] -- Installing: /home/jagdeesh/tracker/install/ros_gz_interfaces/include/ros_gz_interfaces/ros_gz_interfaces/msg/detail/light__struct.hpp
[23.696s] -- Installing: /home/jagdeesh/tracker/install/ros_gz_interfaces/include/ros_gz_interfaces/ros_gz_interfaces/msg/detail/entity__builder.hpp
[23.696s] -- Installing: /home/jagdeesh/tracker/install/ros_gz_interfaces/include/ros_gz_interfaces/ros_gz_interfaces/msg/string_vec.hpp
[23.696s] -- Installing: /home/jagdeesh/tracker/install/ros_gz_interfaces/include/ros_gz_interfaces/ros_gz_interfaces/msg/contact.hpp
[23.696s] -- Installing: /home/jagdeesh/tracker/install/ros_gz_interfaces/include/ros_gz_interfaces/ros_gz_interfaces/msg/video_record.hpp
[23.696s] -- Installing: /home/jagdeesh/tracker/install/ros_gz_interfaces/include/ros_gz_interfaces/ros_gz_interfaces/msg/entity_factory.hpp
[23.696s] -- Installing: /home/jagdeesh/tracker/install/ros_gz_interfaces/include/ros_gz_interfaces/ros_gz_interfaces/msg/material_color.hpp
[23.697s] -- Installing: /home/jagdeesh/tracker/install/ros_gz_interfaces/include/ros_gz_interfaces/ros_gz_interfaces/msg/light.hpp
[23.697s] -- Installing: /home/jagdeesh/tracker/install/ros_gz_interfaces/include/ros_gz_interfaces/ros_gz_interfaces/msg/entity_wrench.hpp
[23.697s] -- Installing: /home/jagdeesh/tracker/install/ros_gz_interfaces/include/ros_gz_interfaces/ros_gz_interfaces/msg/param_vec.hpp
[23.697s] -- Installing: /home/jagdeesh/tracker/install/ros_gz_interfaces/include/ros_gz_interfaces/ros_gz_interfaces/msg/world_control.hpp
[23.697s] -- Installing: /home/jagdeesh/tracker/install/ros_gz_interfaces/include/ros_gz_interfaces/ros_gz_interfaces/msg/altimeter.hpp
[23.697s] -- Installing: /home/jagdeesh/tracker/install/ros_gz_interfaces/include/ros_gz_interfaces/ros_gz_interfaces/msg/sensor_noise.hpp
[23.697s] -- Installing: /home/jagdeesh/tracker/install/ros_gz_interfaces/include/ros_gz_interfaces/ros_gz_interfaces/msg/joint_wrench.hpp
[23.697s] -- Installing: /home/jagdeesh/tracker/install/ros_gz_interfaces/include/ros_gz_interfaces/ros_gz_interfaces/msg/contacts.hpp
[23.697s] -- Installing: /home/jagdeesh/tracker/install/ros_gz_interfaces/include/ros_gz_interfaces/ros_gz_interfaces/msg/entity.hpp
[23.698s] -- Installing: /home/jagdeesh/tracker/install/ros_gz_interfaces/include/ros_gz_interfaces/ros_gz_interfaces/msg/float32_array.hpp
[23.698s] -- Installing: /home/jagdeesh/tracker/install/ros_gz_interfaces/include/ros_gz_interfaces/ros_gz_interfaces/msg/gui_camera.hpp
[23.698s] -- Up-to-date: /home/jagdeesh/tracker/install/ros_gz_interfaces/include/ros_gz_interfaces/ros_gz_interfaces
[23.698s] -- Up-to-date: /home/jagdeesh/tracker/install/ros_gz_interfaces/include/ros_gz_interfaces/ros_gz_interfaces/srv
[23.698s] -- Up-to-date: /home/jagdeesh/tracker/install/ros_gz_interfaces/include/ros_gz_interfaces/ros_gz_interfaces/srv/detail
[23.698s] -- Installing: /home/jagdeesh/tracker/install/ros_gz_interfaces/include/ros_gz_interfaces/ros_gz_interfaces/srv/detail/delete_entity__rosidl_typesupport_fastrtps_cpp.hpp
[23.698s] -- Installing: /home/jagdeesh/tracker/install/ros_gz_interfaces/include/ros_gz_interfaces/ros_gz_interfaces/srv/detail/set_entity_pose__rosidl_typesupport_fastrtps_cpp.hpp
[23.698s] -- Installing: /home/jagdeesh/tracker/install/ros_gz_interfaces/include/ros_gz_interfaces/ros_gz_interfaces/srv/detail/control_world__rosidl_typesupport_fastrtps_cpp.hpp
[23.699s] -- Installing: /home/jagdeesh/tracker/install/ros_gz_interfaces/include/ros_gz_interfaces/ros_gz_interfaces/srv/detail/spawn_entity__rosidl_typesupport_fastrtps_cpp.hpp
[23.699s] -- Installing: /home/jagdeesh/tracker/install/ros_gz_interfaces/include/ros_gz_interfaces/ros_gz_interfaces/srv/detail/dds_fastrtps
[23.699s] -- Up-to-date: /home/jagdeesh/tracker/install/ros_gz_interfaces/include/ros_gz_interfaces/ros_gz_interfaces/msg
[23.699s] -- Up-to-date: /home/jagdeesh/tracker/install/ros_gz_interfaces/include/ros_gz_interfaces/ros_gz_interfaces/msg/detail
[23.699s] -- Installing: /home/jagdeesh/tracker/install/ros_gz_interfaces/include/ros_gz_interfaces/ros_gz_interfaces/msg/detail/track_visual__rosidl_typesupport_fastrtps_cpp.hpp
[23.699s] -- Installing: /home/jagdeesh/tracker/install/ros_gz_interfaces/include/ros_gz_interfaces/ros_gz_interfaces/msg/detail/contacts__rosidl_typesupport_fastrtps_cpp.hpp
[23.699s] -- Installing: /home/jagdeesh/tracker/install/ros_gz_interfaces/include/ros_gz_interfaces/ros_gz_interfaces/msg/detail/altimeter__rosidl_typesupport_fastrtps_cpp.hpp
[23.699s] -- Installing: /home/jagdeesh/tracker/install/ros_gz_interfaces/include/ros_gz_interfaces/ros_gz_interfaces/msg/detail/world_reset__rosidl_typesupport_fastrtps_cpp.hpp
[23.699s] -- Installing: /home/jagdeesh/tracker/install/ros_gz_interfaces/include/ros_gz_interfaces/ros_gz_interfaces/msg/detail/contact__rosidl_typesupport_fastrtps_cpp.hpp
[23.699s] -- Installing: /home/jagdeesh/tracker/install/ros_gz_interfaces/include/ros_gz_interfaces/ros_gz_interfaces/msg/detail/video_record__rosidl_typesupport_fastrtps_cpp.hpp
[23.700s] -- Installing: /home/jagdeesh/tracker/install/ros_gz_interfaces/include/ros_gz_interfaces/ros_gz_interfaces/msg/detail/dataframe__rosidl_typesupport_fastrtps_cpp.hpp
[23.700s] -- Installing: /home/jagdeesh/tracker/install/ros_gz_interfaces/include/ros_gz_interfaces/ros_gz_interfaces/msg/detail/entity_wrench__rosidl_typesupport_fastrtps_cpp.hpp
[23.700s] -- Installing: /home/jagdeesh/tracker/install/ros_gz_interfaces/include/ros_gz_interfaces/ros_gz_interfaces/msg/detail/string_vec__rosidl_typesupport_fastrtps_cpp.hpp
[23.700s] -- Installing: /home/jagdeesh/tracker/install/ros_gz_interfaces/include/ros_gz_interfaces/ros_gz_interfaces/msg/detail/joint_wrench__rosidl_typesupport_fastrtps_cpp.hpp
[23.700s] -- Installing: /home/jagdeesh/tracker/install/ros_gz_interfaces/include/ros_gz_interfaces/ros_gz_interfaces/msg/detail/light__rosidl_typesupport_fastrtps_cpp.hpp
[23.700s] -- Installing: /home/jagdeesh/tracker/install/ros_gz_interfaces/include/ros_gz_interfaces/ros_gz_interfaces/msg/detail/entity__rosidl_typesupport_fastrtps_cpp.hpp
[23.700s] -- Installing: /home/jagdeesh/tracker/install/ros_gz_interfaces/include/ros_gz_interfaces/ros_gz_interfaces/msg/detail/gui_camera__rosidl_typesupport_fastrtps_cpp.hpp
[23.700s] -- Installing: /home/jagdeesh/tracker/install/ros_gz_interfaces/include/ros_gz_interfaces/ros_gz_interfaces/msg/detail/float32_array__rosidl_typesupport_fastrtps_cpp.hpp
[23.701s] -- Installing: /home/jagdeesh/tracker/install/ros_gz_interfaces/include/ros_gz_interfaces/ros_gz_interfaces/msg/detail/material_color__rosidl_typesupport_fastrtps_cpp.hpp
[23.701s] -- Installing: /home/jagdeesh/tracker/install/ros_gz_interfaces/include/ros_gz_interfaces/ros_gz_interfaces/msg/detail/world_control__rosidl_typesupport_fastrtps_cpp.hpp
[23.701s] -- Installing: /home/jagdeesh/tracker/install/ros_gz_interfaces/include/ros_gz_interfaces/ros_gz_interfaces/msg/detail/entity_factory__rosidl_typesupport_fastrtps_cpp.hpp
[23.701s] -- Installing: /home/jagdeesh/tracker/install/ros_gz_interfaces/include/ros_gz_interfaces/ros_gz_interfaces/msg/detail/sensor_noise__rosidl_typesupport_fastrtps_cpp.hpp
[23.701s] -- Installing: /home/jagdeesh/tracker/install/ros_gz_interfaces/include/ros_gz_interfaces/ros_gz_interfaces/msg/detail/dds_fastrtps
[23.701s] -- Installing: /home/jagdeesh/tracker/install/ros_gz_interfaces/include/ros_gz_interfaces/ros_gz_interfaces/msg/detail/param_vec__rosidl_typesupport_fastrtps_cpp.hpp
[23.701s] -- Installing: /home/jagdeesh/tracker/install/ros_gz_interfaces/include/ros_gz_interfaces/ros_gz_interfaces/msg/rosidl_typesupport_fastrtps_cpp__visibility_control.h
[23.702s] -- Installing: /home/jagdeesh/tracker/install/ros_gz_interfaces/lib/libros_gz_interfaces__rosidl_typesupport_fastrtps_cpp.so
[23.702s] -- Set runtime path of "/home/jagdeesh/tracker/install/ros_gz_interfaces/lib/libros_gz_interfaces__rosidl_typesupport_fastrtps_cpp.so" to ""
[23.702s] -- Up-to-date: /home/jagdeesh/tracker/install/ros_gz_interfaces/include/ros_gz_interfaces/ros_gz_interfaces
[23.702s] -- Up-to-date: /home/jagdeesh/tracker/install/ros_gz_interfaces/include/ros_gz_interfaces/ros_gz_interfaces/srv
[23.703s] -- Up-to-date: /home/jagdeesh/tracker/install/ros_gz_interfaces/include/ros_gz_interfaces/ros_gz_interfaces/srv/detail
[23.703s] -- Installing: /home/jagdeesh/tracker/install/ros_gz_interfaces/include/ros_gz_interfaces/ros_gz_interfaces/srv/detail/set_entity_pose__type_support.c
[23.703s] -- Installing: /home/jagdeesh/tracker/install/ros_gz_interfaces/include/ros_gz_interfaces/ros_gz_interfaces/srv/detail/delete_entity__type_support.c
[23.703s] -- Installing: /home/jagdeesh/tracker/install/ros_gz_interfaces/include/ros_gz_interfaces/ros_gz_interfaces/srv/detail/control_world__rosidl_typesupport_introspection_c.h
[23.703s] -- Installing: /home/jagdeesh/tracker/install/ros_gz_interfaces/include/ros_gz_interfaces/ros_gz_interfaces/srv/detail/set_entity_pose__rosidl_typesupport_introspection_c.h
[23.703s] -- Installing: /home/jagdeesh/tracker/install/ros_gz_interfaces/include/ros_gz_interfaces/ros_gz_interfaces/srv/detail/spawn_entity__type_support.c
[23.703s] -- Installing: /home/jagdeesh/tracker/install/ros_gz_interfaces/include/ros_gz_interfaces/ros_gz_interfaces/srv/detail/control_world__type_support.c
[23.703s] -- Installing: /home/jagdeesh/tracker/install/ros_gz_interfaces/include/ros_gz_interfaces/ros_gz_interfaces/srv/detail/delete_entity__rosidl_typesupport_introspection_c.h
[23.704s] -- Installing: /home/jagdeesh/tracker/install/ros_gz_interfaces/include/ros_gz_interfaces/ros_gz_interfaces/srv/detail/spawn_entity__rosidl_typesupport_introspection_c.h
[23.704s] -- Up-to-date: /home/jagdeesh/tracker/install/ros_gz_interfaces/include/ros_gz_interfaces/ros_gz_interfaces/msg
[23.704s] -- Installing: /home/jagdeesh/tracker/install/ros_gz_interfaces/include/ros_gz_interfaces/ros_gz_interfaces/msg/rosidl_typesupport_introspection_c__visibility_control.h
[23.704s] -- Up-to-date: /home/jagdeesh/tracker/install/ros_gz_interfaces/include/ros_gz_interfaces/ros_gz_interfaces/msg/detail
[23.704s] -- Installing: /home/jagdeesh/tracker/install/ros_gz_interfaces/include/ros_gz_interfaces/ros_gz_interfaces/msg/detail/dataframe__type_support.c
[23.704s] -- Installing: /home/jagdeesh/tracker/install/ros_gz_interfaces/include/ros_gz_interfaces/ros_gz_interfaces/msg/detail/light__rosidl_typesupport_introspection_c.h
[23.704s] -- Installing: /home/jagdeesh/tracker/install/ros_gz_interfaces/include/ros_gz_interfaces/ros_gz_interfaces/msg/detail/world_control__rosidl_typesupport_introspection_c.h
[23.704s] -- Installing: /home/jagdeesh/tracker/install/ros_gz_interfaces/include/ros_gz_interfaces/ros_gz_interfaces/msg/detail/sensor_noise__type_support.c
[23.704s] -- Installing: /home/jagdeesh/tracker/install/ros_gz_interfaces/include/ros_gz_interfaces/ros_gz_interfaces/msg/detail/gui_camera__rosidl_typesupport_introspection_c.h
[23.704s] -- Installing: /home/jagdeesh/tracker/install/ros_gz_interfaces/include/ros_gz_interfaces/ros_gz_interfaces/msg/detail/joint_wrench__type_support.c
[23.705s] -- Installing: /home/jagdeesh/tracker/install/ros_gz_interfaces/include/ros_gz_interfaces/ros_gz_interfaces/msg/detail/dataframe__rosidl_typesupport_introspection_c.h
[23.705s] -- Installing: /home/jagdeesh/tracker/install/ros_gz_interfaces/include/ros_gz_interfaces/ros_gz_interfaces/msg/detail/entity_factory__rosidl_typesupport_introspection_c.h
[23.705s] -- Installing: /home/jagdeesh/tracker/install/ros_gz_interfaces/include/ros_gz_interfaces/ros_gz_interfaces/msg/detail/contacts__type_support.c
[23.705s] -- Installing: /home/jagdeesh/tracker/install/ros_gz_interfaces/include/ros_gz_interfaces/ros_gz_interfaces/msg/detail/world_control__type_support.c
[23.705s] -- Installing: /home/jagdeesh/tracker/install/ros_gz_interfaces/include/ros_gz_interfaces/ros_gz_interfaces/msg/detail/gui_camera__type_support.c
[23.705s] -- Installing: /home/jagdeesh/tracker/install/ros_gz_interfaces/include/ros_gz_interfaces/ros_gz_interfaces/msg/detail/contact__rosidl_typesupport_introspection_c.h
[23.705s] -- Installing: /home/jagdeesh/tracker/install/ros_gz_interfaces/include/ros_gz_interfaces/ros_gz_interfaces/msg/detail/track_visual__type_support.c
[23.706s] -- Installing: /home/jagdeesh/tracker/install/ros_gz_interfaces/include/ros_gz_interfaces/ros_gz_interfaces/msg/detail/contacts__rosidl_typesupport_introspection_c.h
[23.706s] -- Installing: /home/jagdeesh/tracker/install/ros_gz_interfaces/include/ros_gz_interfaces/ros_gz_interfaces/msg/detail/param_vec__type_support.c
[23.706s] -- Installing: /home/jagdeesh/tracker/install/ros_gz_interfaces/include/ros_gz_interfaces/ros_gz_interfaces/msg/detail/material_color__rosidl_typesupport_introspection_c.h
[23.706s] -- Installing: /home/jagdeesh/tracker/install/ros_gz_interfaces/include/ros_gz_interfaces/ros_gz_interfaces/msg/detail/video_record__type_support.c
[23.706s] -- Installing: /home/jagdeesh/tracker/install/ros_gz_interfaces/include/ros_gz_interfaces/ros_gz_interfaces/msg/detail/string_vec__type_support.c
[23.706s] -- Installing: /home/jagdeesh/tracker/install/ros_gz_interfaces/include/ros_gz_interfaces/ros_gz_interfaces/msg/detail/param_vec__rosidl_typesupport_introspection_c.h
[23.706s] -- Installing: /home/jagdeesh/tracker/install/ros_gz_interfaces/include/ros_gz_interfaces/ros_gz_interfaces/msg/detail/world_reset__type_support.c
[23.707s] -- Installing: /home/jagdeesh/tracker/install/ros_gz_interfaces/include/ros_gz_interfaces/ros_gz_interfaces/msg/detail/entity_factory__type_support.c
[23.707s] -- Installing: /home/jagdeesh/tracker/install/ros_gz_interfaces/include/ros_gz_interfaces/ros_gz_interfaces/msg/detail/altimeter__type_support.c
[23.707s] -- Installing: /home/jagdeesh/tracker/install/ros_gz_interfaces/include/ros_gz_interfaces/ros_gz_interfaces/msg/detail/video_record__rosidl_typesupport_introspection_c.h
[23.707s] -- Installing: /home/jagdeesh/tracker/install/ros_gz_interfaces/include/ros_gz_interfaces/ros_gz_interfaces/msg/detail/float32_array__rosidl_typesupport_introspection_c.h
[23.707s] -- Installing: /home/jagdeesh/tracker/install/ros_gz_interfaces/include/ros_gz_interfaces/ros_gz_interfaces/msg/detail/string_vec__rosidl_typesupport_introspection_c.h
[23.707s] -- Installing: /home/jagdeesh/tracker/install/ros_gz_interfaces/include/ros_gz_interfaces/ros_gz_interfaces/msg/detail/entity__rosidl_typesupport_introspection_c.h
[23.707s] -- Installing: /home/jagdeesh/tracker/install/ros_gz_interfaces/include/ros_gz_interfaces/ros_gz_interfaces/msg/detail/world_reset__rosidl_typesupport_introspection_c.h
[23.707s] -- Installing: /home/jagdeesh/tracker/install/ros_gz_interfaces/include/ros_gz_interfaces/ros_gz_interfaces/msg/detail/altimeter__rosidl_typesupport_introspection_c.h
[23.707s] -- Installing: /home/jagdeesh/tracker/install/ros_gz_interfaces/include/ros_gz_interfaces/ros_gz_interfaces/msg/detail/light__type_support.c
[23.708s] -- Installing: /home/jagdeesh/tracker/install/ros_gz_interfaces/include/ros_gz_interfaces/ros_gz_interfaces/msg/detail/float32_array__type_support.c
[23.708s] -- Installing: /home/jagdeesh/tracker/install/ros_gz_interfaces/include/ros_gz_interfaces/ros_gz_interfaces/msg/detail/entity_wrench__type_support.c
[23.708s] -- Installing: /home/jagdeesh/tracker/install/ros_gz_interfaces/include/ros_gz_interfaces/ros_gz_interfaces/msg/detail/entity__type_support.c
[23.708s] -- Installing: /home/jagdeesh/tracker/install/ros_gz_interfaces/include/ros_gz_interfaces/ros_gz_interfaces/msg/detail/sensor_noise__rosidl_typesupport_introspection_c.h
[23.708s] -- Installing: /home/jagdeesh/tracker/install/ros_gz_interfaces/include/ros_gz_interfaces/ros_gz_interfaces/msg/detail/track_visual__rosidl_typesupport_introspection_c.h
[23.708s] -- Installing: /home/jagdeesh/tracker/install/ros_gz_interfaces/include/ros_gz_interfaces/ros_gz_interfaces/msg/detail/material_color__type_support.c
[23.708s] -- Installing: /home/jagdeesh/tracker/install/ros_gz_interfaces/include/ros_gz_interfaces/ros_gz_interfaces/msg/detail/contact__type_support.c
[23.709s] -- Installing: /home/jagdeesh/tracker/install/ros_gz_interfaces/include/ros_gz_interfaces/ros_gz_interfaces/msg/detail/joint_wrench__rosidl_typesupport_introspection_c.h
[23.709s] -- Installing: /home/jagdeesh/tracker/install/ros_gz_interfaces/include/ros_gz_interfaces/ros_gz_interfaces/msg/detail/entity_wrench__rosidl_typesupport_introspection_c.h
[23.709s] -- Installing: /home/jagdeesh/tracker/install/ros_gz_interfaces/lib/libros_gz_interfaces__rosidl_typesupport_introspection_c.so
[23.709s] -- Set runtime path of "/home/jagdeesh/tracker/install/ros_gz_interfaces/lib/libros_gz_interfaces__rosidl_typesupport_introspection_c.so" to ""
[23.709s] -- Installing: /home/jagdeesh/tracker/install/ros_gz_interfaces/lib/libros_gz_interfaces__rosidl_typesupport_c.so
[23.710s] -- Set runtime path of "/home/jagdeesh/tracker/install/ros_gz_interfaces/lib/libros_gz_interfaces__rosidl_typesupport_c.so" to ""
[23.710s] -- Up-to-date: /home/jagdeesh/tracker/install/ros_gz_interfaces/include/ros_gz_interfaces/ros_gz_interfaces
[23.710s] -- Up-to-date: /home/jagdeesh/tracker/install/ros_gz_interfaces/include/ros_gz_interfaces/ros_gz_interfaces/srv
[23.710s] -- Up-to-date: /home/jagdeesh/tracker/install/ros_gz_interfaces/include/ros_gz_interfaces/ros_gz_interfaces/srv/detail
[23.710s] -- Installing: /home/jagdeesh/tracker/install/ros_gz_interfaces/include/ros_gz_interfaces/ros_gz_interfaces/srv/detail/set_entity_pose__type_support.cpp
[23.710s] -- Installing: /home/jagdeesh/tracker/install/ros_gz_interfaces/include/ros_gz_interfaces/ros_gz_interfaces/srv/detail/spawn_entity__type_support.cpp
[23.710s] -- Installing: /home/jagdeesh/tracker/install/ros_gz_interfaces/include/ros_gz_interfaces/ros_gz_interfaces/srv/detail/delete_entity__rosidl_typesupport_introspection_cpp.hpp
[23.710s] -- Installing: /home/jagdeesh/tracker/install/ros_gz_interfaces/include/ros_gz_interfaces/ros_gz_interfaces/srv/detail/control_world__type_support.cpp
[23.711s] -- Installing: /home/jagdeesh/tracker/install/ros_gz_interfaces/include/ros_gz_interfaces/ros_gz_interfaces/srv/detail/delete_entity__type_support.cpp
[23.711s] -- Installing: /home/jagdeesh/tracker/install/ros_gz_interfaces/include/ros_gz_interfaces/ros_gz_interfaces/srv/detail/control_world__rosidl_typesupport_introspection_cpp.hpp
[23.711s] -- Installing: /home/jagdeesh/tracker/install/ros_gz_interfaces/include/ros_gz_interfaces/ros_gz_interfaces/srv/detail/set_entity_pose__rosidl_typesupport_introspection_cpp.hpp
[23.711s] -- Installing: /home/jagdeesh/tracker/install/ros_gz_interfaces/include/ros_gz_interfaces/ros_gz_interfaces/srv/detail/spawn_entity__rosidl_typesupport_introspection_cpp.hpp
[23.711s] -- Up-to-date: /home/jagdeesh/tracker/install/ros_gz_interfaces/include/ros_gz_interfaces/ros_gz_interfaces/msg
[23.711s] -- Up-to-date: /home/jagdeesh/tracker/install/ros_gz_interfaces/include/ros_gz_interfaces/ros_gz_interfaces/msg/detail
[23.711s] -- Installing: /home/jagdeesh/tracker/install/ros_gz_interfaces/include/ros_gz_interfaces/ros_gz_interfaces/msg/detail/gui_camera__rosidl_typesupport_introspection_cpp.hpp
[23.711s] -- Installing: /home/jagdeesh/tracker/install/ros_gz_interfaces/include/ros_gz_interfaces/ros_gz_interfaces/msg/detail/sensor_noise__type_support.cpp
[23.711s] -- Installing: /home/jagdeesh/tracker/install/ros_gz_interfaces/include/ros_gz_interfaces/ros_gz_interfaces/msg/detail/contacts__rosidl_typesupport_introspection_cpp.hpp
[23.712s] -- Installing: /home/jagdeesh/tracker/install/ros_gz_interfaces/include/ros_gz_interfaces/ros_gz_interfaces/msg/detail/string_vec__rosidl_typesupport_introspection_cpp.hpp
[23.712s] -- Installing: /home/jagdeesh/tracker/install/ros_gz_interfaces/include/ros_gz_interfaces/ros_gz_interfaces/msg/detail/video_record__rosidl_typesupport_introspection_cpp.hpp
[23.712s] -- Installing: /home/jagdeesh/tracker/install/ros_gz_interfaces/include/ros_gz_interfaces/ros_gz_interfaces/msg/detail/material_color__rosidl_typesupport_introspection_cpp.hpp
[23.712s] -- Installing: /home/jagdeesh/tracker/install/ros_gz_interfaces/include/ros_gz_interfaces/ros_gz_interfaces/msg/detail/entity_factory__type_support.cpp
[23.712s] -- Installing: /home/jagdeesh/tracker/install/ros_gz_interfaces/include/ros_gz_interfaces/ros_gz_interfaces/msg/detail/track_visual__type_support.cpp
[23.712s] -- Installing: /home/jagdeesh/tracker/install/ros_gz_interfaces/include/ros_gz_interfaces/ros_gz_interfaces/msg/detail/string_vec__type_support.cpp
[23.712s] -- Installing: /home/jagdeesh/tracker/install/ros_gz_interfaces/include/ros_gz_interfaces/ros_gz_interfaces/msg/detail/contact__rosidl_typesupport_introspection_cpp.hpp
[23.712s] -- Installing: /home/jagdeesh/tracker/install/ros_gz_interfaces/include/ros_gz_interfaces/ros_gz_interfaces/msg/detail/contact__type_support.cpp
[23.713s] -- Installing: /home/jagdeesh/tracker/install/ros_gz_interfaces/include/ros_gz_interfaces/ros_gz_interfaces/msg/detail/entity__rosidl_typesupport_introspection_cpp.hpp
[23.713s] -- Installing: /home/jagdeesh/tracker/install/ros_gz_interfaces/include/ros_gz_interfaces/ros_gz_interfaces/msg/detail/track_visual__rosidl_typesupport_introspection_cpp.hpp
[23.713s] -- Installing: /home/jagdeesh/tracker/install/ros_gz_interfaces/include/ros_gz_interfaces/ros_gz_interfaces/msg/detail/sensor_noise__rosidl_typesupport_introspection_cpp.hpp
[23.713s] -- Installing: /home/jagdeesh/tracker/install/ros_gz_interfaces/include/ros_gz_interfaces/ros_gz_interfaces/msg/detail/contacts__type_support.cpp
[23.713s] -- Installing: /home/jagdeesh/tracker/install/ros_gz_interfaces/include/ros_gz_interfaces/ros_gz_interfaces/msg/detail/entity__type_support.cpp
[23.713s] -- Installing: /home/jagdeesh/tracker/install/ros_gz_interfaces/include/ros_gz_interfaces/ros_gz_interfaces/msg/detail/float32_array__rosidl_typesupport_introspection_cpp.hpp
[23.713s] -- Installing: /home/jagdeesh/tracker/install/ros_gz_interfaces/include/ros_gz_interfaces/ros_gz_interfaces/msg/detail/entity_factory__rosidl_typesupport_introspection_cpp.hpp
[23.714s] -- Installing: /home/jagdeesh/tracker/install/ros_gz_interfaces/include/ros_gz_interfaces/ros_gz_interfaces/msg/detail/world_control__rosidl_typesupport_introspection_cpp.hpp
[23.714s] -- Installing: /home/jagdeesh/tracker/install/ros_gz_interfaces/include/ros_gz_interfaces/ros_gz_interfaces/msg/detail/gui_camera__type_support.cpp
[23.714s] -- Installing: /home/jagdeesh/tracker/install/ros_gz_interfaces/include/ros_gz_interfaces/ros_gz_interfaces/msg/detail/light__rosidl_typesupport_introspection_cpp.hpp
[23.714s] -- Installing: /home/jagdeesh/tracker/install/ros_gz_interfaces/include/ros_gz_interfaces/ros_gz_interfaces/msg/detail/light__type_support.cpp
[23.714s] -- Installing: /home/jagdeesh/tracker/install/ros_gz_interfaces/include/ros_gz_interfaces/ros_gz_interfaces/msg/detail/float32_array__type_support.cpp
[23.714s] -- Installing: /home/jagdeesh/tracker/install/ros_gz_interfaces/include/ros_gz_interfaces/ros_gz_interfaces/msg/detail/param_vec__type_support.cpp
[23.714s] -- Installing: /home/jagdeesh/tracker/install/ros_gz_interfaces/include/ros_gz_interfaces/ros_gz_interfaces/msg/detail/altimeter__rosidl_typesupport_introspection_cpp.hpp
[23.715s] -- Installing: /home/jagdeesh/tracker/install/ros_gz_interfaces/include/ros_gz_interfaces/ros_gz_interfaces/msg/detail/joint_wrench__rosidl_typesupport_introspection_cpp.hpp
[23.715s] -- Installing: /home/jagdeesh/tracker/install/ros_gz_interfaces/include/ros_gz_interfaces/ros_gz_interfaces/msg/detail/dataframe__rosidl_typesupport_introspection_cpp.hpp
[23.715s] -- Installing: /home/jagdeesh/tracker/install/ros_gz_interfaces/include/ros_gz_interfaces/ros_gz_interfaces/msg/detail/world_control__type_support.cpp
[23.715s] -- Installing: /home/jagdeesh/tracker/install/ros_gz_interfaces/include/ros_gz_interfaces/ros_gz_interfaces/msg/detail/entity_wrench__rosidl_typesupport_introspection_cpp.hpp
[23.715s] -- Installing: /home/jagdeesh/tracker/install/ros_gz_interfaces/include/ros_gz_interfaces/ros_gz_interfaces/msg/detail/param_vec__rosidl_typesupport_introspection_cpp.hpp
[23.715s] -- Installing: /home/jagdeesh/tracker/install/ros_gz_interfaces/include/ros_gz_interfaces/ros_gz_interfaces/msg/detail/world_reset__type_support.cpp
[23.715s] -- Installing: /home/jagdeesh/tracker/install/ros_gz_interfaces/include/ros_gz_interfaces/ros_gz_interfaces/msg/detail/material_color__type_support.cpp
[23.716s] -- Installing: /home/jagdeesh/tracker/install/ros_gz_interfaces/include/ros_gz_interfaces/ros_gz_interfaces/msg/detail/entity_wrench__type_support.cpp
[23.716s] -- Installing: /home/jagdeesh/tracker/install/ros_gz_interfaces/include/ros_gz_interfaces/ros_gz_interfaces/msg/detail/altimeter__type_support.cpp
[23.716s] -- Installing: /home/jagdeesh/tracker/install/ros_gz_interfaces/include/ros_gz_interfaces/ros_gz_interfaces/msg/detail/joint_wrench__type_support.cpp
[23.716s] -- Installing: /home/jagdeesh/tracker/install/ros_gz_interfaces/include/ros_gz_interfaces/ros_gz_interfaces/msg/detail/video_record__type_support.cpp
[23.716s] -- Installing: /home/jagdeesh/tracker/install/ros_gz_interfaces/include/ros_gz_interfaces/ros_gz_interfaces/msg/detail/dataframe__type_support.cpp
[23.716s] -- Installing: /home/jagdeesh/tracker/install/ros_gz_interfaces/include/ros_gz_interfaces/ros_gz_interfaces/msg/detail/world_reset__rosidl_typesupport_introspection_cpp.hpp
[23.717s] -- Installing: /home/jagdeesh/tracker/install/ros_gz_interfaces/lib/libros_gz_interfaces__rosidl_typesupport_introspection_cpp.so
[23.717s] -- Set runtime path of "/home/jagdeesh/tracker/install/ros_gz_interfaces/lib/libros_gz_interfaces__rosidl_typesupport_introspection_cpp.so" to ""
[23.717s] -- Installing: /home/jagdeesh/tracker/install/ros_gz_interfaces/lib/libros_gz_interfaces__rosidl_typesupport_cpp.so
[23.718s] -- Set runtime path of "/home/jagdeesh/tracker/install/ros_gz_interfaces/lib/libros_gz_interfaces__rosidl_typesupport_cpp.so" to ""
[23.718s] -- Installing: /home/jagdeesh/tracker/install/ros_gz_interfaces/share/ros_gz_interfaces/environment/pythonpath.sh
[23.718s] -- Installing: /home/jagdeesh/tracker/install/ros_gz_interfaces/share/ros_gz_interfaces/environment/pythonpath.dsv
[23.718s] -- Installing: /home/jagdeesh/tracker/install/ros_gz_interfaces/local/lib/python3.10/dist-packages/ros_gz_interfaces-0.244.20-py3.10.egg-info
[23.718s] -- Installing: /home/jagdeesh/tracker/install/ros_gz_interfaces/local/lib/python3.10/dist-packages/ros_gz_interfaces-0.244.20-py3.10.egg-info/SOURCES.txt
[23.719s] -- Installing: /home/jagdeesh/tracker/install/ros_gz_interfaces/local/lib/python3.10/dist-packages/ros_gz_interfaces-0.244.20-py3.10.egg-info/dependency_links.txt
[23.719s] -- Installing: /home/jagdeesh/tracker/install/ros_gz_interfaces/local/lib/python3.10/dist-packages/ros_gz_interfaces-0.244.20-py3.10.egg-info/top_level.txt
[23.719s] -- Installing: /home/jagdeesh/tracker/install/ros_gz_interfaces/local/lib/python3.10/dist-packages/ros_gz_interfaces-0.244.20-py3.10.egg-info/PKG-INFO
[23.719s] -- Installing: /home/jagdeesh/tracker/install/ros_gz_interfaces/local/lib/python3.10/dist-packages/ros_gz_interfaces
[23.719s] -- Installing: /home/jagdeesh/tracker/install/ros_gz_interfaces/local/lib/python3.10/dist-packages/ros_gz_interfaces/__init__.py
[23.719s] -- Installing: /home/jagdeesh/tracker/install/ros_gz_interfaces/local/lib/python3.10/dist-packages/ros_gz_interfaces/_ros_gz_interfaces_s.ep.rosidl_typesupport_introspection_c.c
[23.720s] -- Installing: /home/jagdeesh/tracker/install/ros_gz_interfaces/local/lib/python3.10/dist-packages/ros_gz_interfaces/libros_gz_interfaces__rosidl_generator_py.so
[23.720s] -- Installing: /home/jagdeesh/tracker/install/ros_gz_interfaces/local/lib/python3.10/dist-packages/ros_gz_interfaces/_ros_gz_interfaces_s.ep.rosidl_typesupport_fastrtps_c.c
[23.720s] -- Installing: /home/jagdeesh/tracker/install/ros_gz_interfaces/local/lib/python3.10/dist-packages/ros_gz_interfaces/ros_gz_interfaces_s__rosidl_typesupport_c.cpython-310-x86_64-linux-gnu.so
[23.720s] -- Installing: /home/jagdeesh/tracker/install/ros_gz_interfaces/local/lib/python3.10/dist-packages/ros_gz_interfaces/srv
[23.720s] -- Installing: /home/jagdeesh/tracker/install/ros_gz_interfaces/local/lib/python3.10/dist-packages/ros_gz_interfaces/srv/_control_world_s.c
[23.720s] -- Installing: /home/jagdeesh/tracker/install/ros_gz_interfaces/local/lib/python3.10/dist-packages/ros_gz_interfaces/srv/__init__.py
[23.721s] -- Installing: /home/jagdeesh/tracker/install/ros_gz_interfaces/local/lib/python3.10/dist-packages/ros_gz_interfaces/srv/_set_entity_pose.py
[23.721s] -- Installing: /home/jagdeesh/tracker/install/ros_gz_interfaces/local/lib/python3.10/dist-packages/ros_gz_interfaces/srv/_delete_entity_s.c
[23.721s] -- Installing: /home/jagdeesh/tracker/install/ros_gz_interfaces/local/lib/python3.10/dist-packages/ros_gz_interfaces/srv/_control_world.py
[23.721s] -- Installing: /home/jagdeesh/tracker/install/ros_gz_interfaces/local/lib/python3.10/dist-packages/ros_gz_interfaces/srv/_spawn_entity.py
[23.721s] -- Installing: /home/jagdeesh/tracker/install/ros_gz_interfaces/local/lib/python3.10/dist-packages/ros_gz_interfaces/srv/_set_entity_pose_s.c
[23.721s] -- Installing: /home/jagdeesh/tracker/install/ros_gz_interfaces/local/lib/python3.10/dist-packages/ros_gz_interfaces/srv/_spawn_entity_s.c
[23.721s] -- Installing: /home/jagdeesh/tracker/install/ros_gz_interfaces/local/lib/python3.10/dist-packages/ros_gz_interfaces/srv/_delete_entity.py
[23.721s] -- Installing: /home/jagdeesh/tracker/install/ros_gz_interfaces/local/lib/python3.10/dist-packages/ros_gz_interfaces/msg
[23.721s] -- Installing: /home/jagdeesh/tracker/install/ros_gz_interfaces/local/lib/python3.10/dist-packages/ros_gz_interfaces/msg/__init__.py
[23.722s] -- Installing: /home/jagdeesh/tracker/install/ros_gz_interfaces/local/lib/python3.10/dist-packages/ros_gz_interfaces/msg/_gui_camera.py
[23.722s] -- Installing: /home/jagdeesh/tracker/install/ros_gz_interfaces/local/lib/python3.10/dist-packages/ros_gz_interfaces/msg/_float32_array_s.c
[23.722s] -- Installing: /home/jagdeesh/tracker/install/ros_gz_interfaces/local/lib/python3.10/dist-packages/ros_gz_interfaces/msg/_entity_wrench.py
[23.722s] -- Installing: /home/jagdeesh/tracker/install/ros_gz_interfaces/local/lib/python3.10/dist-packages/ros_gz_interfaces/msg/_dataframe_s.c
[23.722s] -- Installing: /home/jagdeesh/tracker/install/ros_gz_interfaces/local/lib/python3.10/dist-packages/ros_gz_interfaces/msg/_world_reset_s.c
[23.722s] -- Installing: /home/jagdeesh/tracker/install/ros_gz_interfaces/local/lib/python3.10/dist-packages/ros_gz_interfaces/msg/_entity_s.c
[23.722s] -- Installing: /home/jagdeesh/tracker/install/ros_gz_interfaces/local/lib/python3.10/dist-packages/ros_gz_interfaces/msg/_world_control.py
[23.722s] -- Installing: /home/jagdeesh/tracker/install/ros_gz_interfaces/local/lib/python3.10/dist-packages/ros_gz_interfaces/msg/_joint_wrench.py
[23.722s] -- Installing: /home/jagdeesh/tracker/install/ros_gz_interfaces/local/lib/python3.10/dist-packages/ros_gz_interfaces/msg/_sensor_noise_s.c
[23.722s] -- Installing: /home/jagdeesh/tracker/install/ros_gz_interfaces/local/lib/python3.10/dist-packages/ros_gz_interfaces/msg/_entity_factory.py
[23.723s] -- Installing: /home/jagdeesh/tracker/install/ros_gz_interfaces/local/lib/python3.10/dist-packages/ros_gz_interfaces/msg/_param_vec.py
[23.723s] -- Installing: /home/jagdeesh/tracker/install/ros_gz_interfaces/local/lib/python3.10/dist-packages/ros_gz_interfaces/msg/_altimeter_s.c
[23.723s] -- Installing: /home/jagdeesh/tracker/install/ros_gz_interfaces/local/lib/python3.10/dist-packages/ros_gz_interfaces/msg/_altimeter.py
[23.723s] -- Installing: /home/jagdeesh/tracker/install/ros_gz_interfaces/local/lib/python3.10/dist-packages/ros_gz_interfaces/msg/_video_record.py
[23.723s] -- Installing: /home/jagdeesh/tracker/install/ros_gz_interfaces/local/lib/python3.10/dist-packages/ros_gz_interfaces/msg/_contact.py
[23.723s] -- Installing: /home/jagdeesh/tracker/install/ros_gz_interfaces/local/lib/python3.10/dist-packages/ros_gz_interfaces/msg/_dataframe.py
[23.723s] -- Installing: /home/jagdeesh/tracker/install/ros_gz_interfaces/local/lib/python3.10/dist-packages/ros_gz_interfaces/msg/_material_color.py
[23.723s] -- Installing: /home/jagdeesh/tracker/install/ros_gz_interfaces/local/lib/python3.10/dist-packages/ros_gz_interfaces/msg/_world_reset.py
[23.723s] -- Installing: /home/jagdeesh/tracker/install/ros_gz_interfaces/local/lib/python3.10/dist-packages/ros_gz_interfaces/msg/_material_color_s.c
[23.724s] -- Installing: /home/jagdeesh/tracker/install/ros_gz_interfaces/local/lib/python3.10/dist-packages/ros_gz_interfaces/msg/_light_s.c
[23.724s] -- Installing: /home/jagdeesh/tracker/install/ros_gz_interfaces/local/lib/python3.10/dist-packages/ros_gz_interfaces/msg/_string_vec.py
[23.724s] -- Installing: /home/jagdeesh/tracker/install/ros_gz_interfaces/local/lib/python3.10/dist-packages/ros_gz_interfaces/msg/_joint_wrench_s.c
[23.724s] -- Installing: /home/jagdeesh/tracker/install/ros_gz_interfaces/local/lib/python3.10/dist-packages/ros_gz_interfaces/msg/_track_visual.py
[23.724s] -- Installing: /home/jagdeesh/tracker/install/ros_gz_interfaces/local/lib/python3.10/dist-packages/ros_gz_interfaces/msg/_gui_camera_s.c
[23.724s] -- Installing: /home/jagdeesh/tracker/install/ros_gz_interfaces/local/lib/python3.10/dist-packages/ros_gz_interfaces/msg/_video_record_s.c
[23.724s] -- Installing: /home/jagdeesh/tracker/install/ros_gz_interfaces/local/lib/python3.10/dist-packages/ros_gz_interfaces/msg/_param_vec_s.c
[23.724s] -- Installing: /home/jagdeesh/tracker/install/ros_gz_interfaces/local/lib/python3.10/dist-packages/ros_gz_interfaces/msg/_track_visual_s.c
[23.724s] -- Installing: /home/jagdeesh/tracker/install/ros_gz_interfaces/local/lib/python3.10/dist-packages/ros_gz_interfaces/msg/_entity_factory_s.c
[23.724s] -- Installing: /home/jagdeesh/tracker/install/ros_gz_interfaces/local/lib/python3.10/dist-packages/ros_gz_interfaces/msg/_world_control_s.c
[23.724s] -- Installing: /home/jagdeesh/tracker/install/ros_gz_interfaces/local/lib/python3.10/dist-packages/ros_gz_interfaces/msg/_entity.py
[23.724s] -- Installing: /home/jagdeesh/tracker/install/ros_gz_interfaces/local/lib/python3.10/dist-packages/ros_gz_interfaces/msg/_contact_s.c
[23.725s] -- Installing: /home/jagdeesh/tracker/install/ros_gz_interfaces/local/lib/python3.10/dist-packages/ros_gz_interfaces/msg/_light.py
[23.725s] -- Installing: /home/jagdeesh/tracker/install/ros_gz_interfaces/local/lib/python3.10/dist-packages/ros_gz_interfaces/msg/_contacts_s.c
[23.725s] -- Installing: /home/jagdeesh/tracker/install/ros_gz_interfaces/local/lib/python3.10/dist-packages/ros_gz_interfaces/msg/_entity_wrench_s.c
[23.725s] -- Installing: /home/jagdeesh/tracker/install/ros_gz_interfaces/local/lib/python3.10/dist-packages/ros_gz_interfaces/msg/_contacts.py
[23.725s] -- Installing: /home/jagdeesh/tracker/install/ros_gz_interfaces/local/lib/python3.10/dist-packages/ros_gz_interfaces/msg/_string_vec_s.c
[23.725s] -- Installing: /home/jagdeesh/tracker/install/ros_gz_interfaces/local/lib/python3.10/dist-packages/ros_gz_interfaces/msg/_float32_array.py
[23.725s] -- Installing: /home/jagdeesh/tracker/install/ros_gz_interfaces/local/lib/python3.10/dist-packages/ros_gz_interfaces/msg/_sensor_noise.py
[23.725s] -- Installing: /home/jagdeesh/tracker/install/ros_gz_interfaces/local/lib/python3.10/dist-packages/ros_gz_interfaces/_ros_gz_interfaces_s.ep.rosidl_typesupport_c.c
[23.725s] -- Installing: /home/jagdeesh/tracker/install/ros_gz_interfaces/local/lib/python3.10/dist-packages/ros_gz_interfaces/ros_gz_interfaces_s__rosidl_typesupport_fastrtps_c.cpython-310-x86_64-linux-gnu.so
[23.725s] -- Installing: /home/jagdeesh/tracker/install/ros_gz_interfaces/local/lib/python3.10/dist-packages/ros_gz_interfaces/ros_gz_interfaces_s__rosidl_typesupport_introspection_c.cpython-310-x86_64-linux-gnu.so
[23.807s] Listing '/home/jagdeesh/tracker/install/ros_gz_interfaces/local/lib/python3.10/dist-packages/ros_gz_interfaces'...
[23.807s] Compiling '/home/jagdeesh/tracker/install/ros_gz_interfaces/local/lib/python3.10/dist-packages/ros_gz_interfaces/__init__.py'...
[23.807s] Listing '/home/jagdeesh/tracker/install/ros_gz_interfaces/local/lib/python3.10/dist-packages/ros_gz_interfaces/msg'...
[23.807s] Compiling '/home/jagdeesh/tracker/install/ros_gz_interfaces/local/lib/python3.10/dist-packages/ros_gz_interfaces/msg/__init__.py'...
[23.807s] Compiling '/home/jagdeesh/tracker/install/ros_gz_interfaces/local/lib/python3.10/dist-packages/ros_gz_interfaces/msg/_altimeter.py'...
[23.807s] Compiling '/home/jagdeesh/tracker/install/ros_gz_interfaces/local/lib/python3.10/dist-packages/ros_gz_interfaces/msg/_contact.py'...
[23.807s] Compiling '/home/jagdeesh/tracker/install/ros_gz_interfaces/local/lib/python3.10/dist-packages/ros_gz_interfaces/msg/_contacts.py'...
[23.807s] Compiling '/home/jagdeesh/tracker/install/ros_gz_interfaces/local/lib/python3.10/dist-packages/ros_gz_interfaces/msg/_dataframe.py'...
[23.807s] Compiling '/home/jagdeesh/tracker/install/ros_gz_interfaces/local/lib/python3.10/dist-packages/ros_gz_interfaces/msg/_entity.py'...
[23.808s] Compiling '/home/jagdeesh/tracker/install/ros_gz_interfaces/local/lib/python3.10/dist-packages/ros_gz_interfaces/msg/_entity_factory.py'...
[23.808s] Compiling '/home/jagdeesh/tracker/install/ros_gz_interfaces/local/lib/python3.10/dist-packages/ros_gz_interfaces/msg/_entity_wrench.py'...
[23.808s] Compiling '/home/jagdeesh/tracker/install/ros_gz_interfaces/local/lib/python3.10/dist-packages/ros_gz_interfaces/msg/_float32_array.py'...
[23.808s] Compiling '/home/jagdeesh/tracker/install/ros_gz_interfaces/local/lib/python3.10/dist-packages/ros_gz_interfaces/msg/_gui_camera.py'...
[23.808s] Compiling '/home/jagdeesh/tracker/install/ros_gz_interfaces/local/lib/python3.10/dist-packages/ros_gz_interfaces/msg/_joint_wrench.py'...
[23.808s] Compiling '/home/jagdeesh/tracker/install/ros_gz_interfaces/local/lib/python3.10/dist-packages/ros_gz_interfaces/msg/_light.py'...
[23.808s] Compiling '/home/jagdeesh/tracker/install/ros_gz_interfaces/local/lib/python3.10/dist-packages/ros_gz_interfaces/msg/_material_color.py'...
[23.808s] Compiling '/home/jagdeesh/tracker/install/ros_gz_interfaces/local/lib/python3.10/dist-packages/ros_gz_interfaces/msg/_param_vec.py'...
[23.808s] Compiling '/home/jagdeesh/tracker/install/ros_gz_interfaces/local/lib/python3.10/dist-packages/ros_gz_interfaces/msg/_sensor_noise.py'...
[23.808s] Compiling '/home/jagdeesh/tracker/install/ros_gz_interfaces/local/lib/python3.10/dist-packages/ros_gz_interfaces/msg/_string_vec.py'...
[23.808s] Compiling '/home/jagdeesh/tracker/install/ros_gz_interfaces/local/lib/python3.10/dist-packages/ros_gz_interfaces/msg/_track_visual.py'...
[23.808s] Compiling '/home/jagdeesh/tracker/install/ros_gz_interfaces/local/lib/python3.10/dist-packages/ros_gz_interfaces/msg/_video_record.py'...
[23.809s] Compiling '/home/jagdeesh/tracker/install/ros_gz_interfaces/local/lib/python3.10/dist-packages/ros_gz_interfaces/msg/_world_control.py'...
[23.809s] Compiling '/home/jagdeesh/tracker/install/ros_gz_interfaces/local/lib/python3.10/dist-packages/ros_gz_interfaces/msg/_world_reset.py'...
[23.809s] Listing '/home/jagdeesh/tracker/install/ros_gz_interfaces/local/lib/python3.10/dist-packages/ros_gz_interfaces/srv'...
[23.809s] Compiling '/home/jagdeesh/tracker/install/ros_gz_interfaces/local/lib/python3.10/dist-packages/ros_gz_interfaces/srv/__init__.py'...
[23.809s] Compiling '/home/jagdeesh/tracker/install/ros_gz_interfaces/local/lib/python3.10/dist-packages/ros_gz_interfaces/srv/_control_world.py'...
[23.809s] Compiling '/home/jagdeesh/tracker/install/ros_gz_interfaces/local/lib/python3.10/dist-packages/ros_gz_interfaces/srv/_delete_entity.py'...
[23.809s] Compiling '/home/jagdeesh/tracker/install/ros_gz_interfaces/local/lib/python3.10/dist-packages/ros_gz_interfaces/srv/_set_entity_pose.py'...
[23.809s] Compiling '/home/jagdeesh/tracker/install/ros_gz_interfaces/local/lib/python3.10/dist-packages/ros_gz_interfaces/srv/_spawn_entity.py'...
[23.814s] -- Installing: /home/jagdeesh/tracker/install/ros_gz_interfaces/local/lib/python3.10/dist-packages/ros_gz_interfaces/ros_gz_interfaces_s__rosidl_typesupport_fastrtps_c.cpython-310-x86_64-linux-gnu.so
[23.814s] -- Set runtime path of "/home/jagdeesh/tracker/install/ros_gz_interfaces/local/lib/python3.10/dist-packages/ros_gz_interfaces/ros_gz_interfaces_s__rosidl_typesupport_fastrtps_c.cpython-310-x86_64-linux-gnu.so" to ""
[23.814s] -- Installing: /home/jagdeesh/tracker/install/ros_gz_interfaces/local/lib/python3.10/dist-packages/ros_gz_interfaces/ros_gz_interfaces_s__rosidl_typesupport_introspection_c.cpython-310-x86_64-linux-gnu.so
[23.815s] -- Set runtime path of "/home/jagdeesh/tracker/install/ros_gz_interfaces/local/lib/python3.10/dist-packages/ros_gz_interfaces/ros_gz_interfaces_s__rosidl_typesupport_introspection_c.cpython-310-x86_64-linux-gnu.so" to ""
[23.815s] -- Installing: /home/jagdeesh/tracker/install/ros_gz_interfaces/local/lib/python3.10/dist-packages/ros_gz_interfaces/ros_gz_interfaces_s__rosidl_typesupport_c.cpython-310-x86_64-linux-gnu.so
[23.816s] -- Set runtime path of "/home/jagdeesh/tracker/install/ros_gz_interfaces/local/lib/python3.10/dist-packages/ros_gz_interfaces/ros_gz_interfaces_s__rosidl_typesupport_c.cpython-310-x86_64-linux-gnu.so" to ""
[23.816s] -- Installing: /home/jagdeesh/tracker/install/ros_gz_interfaces/lib/libros_gz_interfaces__rosidl_generator_py.so
[23.816s] -- Set runtime path of "/home/jagdeesh/tracker/install/ros_gz_interfaces/lib/libros_gz_interfaces__rosidl_generator_py.so" to ""
[23.816s] -- Installing: /home/jagdeesh/tracker/install/ros_gz_interfaces/share/ament_index/resource_index/rust_packages/ros_gz_interfaces
[23.817s] -- Installing: /home/jagdeesh/tracker/install/ros_gz_interfaces/share/ros_gz_interfaces/rust
[23.817s] -- Installing: /home/jagdeesh/tracker/install/ros_gz_interfaces/share/ros_gz_interfaces/rust/src
[23.817s] -- Installing: /home/jagdeesh/tracker/install/ros_gz_interfaces/share/ros_gz_interfaces/rust/src/srv.rs
[23.817s] -- Installing: /home/jagdeesh/tracker/install/ros_gz_interfaces/share/ros_gz_interfaces/rust/src/srv
[23.817s] -- Installing: /home/jagdeesh/tracker/install/ros_gz_interfaces/share/ros_gz_interfaces/rust/src/srv/rmw.rs
[23.817s] -- Installing: /home/jagdeesh/tracker/install/ros_gz_interfaces/share/ros_gz_interfaces/rust/src/lib.rs
[23.817s] -- Installing: /home/jagdeesh/tracker/install/ros_gz_interfaces/share/ros_gz_interfaces/rust/src/msg
[23.817s] -- Installing: /home/jagdeesh/tracker/install/ros_gz_interfaces/share/ros_gz_interfaces/rust/src/msg/rmw.rs
[23.817s] -- Installing: /home/jagdeesh/tracker/install/ros_gz_interfaces/share/ros_gz_interfaces/rust/src/msg.rs
[23.817s] -- Installing: /home/jagdeesh/tracker/install/ros_gz_interfaces/share/ros_gz_interfaces/rust/Cargo.toml
[23.818s] -- Installing: /home/jagdeesh/tracker/install/ros_gz_interfaces/share/ros_gz_interfaces/rust/build.rs
[23.818s] -- Installing: /home/jagdeesh/tracker/install/ros_gz_interfaces/share/ros_gz_interfaces/msg/Altimeter.idl
[23.818s] -- Installing: /home/jagdeesh/tracker/install/ros_gz_interfaces/share/ros_gz_interfaces/msg/Contact.idl
[23.818s] -- Installing: /home/jagdeesh/tracker/install/ros_gz_interfaces/share/ros_gz_interfaces/msg/Contacts.idl
[23.818s] -- Installing: /home/jagdeesh/tracker/install/ros_gz_interfaces/share/ros_gz_interfaces/msg/Dataframe.idl
[23.818s] -- Installing: /home/jagdeesh/tracker/install/ros_gz_interfaces/share/ros_gz_interfaces/msg/Entity.idl
[23.819s] -- Installing: /home/jagdeesh/tracker/install/ros_gz_interfaces/share/ros_gz_interfaces/msg/EntityFactory.idl
[23.820s] -- Installing: /home/jagdeesh/tracker/install/ros_gz_interfaces/share/ros_gz_interfaces/msg/EntityWrench.idl
[23.820s] -- Installing: /home/jagdeesh/tracker/install/ros_gz_interfaces/share/ros_gz_interfaces/msg/Float32Array.idl
[23.820s] -- Installing: /home/jagdeesh/tracker/install/ros_gz_interfaces/share/ros_gz_interfaces/msg/GuiCamera.idl
[23.820s] -- Installing: /home/jagdeesh/tracker/install/ros_gz_interfaces/share/ros_gz_interfaces/msg/JointWrench.idl
[23.821s] -- Installing: /home/jagdeesh/tracker/install/ros_gz_interfaces/share/ros_gz_interfaces/msg/Light.idl
[23.821s] -- Installing: /home/jagdeesh/tracker/install/ros_gz_interfaces/share/ros_gz_interfaces/msg/MaterialColor.idl
[23.821s] -- Installing: /home/jagdeesh/tracker/install/ros_gz_interfaces/share/ros_gz_interfaces/msg/ParamVec.idl
[23.821s] -- Installing: /home/jagdeesh/tracker/install/ros_gz_interfaces/share/ros_gz_interfaces/msg/SensorNoise.idl
[23.821s] -- Installing: /home/jagdeesh/tracker/install/ros_gz_interfaces/share/ros_gz_interfaces/msg/StringVec.idl
[23.821s] -- Installing: /home/jagdeesh/tracker/install/ros_gz_interfaces/share/ros_gz_interfaces/msg/TrackVisual.idl
[23.822s] -- Installing: /home/jagdeesh/tracker/install/ros_gz_interfaces/share/ros_gz_interfaces/msg/VideoRecord.idl
[23.822s] -- Installing: /home/jagdeesh/tracker/install/ros_gz_interfaces/share/ros_gz_interfaces/msg/WorldControl.idl
[23.822s] -- Installing: /home/jagdeesh/tracker/install/ros_gz_interfaces/share/ros_gz_interfaces/msg/WorldReset.idl
[23.822s] -- Installing: /home/jagdeesh/tracker/install/ros_gz_interfaces/share/ros_gz_interfaces/srv/ControlWorld.idl
[23.822s] -- Installing: /home/jagdeesh/tracker/install/ros_gz_interfaces/share/ros_gz_interfaces/srv/DeleteEntity.idl
[23.823s] -- Installing: /home/jagdeesh/tracker/install/ros_gz_interfaces/share/ros_gz_interfaces/srv/SetEntityPose.idl
[23.823s] -- Installing: /home/jagdeesh/tracker/install/ros_gz_interfaces/share/ros_gz_interfaces/srv/SpawnEntity.idl
[23.823s] -- Installing: /home/jagdeesh/tracker/install/ros_gz_interfaces/share/ros_gz_interfaces/msg/Altimeter.msg
[23.823s] -- Installing: /home/jagdeesh/tracker/install/ros_gz_interfaces/share/ros_gz_interfaces/msg/Contact.msg
[23.823s] -- Installing: /home/jagdeesh/tracker/install/ros_gz_interfaces/share/ros_gz_interfaces/msg/Contacts.msg
[23.824s] -- Installing: /home/jagdeesh/tracker/install/ros_gz_interfaces/share/ros_gz_interfaces/msg/Dataframe.msg
[23.824s] -- Installing: /home/jagdeesh/tracker/install/ros_gz_interfaces/share/ros_gz_interfaces/msg/Entity.msg
[23.824s] -- Installing: /home/jagdeesh/tracker/install/ros_gz_interfaces/share/ros_gz_interfaces/msg/EntityFactory.msg
[23.824s] -- Installing: /home/jagdeesh/tracker/install/ros_gz_interfaces/share/ros_gz_interfaces/msg/EntityWrench.msg
[23.824s] -- Installing: /home/jagdeesh/tracker/install/ros_gz_interfaces/share/ros_gz_interfaces/msg/Float32Array.msg
[23.824s] -- Installing: /home/jagdeesh/tracker/install/ros_gz_interfaces/share/ros_gz_interfaces/msg/GuiCamera.msg
[23.825s] -- Installing: /home/jagdeesh/tracker/install/ros_gz_interfaces/share/ros_gz_interfaces/msg/JointWrench.msg
[23.825s] -- Installing: /home/jagdeesh/tracker/install/ros_gz_interfaces/share/ros_gz_interfaces/msg/Light.msg
[23.825s] -- Installing: /home/jagdeesh/tracker/install/ros_gz_interfaces/share/ros_gz_interfaces/msg/MaterialColor.msg
[23.825s] -- Installing: /home/jagdeesh/tracker/install/ros_gz_interfaces/share/ros_gz_interfaces/msg/ParamVec.msg
[23.825s] -- Installing: /home/jagdeesh/tracker/install/ros_gz_interfaces/share/ros_gz_interfaces/msg/SensorNoise.msg
[23.826s] -- Installing: /home/jagdeesh/tracker/install/ros_gz_interfaces/share/ros_gz_interfaces/msg/StringVec.msg
[23.826s] -- Installing: /home/jagdeesh/tracker/install/ros_gz_interfaces/share/ros_gz_interfaces/msg/TrackVisual.msg
[23.827s] -- Installing: /home/jagdeesh/tracker/install/ros_gz_interfaces/share/ros_gz_interfaces/msg/VideoRecord.msg
[23.827s] -- Installing: /home/jagdeesh/tracker/install/ros_gz_interfaces/share/ros_gz_interfaces/msg/WorldControl.msg
[23.827s] -- Installing: /home/jagdeesh/tracker/install/ros_gz_interfaces/share/ros_gz_interfaces/msg/WorldReset.msg
[23.827s] -- Installing: /home/jagdeesh/tracker/install/ros_gz_interfaces/share/ros_gz_interfaces/srv/ControlWorld.srv
[23.828s] -- Installing: /home/jagdeesh/tracker/install/ros_gz_interfaces/share/ros_gz_interfaces/srv/ControlWorld_Request.msg
[23.828s] -- Installing: /home/jagdeesh/tracker/install/ros_gz_interfaces/share/ros_gz_interfaces/srv/ControlWorld_Response.msg
[23.828s] -- Installing: /home/jagdeesh/tracker/install/ros_gz_interfaces/share/ros_gz_interfaces/srv/DeleteEntity.srv
[23.828s] -- Installing: /home/jagdeesh/tracker/install/ros_gz_interfaces/share/ros_gz_interfaces/srv/DeleteEntity_Request.msg
[23.828s] -- Installing: /home/jagdeesh/tracker/install/ros_gz_interfaces/share/ros_gz_interfaces/srv/DeleteEntity_Response.msg
[23.829s] -- Installing: /home/jagdeesh/tracker/install/ros_gz_interfaces/share/ros_gz_interfaces/srv/SetEntityPose.srv
[23.829s] -- Installing: /home/jagdeesh/tracker/install/ros_gz_interfaces/share/ros_gz_interfaces/srv/SetEntityPose_Request.msg
[23.829s] -- Installing: /home/jagdeesh/tracker/install/ros_gz_interfaces/share/ros_gz_interfaces/srv/SetEntityPose_Response.msg
[23.829s] -- Installing: /home/jagdeesh/tracker/install/ros_gz_interfaces/share/ros_gz_interfaces/srv/SpawnEntity.srv
[23.829s] -- Installing: /home/jagdeesh/tracker/install/ros_gz_interfaces/share/ros_gz_interfaces/srv/SpawnEntity_Request.msg
[23.829s] -- Installing: /home/jagdeesh/tracker/install/ros_gz_interfaces/share/ros_gz_interfaces/srv/SpawnEntity_Response.msg
[23.830s] -- Installing: /home/jagdeesh/tracker/install/ros_gz_interfaces/share/ament_index/resource_index/package_run_dependencies/ros_gz_interfaces
[23.830s] -- Installing: /home/jagdeesh/tracker/install/ros_gz_interfaces/share/ament_index/resource_index/parent_prefix_path/ros_gz_interfaces
[23.830s] -- Installing: /home/jagdeesh/tracker/install/ros_gz_interfaces/share/ros_gz_interfaces/environment/ament_prefix_path.sh
[23.830s] -- Installing: /home/jagdeesh/tracker/install/ros_gz_interfaces/share/ros_gz_interfaces/environment/ament_prefix_path.dsv
[23.830s] -- Installing: /home/jagdeesh/tracker/install/ros_gz_interfaces/share/ros_gz_interfaces/environment/path.sh
[23.831s] -- Installing: /home/jagdeesh/tracker/install/ros_gz_interfaces/share/ros_gz_interfaces/environment/path.dsv
[23.831s] -- Installing: /home/jagdeesh/tracker/install/ros_gz_interfaces/share/ros_gz_interfaces/local_setup.bash
[23.831s] -- Installing: /home/jagdeesh/tracker/install/ros_gz_interfaces/share/ros_gz_interfaces/local_setup.sh
[23.831s] -- Installing: /home/jagdeesh/tracker/install/ros_gz_interfaces/share/ros_gz_interfaces/local_setup.zsh
[23.831s] -- Installing: /home/jagdeesh/tracker/install/ros_gz_interfaces/share/ros_gz_interfaces/local_setup.dsv
[23.832s] -- Installing: /home/jagdeesh/tracker/install/ros_gz_interfaces/share/ros_gz_interfaces/package.dsv
[23.832s] -- Installing: /home/jagdeesh/tracker/install/ros_gz_interfaces/share/ament_index/resource_index/packages/ros_gz_interfaces
[23.832s] -- Installing: /home/jagdeesh/tracker/install/ros_gz_interfaces/share/ros_gz_interfaces/cmake/export_ros_gz_interfaces__rosidl_generator_cExport.cmake
[23.832s] -- Installing: /home/jagdeesh/tracker/install/ros_gz_interfaces/share/ros_gz_interfaces/cmake/export_ros_gz_interfaces__rosidl_generator_cExport-release.cmake
[23.833s] -- Installing: /home/jagdeesh/tracker/install/ros_gz_interfaces/share/ros_gz_interfaces/cmake/export_ros_gz_interfaces__rosidl_typesupport_fastrtps_cExport.cmake
[23.834s] -- Installing: /home/jagdeesh/tracker/install/ros_gz_interfaces/share/ros_gz_interfaces/cmake/export_ros_gz_interfaces__rosidl_typesupport_fastrtps_cExport-release.cmake
[23.834s] -- Installing: /home/jagdeesh/tracker/install/ros_gz_interfaces/share/ros_gz_interfaces/cmake/export_ros_gz_interfaces__rosidl_generator_cppExport.cmake
[23.834s] -- Installing: /home/jagdeesh/tracker/install/ros_gz_interfaces/share/ros_gz_interfaces/cmake/export_ros_gz_interfaces__rosidl_typesupport_fastrtps_cppExport.cmake
[23.834s] -- Installing: /home/jagdeesh/tracker/install/ros_gz_interfaces/share/ros_gz_interfaces/cmake/export_ros_gz_interfaces__rosidl_typesupport_fastrtps_cppExport-release.cmake
[23.834s] -- Installing: /home/jagdeesh/tracker/install/ros_gz_interfaces/share/ros_gz_interfaces/cmake/ros_gz_interfaces__rosidl_typesupport_introspection_cExport.cmake
[23.835s] -- Installing: /home/jagdeesh/tracker/install/ros_gz_interfaces/share/ros_gz_interfaces/cmake/ros_gz_interfaces__rosidl_typesupport_introspection_cExport-release.cmake
[23.835s] -- Installing: /home/jagdeesh/tracker/install/ros_gz_interfaces/share/ros_gz_interfaces/cmake/ros_gz_interfaces__rosidl_typesupport_cExport.cmake
[23.835s] -- Installing: /home/jagdeesh/tracker/install/ros_gz_interfaces/share/ros_gz_interfaces/cmake/ros_gz_interfaces__rosidl_typesupport_cExport-release.cmake
[23.835s] -- Installing: /home/jagdeesh/tracker/install/ros_gz_interfaces/share/ros_gz_interfaces/cmake/ros_gz_interfaces__rosidl_typesupport_introspection_cppExport.cmake
[23.836s] -- Installing: /home/jagdeesh/tracker/install/ros_gz_interfaces/share/ros_gz_interfaces/cmake/ros_gz_interfaces__rosidl_typesupport_introspection_cppExport-release.cmake
[23.836s] -- Installing: /home/jagdeesh/tracker/install/ros_gz_interfaces/share/ros_gz_interfaces/cmake/ros_gz_interfaces__rosidl_typesupport_cppExport.cmake
[23.836s] -- Installing: /home/jagdeesh/tracker/install/ros_gz_interfaces/share/ros_gz_interfaces/cmake/ros_gz_interfaces__rosidl_typesupport_cppExport-release.cmake
[23.836s] -- Installing: /home/jagdeesh/tracker/install/ros_gz_interfaces/share/ros_gz_interfaces/cmake/export_ros_gz_interfaces__rosidl_generator_pyExport.cmake
[23.837s] -- Installing: /home/jagdeesh/tracker/install/ros_gz_interfaces/share/ros_gz_interfaces/cmake/export_ros_gz_interfaces__rosidl_generator_pyExport-release.cmake
[23.837s] -- Installing: /home/jagdeesh/tracker/install/ros_gz_interfaces/share/ros_gz_interfaces/cmake/rosidl_cmake-extras.cmake
[23.837s] -- Installing: /home/jagdeesh/tracker/install/ros_gz_interfaces/share/ros_gz_interfaces/cmake/ament_cmake_export_dependencies-extras.cmake
[23.837s] -- Installing: /home/jagdeesh/tracker/install/ros_gz_interfaces/share/ros_gz_interfaces/cmake/ament_cmake_export_include_directories-extras.cmake
[23.837s] -- Installing: /home/jagdeesh/tracker/install/ros_gz_interfaces/share/ros_gz_interfaces/cmake/ament_cmake_export_libraries-extras.cmake
[23.838s] -- Installing: /home/jagdeesh/tracker/install/ros_gz_interfaces/share/ros_gz_interfaces/cmake/ament_cmake_export_targets-extras.cmake
[23.838s] -- Installing: /home/jagdeesh/tracker/install/ros_gz_interfaces/share/ros_gz_interfaces/cmake/rosidl_cmake_export_typesupport_targets-extras.cmake
[23.838s] -- Installing: /home/jagdeesh/tracker/install/ros_gz_interfaces/share/ros_gz_interfaces/cmake/rosidl_cmake_export_typesupport_libraries-extras.cmake
[23.838s] -- Installing: /home/jagdeesh/tracker/install/ros_gz_interfaces/share/ros_gz_interfaces/cmake/ros_gz_interfacesConfig.cmake
[23.838s] -- Installing: /home/jagdeesh/tracker/install/ros_gz_interfaces/share/ros_gz_interfaces/cmake/ros_gz_interfacesConfig-version.cmake
[23.839s] -- Installing: /home/jagdeesh/tracker/install/ros_gz_interfaces/share/ros_gz_interfaces/package.xml
[23.843s] Invoked command in '/home/jagdeesh/tracker/build/ros_gz_interfaces' returned '0': CMAKE_PREFIX_PATH=/opt/ros/humble /usr/bin/cmake --install /home/jagdeesh/tracker/build/ros_gz_interfaces
